game_id,game_date,season_id,team_name_home,team_name_away,pts_home,pts_away,wl_home,wl_away,fga_home,oreb_home,tov_home,fta_home,fga_away,oreb_away,tov_away,fta_away
espn_20231024_401584689,2023-10-24,22023,Denver Nuggets,Los Angeles Lakers,119.0,107.0,W,L,91.0,,,12.0,90.0,,,20.0
espn_20231024_401584690,2023-10-24,22023,Golden State Warriors,Phoenix Suns,104.0,108.0,L,W,101.0,,,28.0,95.0,,,17.0
espn_20231025_401584691,2023-10-25,22023,Charlotte Hornets,Atlanta Hawks,116.0,110.0,W,L,86.0,,,26.0,93.0,,,33.0
espn_20231025_401584692,2023-10-25,22023,Indiana Pacers,Washington Wizards,143.0,120.0,W,L,107.0,,,12.0,96.0,,,29.0
espn_20231025_401584693,2023-10-25,22023,New York Knicks,Boston Celtics,104.0,108.0,L,W,97.0,,,26.0,77.0,,,26.0
espn_20231025_401584694,2023-10-25,22023,Orlando Magic,Houston Rockets,116.0,86.0,W,L,87.0,,,26.0,79.0,,,16.0
espn_20231025_401584695,2023-10-25,22023,Brooklyn Nets,Cleveland Cavaliers,113.0,114.0,L,W,84.0,,,26.0,94.0,,,10.0
espn_20231025_401584696,2023-10-25,22023,Miami Heat,Detroit Pistons,103.0,102.0,W,L,92.0,,,26.0,92.0,,,15.0
espn_20231025_401584697,2023-10-25,22023,Toronto Raptors,Minnesota Timberwolves,97.0,94.0,W,L,90.0,,,16.0,100.0,,,22.0
espn_20231025_401584698,2023-10-25,22023,Chicago Bulls,Oklahoma City Thunder,104.0,124.0,L,W,94.0,,,18.0,82.0,,,18.0
espn_20231025_401584699,2023-10-25,22023,Memphis Grizzlies,New Orleans Pelicans,104.0,111.0,L,W,91.0,,,20.0,85.0,,,22.0
espn_20231025_401584700,2023-10-25,22023,Utah Jazz,Sacramento Kings,114.0,130.0,L,W,91.0,,,31.0,102.0,,,20.0
espn_20231025_401584701,2023-10-25,22023,San Antonio Spurs,Dallas Mavericks,119.0,126.0,L,W,89.0,,,22.0,99.0,,,23.0
espn_20231025_401584702,2023-10-25,22023,LA Clippers,Portland Trail Blazers,123.0,111.0,W,L,90.0,,,16.0,93.0,,,17.0
espn_20231026_401584704,2023-10-26,22023,Los Angeles Lakers,Phoenix Suns,100.0,95.0,W,L,84.0,,,29.0,81.0,,,23.0
espn_20231026_401584703,2023-10-26,22023,Milwaukee Bucks,Philadelphia 76ers,118.0,117.0,W,L,81.0,,,36.0,80.0,,,28.0
espn_20231027_401584705,2023-10-27,22023,Charlotte Hornets,Detroit Pistons,99.0,111.0,L,W,88.0,,,34.0,88.0,,,25.0
espn_20231027_401584706,2023-10-27,22023,Memphis Grizzlies,Denver Nuggets,104.0,108.0,L,W,84.0,,,24.0,88.0,,,18.0
espn_20231027_401584707,2023-10-27,22023,Atlanta Hawks,New York Knicks,120.0,126.0,L,W,87.0,,,30.0,90.0,,,28.0
espn_20231027_401584708,2023-10-27,22023,Boston Celtics,Miami Heat,119.0,111.0,W,L,95.0,,,19.0,89.0,,,23.0
espn_20231027_401584709,2023-10-27,22023,Cleveland Cavaliers,Oklahoma City Thunder,105.0,108.0,L,W,92.0,,,23.0,87.0,,,19.0
espn_20231027_401584710,2023-10-27,22023,Chicago Bulls,Toronto Raptors,104.0,103.0,W,L,99.0,,,28.0,84.0,,,25.0
espn_20231027_401584711,2023-10-27,22023,San Antonio Spurs,Houston Rockets,126.0,122.0,W,L,94.0,,,28.0,100.0,,,20.0
espn_20231027_401584712,2023-10-27,22023,Dallas Mavericks,Brooklyn Nets,125.0,120.0,W,L,91.0,,,28.0,92.0,,,10.0
espn_20231027_401584713,2023-10-27,22023,Utah Jazz,LA Clippers,120.0,118.0,W,L,96.0,,,22.0,77.0,,,28.0
espn_20231027_401584714,2023-10-27,22023,Portland Trail Blazers,Orlando Magic,97.0,102.0,L,W,88.0,,,21.0,79.0,,,32.0
espn_20231027_401584715,2023-10-27,22023,Sacramento Kings,Golden State Warriors,114.0,122.0,L,W,94.0,,,29.0,87.0,,,14.0
espn_20231028_401584722,2023-10-28,22023,Phoenix Suns,Utah Jazz,126.0,104.0,W,L,85.0,,,28.0,91.0,,,14.0
espn_20231028_401584721,2023-10-28,22023,Minnesota Timberwolves,Miami Heat,106.0,90.0,W,L,86.0,,,8.0,87.0,,,14.0
espn_20231028_401584720,2023-10-28,22023,Toronto Raptors,Philadelphia 76ers,107.0,114.0,L,W,87.0,,,19.0,86.0,,,21.0
espn_20231028_401584718,2023-10-28,22023,New Orleans Pelicans,New York Knicks,96.0,87.0,W,L,87.0,,,16.0,90.0,,,18.0
espn_20231028_401584717,2023-10-28,22023,Washington Wizards,Memphis Grizzlies,113.0,106.0,W,L,93.0,,,22.0,91.0,,,9.0
espn_20231028_401584716,2023-10-28,22023,Detroit Pistons,Chicago Bulls,118.0,102.0,W,L,86.0,,,20.0,93.0,,,16.0
espn_20231028_401584719,2023-10-28,22023,Cleveland Cavaliers,Indiana Pacers,113.0,125.0,L,W,99.0,,,24.0,98.0,,,17.0
espn_20231029_401584723,2023-10-29,22023,Oklahoma City Thunder,Denver Nuggets,95.0,128.0,L,W,90.0,,,18.0,88.0,,,13.0
espn_20231029_401584724,2023-10-29,22023,Houston Rockets,Golden State Warriors,95.0,106.0,L,W,90.0,,,19.0,81.0,,,23.0
espn_20231029_401584725,2023-10-29,22023,Milwaukee Bucks,Atlanta Hawks,110.0,127.0,L,W,86.0,,,20.0,93.0,,,22.0
espn_20231029_401584726,2023-10-29,22023,Philadelphia 76ers,Portland Trail Blazers,126.0,98.0,W,L,82.0,,,40.0,94.0,,,22.0
espn_20231029_401584727,2023-10-29,22023,LA Clippers,San Antonio Spurs,123.0,83.0,W,L,91.0,,,21.0,80.0,,,16.0
espn_20231029_401584728,2023-10-29,22023,Sacramento Kings,Los Angeles Lakers,132.0,127.0,W,L,104.0,,,24.0,98.0,,,34.0
espn_20231030_401584734,2023-10-30,22023,Memphis Grizzlies,Dallas Mavericks,110.0,125.0,L,W,92.0,,,20.0,84.0,,,24.0
espn_20231030_401584739,2023-10-30,22023,Los Angeles Lakers,Orlando Magic,106.0,103.0,W,L,79.0,,,18.0,95.0,,,18.0
espn_20231030_401584738,2023-10-30,22023,Denver Nuggets,Utah Jazz,110.0,102.0,W,L,84.0,,,17.0,98.0,,,15.0
espn_20231030_401584737,2023-10-30,22023,Oklahoma City Thunder,Detroit Pistons,124.0,112.0,W,L,83.0,,,28.0,91.0,,,24.0
espn_20231030_401584736,2023-10-30,22023,New Orleans Pelicans,Golden State Warriors,102.0,130.0,L,W,93.0,,,26.0,98.0,,,20.0
espn_20231030_401584735,2023-10-30,22023,Milwaukee Bucks,Miami Heat,122.0,114.0,W,L,87.0,,,30.0,86.0,,,20.0
espn_20231030_401584732,2023-10-30,22023,Atlanta Hawks,Minnesota Timberwolves,127.0,113.0,W,L,86.0,,,18.0,90.0,,,15.0
espn_20231030_401584731,2023-10-30,22023,Washington Wizards,Boston Celtics,107.0,126.0,L,W,87.0,,,26.0,102.0,,,7.0
espn_20231030_401584730,2023-10-30,22023,Indiana Pacers,Chicago Bulls,105.0,112.0,L,W,88.0,,,25.0,87.0,,,31.0
espn_20231030_401584729,2023-10-30,22023,Charlotte Hornets,Brooklyn Nets,121.0,133.0,L,W,96.0,,,20.0,87.0,,,32.0
espn_20231030_401584733,2023-10-30,22023,Toronto Raptors,Portland Trail Blazers,91.0,99.0,L,W,94.0,,,15.0,85.0,,,15.0
espn_20231031_401584740,2023-10-31,22023,Cleveland Cavaliers,New York Knicks,91.0,109.0,L,W,92.0,,,12.0,86.0,,,25.0
espn_20231031_401584741,2023-10-31,22023,Phoenix Suns,San Antonio Spurs,114.0,115.0,L,W,83.0,,,15.0,92.0,,,20.0
espn_20231031_401584742,2023-10-31,22023,LA Clippers,Orlando Magic,118.0,102.0,W,L,89.0,,,23.0,81.0,,,33.0
espn_20231101_401584752,2023-11-01,22023,Dallas Mavericks,Chicago Bulls,114.0,105.0,W,L,81.0,,,28.0,89.0,,,11.0
espn_20231101_401584753,2023-11-01,22023,Utah Jazz,Memphis Grizzlies,133.0,109.0,W,L,87.0,,,24.0,96.0,,,32.0
espn_20231101_401584751,2023-11-01,22023,Minnesota Timberwolves,Denver Nuggets,110.0,89.0,W,L,83.0,,,27.0,96.0,,,10.0
espn_20231101_401584755,2023-11-01,22023,Los Angeles Lakers,LA Clippers,130.0,125.0,W,L,90.0,,,36.0,99.0,,,27.0
espn_20231101_401584754,2023-11-01,22023,Golden State Warriors,Sacramento Kings,102.0,101.0,W,L,81.0,,,15.0,88.0,,,23.0
espn_20231101_401584749,2023-11-01,22023,Oklahoma City Thunder,New Orleans Pelicans,106.0,110.0,L,W,88.0,,,25.0,102.0,,,29.0
espn_20231101_401584750,2023-11-01,22023,Houston Rockets,Charlotte Hornets,128.0,119.0,W,L,84.0,,,23.0,90.0,,,25.0
espn_20231101_401584747,2023-11-01,22023,Miami Heat,Brooklyn Nets,105.0,109.0,L,W,91.0,,,18.0,82.0,,,26.0
espn_20231101_401584746,2023-11-01,22023,Boston Celtics,Indiana Pacers,155.0,104.0,W,L,95.0,,,28.0,101.0,,,12.0
espn_20231101_401584745,2023-11-01,22023,Atlanta Hawks,Washington Wizards,130.0,121.0,W,L,92.0,,,32.0,101.0,,,14.0
espn_20231101_401584744,2023-11-01,22023,Toronto Raptors,Milwaukee Bucks,130.0,111.0,W,L,91.0,,,14.0,76.0,,,38.0
espn_20231101_401584743,2023-11-01,22023,Detroit Pistons,Portland Trail Blazers,101.0,110.0,L,W,90.0,,,11.0,81.0,,,33.0
espn_20231101_401584748,2023-11-01,22023,New York Knicks,Cleveland Cavaliers,89.0,95.0,L,W,92.0,,,30.0,74.0,,,20.0
espn_20231102_401584756,2023-11-02,22023,Philadelphia 76ers,Toronto Raptors,114.0,99.0,W,L,92.0,,,25.0,79.0,,,19.0
espn_20231102_401584757,2023-11-02,22023,New Orleans Pelicans,Detroit Pistons,125.0,116.0,W,L,80.0,,,35.0,94.0,,,26.0
espn_20231102_401584758,2023-11-02,22023,Utah Jazz,Orlando Magic,113.0,115.0,L,W,89.0,,,26.0,85.0,,,36.0
espn_20231102_401584759,2023-11-02,22023,Phoenix Suns,San Antonio Spurs,121.0,132.0,L,W,80.0,,,26.0,98.0,,,13.0
espn_20231103_401584092,2023-11-03,22023,Chicago Bulls,Brooklyn Nets,107.0,109.0,L,W,89.0,,,14.0,96.0,,,5.0
espn_20231103_401584095,2023-11-03,22023,Portland Trail Blazers,Memphis Grizzlies,115.0,113.0,W,L,96.0,,,36.0,96.0,,,13.0
espn_20231103_401584094,2023-11-03,22023,Denver Nuggets,Dallas Mavericks,125.0,114.0,W,L,93.0,,,19.0,86.0,,,17.0
espn_20231103_401584093,2023-11-03,22023,Oklahoma City Thunder,Golden State Warriors,139.0,141.0,L,W,83.0,,,30.0,92.0,,,30.0
espn_20231103_401584089,2023-11-03,22023,Indiana Pacers,Cleveland Cavaliers,121.0,116.0,W,L,86.0,,,24.0,84.0,,,25.0
espn_20231103_401584091,2023-11-03,22023,Miami Heat,Washington Wizards,121.0,114.0,W,L,80.0,,,14.0,81.0,,,17.0
espn_20231103_401584090,2023-11-03,22023,Milwaukee Bucks,New York Knicks,110.0,105.0,W,L,82.0,,,28.0,96.0,,,25.0
espn_20231104_401584765,2023-11-04,22023,Houston Rockets,Sacramento Kings,107.0,89.0,W,L,87.0,,,20.0,84.0,,,19.0
espn_20231104_401584766,2023-11-04,22023,Minnesota Timberwolves,Utah Jazz,123.0,95.0,W,L,81.0,,,31.0,91.0,,,17.0
espn_20231104_401584767,2023-11-04,22023,Denver Nuggets,Chicago Bulls,123.0,101.0,W,L,81.0,,,30.0,86.0,,,23.0
espn_20231104_401584764,2023-11-04,22023,Brooklyn Nets,Boston Celtics,114.0,124.0,L,W,100.0,,,17.0,90.0,,,27.0
espn_20231104_401584760,2023-11-04,22023,Philadelphia 76ers,Phoenix Suns,112.0,100.0,W,L,90.0,,,18.0,89.0,,,33.0
espn_20231104_401584762,2023-11-04,22023,Orlando Magic,Los Angeles Lakers,120.0,101.0,W,L,101.0,,,19.0,84.0,,,21.0
espn_20231104_401584761,2023-11-04,22023,Indiana Pacers,Charlotte Hornets,124.0,125.0,L,W,93.0,,,16.0,88.0,,,23.0
espn_20231104_401584763,2023-11-04,22023,New Orleans Pelicans,Atlanta Hawks,105.0,123.0,L,W,84.0,,,21.0,93.0,,,24.0
espn_20231105_401584771,2023-11-05,22023,Dallas Mavericks,Charlotte Hornets,124.0,118.0,W,L,91.0,,,32.0,99.0,,,21.0
espn_20231105_401584770,2023-11-05,22023,Cleveland Cavaliers,Golden State Warriors,115.0,104.0,W,L,83.0,,,28.0,94.0,,,30.0
espn_20231105_401584772,2023-11-05,22023,Portland Trail Blazers,Memphis Grizzlies,100.0,112.0,L,W,95.0,,,15.0,89.0,,,13.0
espn_20231105_401584768,2023-11-05,22023,Detroit Pistons,Phoenix Suns,106.0,120.0,L,W,87.0,,,14.0,86.0,,,29.0
espn_20231105_401584769,2023-11-05,22023,San Antonio Spurs,Toronto Raptors,116.0,123.0,L,W,96.0,,,13.0,97.0,,,26.0
espn_20231106_401584784,2023-11-06,22023,Denver Nuggets,New Orleans Pelicans,134.0,116.0,W,L,95.0,,,23.0,90.0,,,15.0
espn_20231106_401584780,2023-11-06,22023,Chicago Bulls,Utah Jazz,130.0,113.0,W,L,93.0,,,19.0,86.0,,,17.0
espn_20231106_401584783,2023-11-06,22023,Oklahoma City Thunder,Atlanta Hawks,126.0,117.0,W,L,94.0,,,23.0,102.0,,,32.0
espn_20231106_401584782,2023-11-06,22023,Minnesota Timberwolves,Boston Celtics,114.0,109.0,W,L,85.0,,,25.0,92.0,,,34.0
espn_20231106_401584781,2023-11-06,22023,Houston Rockets,Sacramento Kings,122.0,97.0,W,L,75.0,,,27.0,81.0,,,20.0
espn_20231106_401584779,2023-11-06,22023,New York Knicks,LA Clippers,111.0,97.0,W,L,88.0,,,18.0,73.0,,,16.0
espn_20231106_401584773,2023-11-06,22023,Detroit Pistons,Golden State Warriors,109.0,120.0,L,W,80.0,,,21.0,97.0,,,21.0
espn_20231106_401584777,2023-11-06,22023,Brooklyn Nets,Milwaukee Bucks,125.0,129.0,L,W,101.0,,,13.0,96.0,,,24.0
espn_20231106_401584776,2023-11-06,22023,Philadelphia 76ers,Washington Wizards,146.0,128.0,W,L,91.0,,,36.0,96.0,,,20.0
espn_20231106_401584775,2023-11-06,22023,Orlando Magic,Dallas Mavericks,102.0,117.0,L,W,85.0,,,18.0,82.0,,,28.0
espn_20231106_401584774,2023-11-06,22023,Indiana Pacers,San Antonio Spurs,152.0,111.0,W,L,95.0,,,23.0,94.0,,,30.0
espn_20231106_401584778,2023-11-06,22023,Miami Heat,Los Angeles Lakers,108.0,107.0,W,L,88.0,,,16.0,81.0,,,14.0
espn_20231108_401584798,2023-11-08,22023,Sacramento Kings,Portland Trail Blazers,121.0,118.0,W,L,89.0,,,38.0,87.0,,,29.0
espn_20231108_401584797,2023-11-08,22023,Denver Nuggets,Golden State Warriors,108.0,105.0,W,L,92.0,,,22.0,86.0,,,26.0
espn_20231108_401584796,2023-11-08,22023,Dallas Mavericks,Toronto Raptors,116.0,127.0,L,W,84.0,,,31.0,99.0,,,27.0
espn_20231108_401584795,2023-11-08,22023,Oklahoma City Thunder,Cleveland Cavaliers,128.0,120.0,W,L,86.0,,,30.0,83.0,,,37.0
espn_20231108_401584794,2023-11-08,22023,Minnesota Timberwolves,New Orleans Pelicans,122.0,101.0,W,L,82.0,,,24.0,93.0,,,22.0
espn_20231108_401584793,2023-11-08,22023,Milwaukee Bucks,Detroit Pistons,120.0,118.0,W,L,90.0,,,32.0,98.0,,,16.0
espn_20231108_401584792,2023-11-08,22023,Memphis Grizzlies,Miami Heat,102.0,108.0,L,W,90.0,,,28.0,77.0,,,32.0
espn_20231108_401584790,2023-11-08,22023,Chicago Bulls,Phoenix Suns,115.0,116.0,L,W,96.0,,,23.0,90.0,,,25.0
espn_20231108_401584789,2023-11-08,22023,New York Knicks,San Antonio Spurs,126.0,105.0,W,L,100.0,,,22.0,90.0,,,13.0
espn_20231108_401584788,2023-11-08,22023,Brooklyn Nets,LA Clippers,100.0,93.0,W,L,92.0,,,13.0,91.0,,,13.0
espn_20231108_401584787,2023-11-08,22023,Philadelphia 76ers,Boston Celtics,106.0,103.0,W,L,95.0,,,15.0,91.0,,,19.0
espn_20231108_401584786,2023-11-08,22023,Indiana Pacers,Utah Jazz,134.0,118.0,W,L,101.0,,,20.0,96.0,,,18.0
espn_20231108_401584785,2023-11-08,22023,Charlotte Hornets,Washington Wizards,116.0,132.0,L,W,79.0,,,35.0,97.0,,,25.0
espn_20231108_401584791,2023-11-08,22023,Houston Rockets,Los Angeles Lakers,128.0,94.0,W,L,93.0,,,19.0,85.0,,,24.0
espn_20231109_401584800,2023-11-09,22023,Orlando Magic,Atlanta Hawks,119.0,120.0,L,W,90.0,,,35.0,85.0,,,30.0
espn_20231109_401584799,2023-11-09,22023,Indiana Pacers,Milwaukee Bucks,126.0,124.0,W,L,92.0,,,20.0,87.0,,,26.0
espn_20231110_401584103,2023-11-10,22023,Phoenix Suns,Los Angeles Lakers,119.0,122.0,L,W,94.0,,,27.0,84.0,,,34.0
espn_20231110_401584102,2023-11-10,22023,Dallas Mavericks,LA Clippers,144.0,126.0,W,L,98.0,,,26.0,88.0,,,36.0
espn_20231110_401584104,2023-11-10,22023,Sacramento Kings,Oklahoma City Thunder,105.0,98.0,W,L,91.0,,,21.0,87.0,,,16.0
espn_20231110_401584101,2023-11-10,22023,San Antonio Spurs,Minnesota Timberwolves,110.0,117.0,L,W,92.0,,,19.0,87.0,,,27.0
espn_20231110_401584096,2023-11-10,22023,Detroit Pistons,Philadelphia 76ers,106.0,114.0,L,W,86.0,,,22.0,83.0,,,41.0
espn_20231110_401584099,2023-11-10,22023,Houston Rockets,New Orleans Pelicans,104.0,101.0,W,L,88.0,,,28.0,75.0,,,34.0
espn_20231110_401584097,2023-11-10,22023,Washington Wizards,Charlotte Hornets,117.0,124.0,L,W,88.0,,,20.0,110.0,,,28.0
espn_20231110_401584100,2023-11-10,22023,Memphis Grizzlies,Utah Jazz,121.0,127.0,L,W,101.0,,,13.0,76.0,,,29.0
espn_20231110_401584098,2023-11-10,22023,Boston Celtics,Brooklyn Nets,121.0,107.0,W,L,94.0,,,28.0,85.0,,,18.0
espn_20231111_401584801,2023-11-11,22023,Orlando Magic,Milwaukee Bucks,112.0,97.0,W,L,84.0,,,35.0,77.0,,,25.0
espn_20231111_401584802,2023-11-11,22023,Boston Celtics,Toronto Raptors,117.0,94.0,W,L,86.0,,,13.0,91.0,,,16.0
espn_20231111_401584803,2023-11-11,22023,Atlanta Hawks,Miami Heat,109.0,117.0,L,W,87.0,,,18.0,84.0,,,25.0
espn_20231111_401584804,2023-11-11,22023,Golden State Warriors,Cleveland Cavaliers,110.0,118.0,L,W,90.0,,,30.0,86.0,,,43.0
espn_20231112_401584812,2023-11-12,22023,San Antonio Spurs,Miami Heat,113.0,118.0,L,W,91.0,,,12.0,89.0,,,30.0
espn_20231112_401584815,2023-11-12,22023,Los Angeles Lakers,Portland Trail Blazers,116.0,110.0,W,L,84.0,,,37.0,90.0,,,9.0
espn_20231112_401584814,2023-11-12,22023,Golden State Warriors,Minnesota Timberwolves,110.0,116.0,L,W,96.0,,,28.0,82.0,,,30.0
espn_20231112_401584813,2023-11-12,22023,Phoenix Suns,Oklahoma City Thunder,99.0,111.0,L,W,83.0,,,31.0,82.0,,,25.0
espn_20231112_401584811,2023-11-12,22023,New Orleans Pelicans,Dallas Mavericks,124.0,136.0,L,W,92.0,,,22.0,102.0,,,21.0
espn_20231112_401584810,2023-11-12,22023,Houston Rockets,Denver Nuggets,107.0,104.0,W,L,87.0,,,29.0,91.0,,,14.0
espn_20231112_401584809,2023-11-12,22023,Chicago Bulls,Detroit Pistons,119.0,108.0,W,L,91.0,,,25.0,88.0,,,26.0
espn_20231112_401584808,2023-11-12,22023,Philadelphia 76ers,Indiana Pacers,137.0,126.0,W,L,105.0,,,20.0,90.0,,,19.0
espn_20231112_401584807,2023-11-12,22023,LA Clippers,Memphis Grizzlies,101.0,105.0,L,W,85.0,,,23.0,88.0,,,24.0
espn_20231112_401584806,2023-11-12,22023,Brooklyn Nets,Washington Wizards,102.0,94.0,W,L,98.0,,,20.0,88.0,,,25.0
espn_20231112_401584805,2023-11-12,22023,New York Knicks,Charlotte Hornets,129.0,107.0,W,L,87.0,,,30.0,94.0,,,11.0
espn_20231113_401584816,2023-11-13,22023,Boston Celtics,New York Knicks,114.0,98.0,W,L,79.0,,,16.0,79.0,,,24.0
espn_20231113_401584817,2023-11-13,22023,Toronto Raptors,Washington Wizards,111.0,107.0,W,L,90.0,,,25.0,84.0,,,12.0
espn_20231113_401584818,2023-11-13,22023,Milwaukee Bucks,Chicago Bulls,118.0,109.0,W,L,89.0,,,27.0,100.0,,,21.0
espn_20231113_401584819,2023-11-13,22023,Sacramento Kings,Cleveland Cavaliers,132.0,120.0,W,L,83.0,,,22.0,91.0,,,17.0
espn_20231114_401584112,2023-11-14,22023,Denver Nuggets,LA Clippers,111.0,108.0,W,L,73.0,,,32.0,86.0,,,24.0
espn_20231114_401584111,2023-11-14,22023,Utah Jazz,Portland Trail Blazers,115.0,99.0,W,L,95.0,,,15.0,88.0,,,20.0
espn_20231114_401584114,2023-11-14,22023,Los Angeles Lakers,Memphis Grizzlies,134.0,107.0,W,L,81.0,,,24.0,106.0,,,12.0
espn_20231114_401584113,2023-11-14,22023,Golden State Warriors,Minnesota Timberwolves,101.0,104.0,L,W,88.0,,,16.0,81.0,,,21.0
espn_20231114_401584110,2023-11-14,22023,New Orleans Pelicans,Dallas Mavericks,131.0,110.0,W,L,94.0,,,26.0,90.0,,,26.0
espn_20231114_401584109,2023-11-14,22023,Oklahoma City Thunder,San Antonio Spurs,123.0,87.0,W,L,89.0,,,20.0,93.0,,,9.0
espn_20231114_401584108,2023-11-14,22023,Brooklyn Nets,Orlando Magic,124.0,104.0,W,L,85.0,,,20.0,82.0,,,21.0
espn_20231114_401584107,2023-11-14,22023,Philadelphia 76ers,Indiana Pacers,126.0,132.0,L,W,86.0,,,35.0,93.0,,,33.0
espn_20231114_401584106,2023-11-14,22023,Detroit Pistons,Atlanta Hawks,120.0,126.0,L,W,90.0,,,23.0,87.0,,,26.0
espn_20231114_401584105,2023-11-14,22023,Charlotte Hornets,Miami Heat,105.0,111.0,L,W,81.0,,,22.0,83.0,,,28.0
espn_20231115_401584820,2023-11-15,22023,Washington Wizards,Dallas Mavericks,117.0,130.0,L,W,89.0,,,23.0,92.0,,,29.0
espn_20231115_401584821,2023-11-15,22023,Atlanta Hawks,New York Knicks,114.0,116.0,L,W,75.0,,,26.0,94.0,,,11.0
espn_20231115_401584822,2023-11-15,22023,Philadelphia 76ers,Boston Celtics,107.0,117.0,L,W,85.0,,,22.0,88.0,,,19.0
espn_20231115_401584823,2023-11-15,22023,Toronto Raptors,Milwaukee Bucks,112.0,128.0,L,W,96.0,,,31.0,85.0,,,21.0
espn_20231115_401584824,2023-11-15,22023,Chicago Bulls,Orlando Magic,94.0,96.0,L,W,83.0,,,22.0,82.0,,,30.0
espn_20231115_401584825,2023-11-15,22023,Phoenix Suns,Minnesota Timberwolves,133.0,115.0,W,L,85.0,,,15.0,92.0,,,28.0
espn_20231115_401584826,2023-11-15,22023,Los Angeles Lakers,Sacramento Kings,110.0,125.0,L,W,83.0,,,19.0,96.0,,,17.0
espn_20231115_401584827,2023-11-15,22023,Portland Trail Blazers,Cleveland Cavaliers,95.0,109.0,L,W,91.0,,,16.0,75.0,,,21.0
espn_20231116_401584829,2023-11-16,22023,Golden State Warriors,Oklahoma City Thunder,109.0,128.0,L,W,98.0,,,19.0,87.0,,,23.0
espn_20231116_401584828,2023-11-16,22023,Miami Heat,Brooklyn Nets,122.0,115.0,W,L,81.0,,,24.0,85.0,,,27.0
espn_20231117_401584115,2023-11-17,22023,Charlotte Hornets,Milwaukee Bucks,99.0,130.0,L,W,91.0,,,22.0,89.0,,,13.0
espn_20231117_401584116,2023-11-17,22023,Washington Wizards,New York Knicks,99.0,120.0,L,W,82.0,,,16.0,91.0,,,20.0
espn_20231117_401584117,2023-11-17,22023,Atlanta Hawks,Philadelphia 76ers,116.0,126.0,L,W,89.0,,,30.0,88.0,,,28.0
espn_20231117_401584118,2023-11-17,22023,Cleveland Cavaliers,Detroit Pistons,108.0,100.0,W,L,82.0,,,21.0,91.0,,,15.0
espn_20231117_401584119,2023-11-17,22023,Toronto Raptors,Boston Celtics,105.0,108.0,L,W,87.0,,,14.0,92.0,,,9.0
espn_20231117_401584120,2023-11-17,22023,San Antonio Spurs,Sacramento Kings,120.0,129.0,L,W,92.0,,,23.0,85.0,,,24.0
espn_20231117_401584121,2023-11-17,22023,Chicago Bulls,Orlando Magic,97.0,103.0,L,W,79.0,,,22.0,79.0,,,23.0
espn_20231117_401584122,2023-11-17,22023,New Orleans Pelicans,Denver Nuggets,115.0,110.0,W,L,88.0,,,21.0,96.0,,,12.0
espn_20231117_401584123,2023-11-17,22023,Utah Jazz,Phoenix Suns,128.0,131.0,L,W,85.0,,,31.0,86.0,,,26.0
espn_20231117_401584124,2023-11-17,22023,Portland Trail Blazers,Los Angeles Lakers,95.0,107.0,L,W,89.0,,,18.0,81.0,,,22.0
espn_20231117_401584125,2023-11-17,22023,LA Clippers,Houston Rockets,106.0,100.0,W,L,83.0,,,30.0,88.0,,,20.0
espn_20231118_401584834,2023-11-18,22023,San Antonio Spurs,Memphis Grizzlies,108.0,120.0,L,W,83.0,,,26.0,86.0,,,36.0
espn_20231118_401584835,2023-11-18,22023,Golden State Warriors,Oklahoma City Thunder,123.0,130.0,L,W,97.0,,,21.0,100.0,,,20.0
espn_20231118_401584833,2023-11-18,22023,Milwaukee Bucks,Dallas Mavericks,132.0,125.0,W,L,94.0,,,20.0,103.0,,,10.0
espn_20231118_401584831,2023-11-18,22023,New Orleans Pelicans,Minnesota Timberwolves,120.0,121.0,L,W,86.0,,,23.0,80.0,,,27.0
espn_20231118_401584830,2023-11-18,22023,Charlotte Hornets,New York Knicks,108.0,122.0,L,W,82.0,,,13.0,91.0,,,19.0
espn_20231118_401584832,2023-11-18,22023,Chicago Bulls,Miami Heat,102.0,97.0,W,L,81.0,,,19.0,77.0,,,23.0
espn_20231119_401584836,2023-11-19,22023,Brooklyn Nets,Philadelphia 76ers,99.0,121.0,L,W,81.0,,,16.0,94.0,,,18.0
espn_20231119_401584839,2023-11-19,22023,Toronto Raptors,Detroit Pistons,142.0,113.0,W,L,102.0,,,29.0,83.0,,,35.0
espn_20231119_401584837,2023-11-19,22023,Indiana Pacers,Orlando Magic,116.0,128.0,L,W,95.0,,,31.0,87.0,,,42.0
espn_20231119_401584838,2023-11-19,22023,Cleveland Cavaliers,Denver Nuggets,121.0,109.0,W,L,82.0,,,26.0,82.0,,,23.0
espn_20231119_401584840,2023-11-19,22023,Dallas Mavericks,Sacramento Kings,113.0,129.0,L,W,88.0,,,26.0,90.0,,,21.0
espn_20231119_401584841,2023-11-19,22023,Memphis Grizzlies,Boston Celtics,100.0,102.0,L,W,95.0,,,10.0,77.0,,,25.0
espn_20231119_401584842,2023-11-19,22023,Utah Jazz,Phoenix Suns,137.0,140.0,L,W,115.0,,,32.0,102.0,,,26.0
espn_20231119_401584843,2023-11-19,22023,Portland Trail Blazers,Oklahoma City Thunder,91.0,134.0,L,W,85.0,,,21.0,81.0,,,14.0
espn_20231119_401584844,2023-11-19,22023,Los Angeles Lakers,Houston Rockets,105.0,104.0,W,L,83.0,,,29.0,84.0,,,10.0
espn_20231120_401584852,2023-11-20,22023,Golden State Warriors,Houston Rockets,121.0,116.0,W,L,77.0,,,33.0,95.0,,,19.0
espn_20231120_401584851,2023-11-20,22023,San Antonio Spurs,LA Clippers,99.0,124.0,L,W,90.0,,,14.0,95.0,,,25.0
espn_20231120_401584850,2023-11-20,22023,New Orleans Pelicans,Sacramento Kings,129.0,93.0,W,L,92.0,,,21.0,87.0,,,24.0
espn_20231120_401584849,2023-11-20,22023,Minnesota Timberwolves,New York Knicks,117.0,100.0,W,L,80.0,,,32.0,92.0,,,34.0
espn_20231120_401584848,2023-11-20,22023,Chicago Bulls,Miami Heat,100.0,118.0,L,W,81.0,,,16.0,84.0,,,20.0
espn_20231120_401584847,2023-11-20,22023,Washington Wizards,Milwaukee Bucks,129.0,142.0,L,W,99.0,,,11.0,94.0,,,28.0
espn_20231120_401584846,2023-11-20,22023,Detroit Pistons,Denver Nuggets,103.0,107.0,L,W,81.0,,,26.0,87.0,,,21.0
espn_20231120_401584845,2023-11-20,22023,Charlotte Hornets,Boston Celtics,121.0,118.0,W,L,104.0,,,17.0,97.0,,,28.0
espn_20231121_401584126,2023-11-21,22023,Orlando Magic,Toronto Raptors,126.0,107.0,W,L,100.0,,,20.0,75.0,,,22.0
espn_20231121_401584127,2023-11-21,22023,Atlanta Hawks,Indiana Pacers,152.0,157.0,L,W,95.0,,,28.0,94.0,,,28.0
espn_20231121_401584128,2023-11-21,22023,Philadelphia 76ers,Cleveland Cavaliers,119.0,122.0,L,W,96.0,,,34.0,94.0,,,25.0
espn_20231121_401584129,2023-11-21,22023,Phoenix Suns,Portland Trail Blazers,120.0,107.0,W,L,76.0,,,28.0,87.0,,,20.0
espn_20231121_401584130,2023-11-21,22023,Los Angeles Lakers,Utah Jazz,131.0,99.0,W,L,86.0,,,27.0,98.0,,,16.0
espn_20231122_401584865,2023-11-22,22023,Portland Trail Blazers,Utah Jazz,121.0,105.0,W,L,92.0,,,15.0,79.0,,,26.0
espn_20231122_401584864,2023-11-22,22023,Phoenix Suns,Golden State Warriors,123.0,115.0,W,L,76.0,,,52.0,90.0,,,29.0
espn_20231122_401584863,2023-11-22,22023,San Antonio Spurs,LA Clippers,102.0,109.0,L,W,91.0,,,23.0,85.0,,,29.0
espn_20231122_401584866,2023-11-22,22023,Los Angeles Lakers,Dallas Mavericks,101.0,104.0,L,W,84.0,,,19.0,96.0,,,16.0
espn_20231122_401584862,2023-11-22,22023,Oklahoma City Thunder,Chicago Bulls,116.0,102.0,W,L,75.0,,,38.0,88.0,,,17.0
espn_20231122_401584861,2023-11-22,22023,New Orleans Pelicans,Sacramento Kings,117.0,112.0,W,L,87.0,,,37.0,76.0,,,35.0
espn_20231122_401584860,2023-11-22,22023,Minnesota Timberwolves,Philadelphia 76ers,112.0,99.0,W,L,89.0,,,24.0,87.0,,,30.0
espn_20231122_401584856,2023-11-22,22023,Boston Celtics,Milwaukee Bucks,119.0,116.0,W,L,84.0,,,17.0,101.0,,,17.0
espn_20231122_401584858,2023-11-22,22023,Indiana Pacers,Toronto Raptors,131.0,132.0,L,W,91.0,,,16.0,90.0,,,30.0
espn_20231122_401584857,2023-11-22,22023,Cleveland Cavaliers,Miami Heat,96.0,129.0,L,W,77.0,,,14.0,88.0,,,21.0
espn_20231122_401584855,2023-11-22,22023,Atlanta Hawks,Brooklyn Nets,147.0,145.0,W,L,116.0,,,29.0,113.0,,,24.0
espn_20231122_401584854,2023-11-22,22023,Orlando Magic,Denver Nuggets,124.0,119.0,W,L,81.0,,,30.0,93.0,,,21.0
espn_20231122_401584853,2023-11-22,22023,Charlotte Hornets,Washington Wizards,117.0,114.0,W,L,91.0,,,21.0,97.0,,,18.0
espn_20231122_401584859,2023-11-22,22023,Houston Rockets,Memphis Grizzlies,111.0,91.0,W,L,92.0,,,20.0,82.0,,,35.0
espn_20231124_401584140,2023-11-24,22023,LA Clippers,New Orleans Pelicans,106.0,116.0,L,W,92.0,,,17.0,88.0,,,27.0
espn_20231124_401584139,2023-11-24,22023,Golden State Warriors,San Antonio Spurs,118.0,112.0,W,L,81.0,,,24.0,100.0,,,12.0
espn_20231124_401584138,2023-11-24,22023,Minnesota Timberwolves,Sacramento Kings,111.0,124.0,L,W,82.0,,,29.0,100.0,,,11.0
espn_20231124_401584136,2023-11-24,22023,Houston Rockets,Denver Nuggets,105.0,86.0,W,L,82.0,,,15.0,94.0,,,21.0
espn_20231124_401584137,2023-11-24,22023,Milwaukee Bucks,Washington Wizards,131.0,128.0,W,L,92.0,,,33.0,100.0,,,21.0
espn_20231124_401584134,2023-11-24,22023,Toronto Raptors,Chicago Bulls,121.0,108.0,W,L,83.0,,,27.0,82.0,,,19.0
espn_20231124_401584133,2023-11-24,22023,New York Knicks,Miami Heat,100.0,98.0,W,L,81.0,,,18.0,87.0,,,21.0
espn_20231124_401584132,2023-11-24,22023,Memphis Grizzlies,Phoenix Suns,89.0,110.0,L,W,80.0,,,10.0,76.0,,,28.0
espn_20231124_401584131,2023-11-24,22023,Orlando Magic,Boston Celtics,113.0,96.0,W,L,85.0,,,22.0,76.0,,,37.0
espn_20231124_401584135,2023-11-24,22023,Indiana Pacers,Detroit Pistons,136.0,113.0,W,L,102.0,,,24.0,90.0,,,24.0
espn_20231125_401584867,2023-11-25,22023,Oklahoma City Thunder,Philadelphia 76ers,123.0,127.0,L,W,98.0,,,26.0,83.0,,,45.0
espn_20231125_401584868,2023-11-25,22023,Brooklyn Nets,Miami Heat,112.0,97.0,W,L,78.0,,,23.0,87.0,,,13.0
espn_20231125_401584869,2023-11-25,22023,Washington Wizards,Atlanta Hawks,108.0,136.0,L,W,88.0,,,12.0,102.0,,,20.0
espn_20231125_401584870,2023-11-25,22023,Cleveland Cavaliers,Los Angeles Lakers,115.0,121.0,L,W,91.0,,,23.0,90.0,,,21.0
espn_20231125_401584871,2023-11-25,22023,Utah Jazz,New Orleans Pelicans,105.0,100.0,W,L,87.0,,,17.0,93.0,,,18.0
espn_20231125_401584872,2023-11-25,22023,LA Clippers,Dallas Mavericks,107.0,88.0,W,L,88.0,,,31.0,91.0,,,14.0
espn_20231126_401584878,2023-11-26,22023,Brooklyn Nets,Chicago Bulls,118.0,109.0,W,L,83.0,,,15.0,83.0,,,22.0
espn_20231126_401584880,2023-11-26,22023,Denver Nuggets,San Antonio Spurs,132.0,120.0,W,L,89.0,,,25.0,93.0,,,26.0
espn_20231126_401584877,2023-11-26,22023,Memphis Grizzlies,Minnesota Timberwolves,97.0,119.0,L,W,88.0,,,27.0,81.0,,,23.0
espn_20231126_401584879,2023-11-26,22023,Cleveland Cavaliers,Toronto Raptors,105.0,102.0,W,L,97.0,,,6.0,89.0,,,29.0
espn_20231126_401584875,2023-11-26,22023,New York Knicks,Phoenix Suns,113.0,116.0,L,W,86.0,,,32.0,91.0,,,21.0
espn_20231126_401584874,2023-11-26,22023,Boston Celtics,Atlanta Hawks,113.0,103.0,W,L,95.0,,,20.0,88.0,,,19.0
espn_20231126_401584876,2023-11-26,22023,Orlando Magic,Charlotte Hornets,130.0,117.0,W,L,87.0,,,33.0,83.0,,,25.0
espn_20231126_401584873,2023-11-26,22023,Milwaukee Bucks,Portland Trail Blazers,108.0,102.0,W,L,89.0,,,32.0,91.0,,,20.0
espn_20231127_401584881,2023-11-27,22023,Detroit Pistons,Washington Wizards,107.0,126.0,L,W,102.0,,,19.0,89.0,,,28.0
espn_20231127_401584882,2023-11-27,22023,Indiana Pacers,Portland Trail Blazers,110.0,114.0,L,W,88.0,,,24.0,85.0,,,31.0
espn_20231127_401584883,2023-11-27,22023,Philadelphia 76ers,Los Angeles Lakers,138.0,94.0,W,L,93.0,,,26.0,83.0,,,13.0
espn_20231127_401584884,2023-11-27,22023,Utah Jazz,New Orleans Pelicans,114.0,112.0,W,L,88.0,,,28.0,88.0,,,25.0
espn_20231127_401584885,2023-11-27,22023,LA Clippers,Denver Nuggets,104.0,113.0,L,W,85.0,,,34.0,92.0,,,28.0
espn_20231128_401584148,2023-11-28,22023,Sacramento Kings,Golden State Warriors,124.0,123.0,W,L,91.0,,,42.0,83.0,,,30.0
espn_20231128_401584147,2023-11-28,22023,Dallas Mavericks,Houston Rockets,121.0,115.0,W,L,89.0,,,29.0,85.0,,,29.0
espn_20231128_401584146,2023-11-28,22023,Minnesota Timberwolves,Oklahoma City Thunder,106.0,103.0,W,L,78.0,,,32.0,90.0,,,23.0
espn_20231128_401584145,2023-11-28,22023,New York Knicks,Charlotte Hornets,115.0,91.0,W,L,88.0,,,20.0,89.0,,,7.0
espn_20231128_401584143,2023-11-28,22023,Cleveland Cavaliers,Atlanta Hawks,128.0,105.0,W,L,93.0,,,17.0,101.0,,,24.0
espn_20231128_401584142,2023-11-28,22023,Brooklyn Nets,Toronto Raptors,115.0,103.0,W,L,89.0,,,26.0,101.0,,,19.0
espn_20231128_401584141,2023-11-28,22023,Boston Celtics,Chicago Bulls,124.0,97.0,W,L,90.0,,,12.0,90.0,,,18.0
espn_20231128_401584144,2023-11-28,22023,Miami Heat,Milwaukee Bucks,124.0,131.0,L,W,94.0,,,21.0,88.0,,,27.0
espn_20231129_401584886,2023-11-29,22023,Detroit Pistons,Los Angeles Lakers,107.0,133.0,L,W,97.0,,,14.0,88.0,,,38.0
espn_20231129_401584887,2023-11-29,22023,Orlando Magic,Washington Wizards,139.0,120.0,W,L,84.0,,,24.0,87.0,,,35.0
espn_20231129_401584888,2023-11-29,22023,Toronto Raptors,Phoenix Suns,112.0,105.0,W,L,93.0,,,21.0,94.0,,,23.0
espn_20231129_401584889,2023-11-29,22023,Memphis Grizzlies,Utah Jazz,105.0,91.0,W,L,87.0,,,8.0,90.0,,,12.0
espn_20231129_401584890,2023-11-29,22023,New Orleans Pelicans,Philadelphia 76ers,124.0,114.0,W,L,78.0,,,34.0,81.0,,,18.0
espn_20231129_401584891,2023-11-29,22023,Denver Nuggets,Houston Rockets,134.0,124.0,W,L,95.0,,,26.0,86.0,,,19.0
espn_20231129_401584892,2023-11-29,22023,Sacramento Kings,LA Clippers,117.0,131.0,L,W,86.0,,,28.0,93.0,,,22.0
espn_20231130_401584899,2023-11-30,22023,Oklahoma City Thunder,Los Angeles Lakers,133.0,110.0,W,L,94.0,,,22.0,81.0,,,32.0
espn_20231130_401584901,2023-11-30,22023,Golden State Warriors,LA Clippers,120.0,114.0,W,L,82.0,,,31.0,95.0,,,24.0
espn_20231130_401584900,2023-11-30,22023,San Antonio Spurs,Atlanta Hawks,135.0,137.0,L,W,89.0,,,23.0,96.0,,,29.0
espn_20231130_401584897,2023-11-30,22023,Chicago Bulls,Milwaukee Bucks,120.0,113.0,W,L,98.0,,,22.0,98.0,,,13.0
espn_20231130_401584898,2023-11-30,22023,Minnesota Timberwolves,Utah Jazz,101.0,90.0,W,L,89.0,,,13.0,87.0,,,14.0
espn_20231130_401584895,2023-11-30,22023,Miami Heat,Indiana Pacers,142.0,132.0,W,L,86.0,,,45.0,98.0,,,32.0
espn_20231130_401584894,2023-11-30,22023,Brooklyn Nets,Charlotte Hornets,128.0,129.0,L,W,105.0,,,15.0,91.0,,,16.0
espn_20231130_401584893,2023-11-30,22023,Cleveland Cavaliers,Portland Trail Blazers,95.0,103.0,L,W,89.0,,,12.0,77.0,,,11.0
espn_20231130_401584896,2023-11-30,22023,New York Knicks,Detroit Pistons,118.0,112.0,W,L,88.0,,,28.0,81.0,,,17.0
espn_20231201_401584902,2023-12-01,22023,Orlando Magic,Washington Wizards,130.0,125.0,W,L,89.0,,,33.0,89.0,,,31.0
espn_20231201_401584903,2023-12-01,22023,Boston Celtics,Philadelphia 76ers,125.0,119.0,W,L,77.0,,,36.0,94.0,,,23.0
espn_20231201_401584904,2023-12-01,22023,Toronto Raptors,New York Knicks,106.0,119.0,L,W,100.0,,,17.0,90.0,,,16.0
espn_20231201_401584905,2023-12-01,22023,Dallas Mavericks,Memphis Grizzlies,94.0,108.0,L,W,92.0,,,21.0,90.0,,,11.0
espn_20231201_401584906,2023-12-01,22023,New Orleans Pelicans,San Antonio Spurs,121.0,106.0,W,L,85.0,,,29.0,83.0,,,17.0
espn_20231201_401584907,2023-12-01,22023,Phoenix Suns,Denver Nuggets,111.0,119.0,L,W,84.0,,,26.0,88.0,,,12.0
espn_20231202_401584913,2023-12-02,22023,Chicago Bulls,New Orleans Pelicans,124.0,118.0,W,L,88.0,,,15.0,82.0,,,35.0
espn_20231202_401584919,2023-12-02,22023,Los Angeles Lakers,Houston Rockets,107.0,97.0,W,L,89.0,,,27.0,89.0,,,18.0
espn_20231202_401584918,2023-12-02,22023,Sacramento Kings,Denver Nuggets,123.0,117.0,W,L,99.0,,,15.0,99.0,,,20.0
espn_20231202_401584917,2023-12-02,22023,Utah Jazz,Portland Trail Blazers,118.0,113.0,W,L,94.0,,,24.0,95.0,,,27.0
espn_20231202_401584916,2023-12-02,22023,Phoenix Suns,Memphis Grizzlies,116.0,109.0,W,L,83.0,,,43.0,86.0,,,24.0
espn_20231202_401584915,2023-12-02,22023,Dallas Mavericks,Oklahoma City Thunder,120.0,126.0,L,W,87.0,,,35.0,100.0,,,22.0
espn_20231202_401584911,2023-12-02,22023,Detroit Pistons,Cleveland Cavaliers,101.0,110.0,L,W,83.0,,,23.0,89.0,,,18.0
espn_20231202_401584912,2023-12-02,22023,Miami Heat,Indiana Pacers,129.0,144.0,L,W,89.0,,,24.0,85.0,,,20.0
espn_20231202_401584910,2023-12-02,22023,Brooklyn Nets,Orlando Magic,129.0,101.0,W,L,91.0,,,31.0,88.0,,,27.0
espn_20231202_401584909,2023-12-02,22023,Charlotte Hornets,Minnesota Timberwolves,117.0,123.0,L,W,91.0,,,19.0,84.0,,,30.0
espn_20231202_401584908,2023-12-02,22023,LA Clippers,Golden State Warriors,113.0,112.0,W,L,90.0,,,14.0,86.0,,,24.0
espn_20231202_401584914,2023-12-02,22023,Milwaukee Bucks,Atlanta Hawks,132.0,121.0,W,L,89.0,,,15.0,101.0,,,21.0
espn_20231204_401607491,2023-12-04,22023,Indiana Pacers,Boston Celtics,122.0,112.0,W,L,94.0,,,21.0,97.0,,,12.0
espn_20231204_401607492,2023-12-04,22023,Sacramento Kings,New Orleans Pelicans,117.0,127.0,L,W,85.0,,,33.0,87.0,,,23.0
espn_20231205_401607490,2023-12-05,22023,Los Angeles Lakers,Phoenix Suns,106.0,103.0,W,L,102.0,,,25.0,75.0,,,21.0
espn_20231205_401607489,2023-12-05,22023,Milwaukee Bucks,New York Knicks,146.0,122.0,W,L,91.0,,,19.0,87.0,,,33.0
espn_20231206_401616467,2023-12-06,22023,Dallas Mavericks,Utah Jazz,147.0,97.0,W,L,101.0,,,19.0,87.0,,,18.0
espn_20231206_401616466,2023-12-06,22023,Houston Rockets,Oklahoma City Thunder,110.0,101.0,W,L,83.0,,,22.0,87.0,,,24.0
espn_20231206_401616469,2023-12-06,22023,LA Clippers,Denver Nuggets,111.0,102.0,W,L,87.0,,,25.0,98.0,,,9.0
espn_20231206_401616468,2023-12-06,22023,Golden State Warriors,Portland Trail Blazers,110.0,106.0,W,L,86.0,,,33.0,95.0,,,16.0
espn_20231206_401616465,2023-12-06,22023,Chicago Bulls,Charlotte Hornets,111.0,100.0,W,L,90.0,,,29.0,90.0,,,12.0
espn_20231206_401616463,2023-12-06,22023,Atlanta Hawks,Brooklyn Nets,113.0,114.0,L,W,94.0,,,18.0,94.0,,,24.0
espn_20231206_401616464,2023-12-06,22023,Minnesota Timberwolves,San Antonio Spurs,102.0,94.0,W,L,87.0,,,21.0,101.0,,,15.0
espn_20231206_401616461,2023-12-06,22023,Toronto Raptors,Miami Heat,103.0,112.0,L,W,86.0,,,17.0,89.0,,,19.0
espn_20231206_401616462,2023-12-06,22023,Washington Wizards,Philadelphia 76ers,126.0,131.0,L,W,92.0,,,8.0,92.0,,,34.0
espn_20231206_401616460,2023-12-06,22023,Detroit Pistons,Memphis Grizzlies,102.0,116.0,L,W,91.0,,,9.0,91.0,,,14.0
espn_20231206_401616459,2023-12-06,22023,Cleveland Cavaliers,Orlando Magic,121.0,111.0,W,L,86.0,,,20.0,84.0,,,37.0
espn_20231207_401607494,2023-12-07,22023,Milwaukee Bucks,Indiana Pacers,119.0,128.0,L,W,96.0,,,28.0,102.0,,,25.0
espn_20231207_401607493,2023-12-07,22023,Los Angeles Lakers,New Orleans Pelicans,133.0,89.0,W,L,86.0,,,29.0,95.0,,,20.0
espn_20231208_401616480,2023-12-08,22023,Portland Trail Blazers,Dallas Mavericks,112.0,125.0,L,W,105.0,,,18.0,91.0,,,22.0
espn_20231208_401616479,2023-12-08,22023,Utah Jazz,LA Clippers,103.0,117.0,L,W,84.0,,,24.0,88.0,,,21.0
espn_20231208_401617581,2023-12-08,22023,Phoenix Suns,Sacramento Kings,106.0,114.0,L,W,83.0,,,23.0,92.0,,,20.0
espn_20231208_401616478,2023-12-08,22023,Denver Nuggets,Houston Rockets,106.0,114.0,L,W,90.0,,,27.0,82.0,,,42.0
espn_20231208_401616477,2023-12-08,22023,San Antonio Spurs,Chicago Bulls,112.0,121.0,L,W,83.0,,,20.0,102.0,,,24.0
espn_20231208_401616476,2023-12-08,22023,Oklahoma City Thunder,Golden State Warriors,138.0,136.0,W,L,98.0,,,36.0,104.0,,,23.0
espn_20231208_401616475,2023-12-08,22023,Memphis Grizzlies,Minnesota Timberwolves,103.0,127.0,L,W,86.0,,,19.0,88.0,,,26.0
espn_20231208_401616474,2023-12-08,22023,Miami Heat,Cleveland Cavaliers,99.0,111.0,L,W,86.0,,,15.0,87.0,,,26.0
espn_20231208_401617579,2023-12-08,22023,Boston Celtics,New York Knicks,133.0,123.0,W,L,91.0,,,21.0,88.0,,,27.0
espn_20231208_401616473,2023-12-08,22023,Brooklyn Nets,Washington Wizards,124.0,97.0,W,L,104.0,,,18.0,91.0,,,21.0
espn_20231208_401616472,2023-12-08,22023,Philadelphia 76ers,Atlanta Hawks,125.0,114.0,W,L,87.0,,,37.0,104.0,,,21.0
espn_20231208_401616471,2023-12-08,22023,Orlando Magic,Detroit Pistons,123.0,91.0,W,L,89.0,,,19.0,81.0,,,24.0
espn_20231208_401616470,2023-12-08,22023,Charlotte Hornets,Toronto Raptors,119.0,116.0,W,L,79.0,,,20.0,93.0,,,21.0
espn_20231209_401607495,2023-12-09,22023,Los Angeles Lakers,Indiana Pacers,123.0,109.0,W,L,88.0,,,35.0,95.0,,,33.0
espn_20231211_401584932,2023-12-11,22023,LA Clippers,Portland Trail Blazers,132.0,127.0,W,L,89.0,,,22.0,90.0,,,26.0
espn_20231211_401584931,2023-12-11,22023,Sacramento Kings,Brooklyn Nets,131.0,118.0,W,L,94.0,,,14.0,88.0,,,21.0
espn_20231211_401584930,2023-12-11,22023,Oklahoma City Thunder,Utah Jazz,134.0,120.0,W,L,96.0,,,17.0,92.0,,,21.0
espn_20231211_401584929,2023-12-11,22023,New Orleans Pelicans,Minnesota Timberwolves,121.0,107.0,W,L,82.0,,,40.0,91.0,,,19.0
espn_20231211_401584928,2023-12-11,22023,Milwaukee Bucks,Chicago Bulls,133.0,129.0,W,L,86.0,,,37.0,114.0,,,25.0
espn_20231211_401584927,2023-12-11,22023,Memphis Grizzlies,Dallas Mavericks,113.0,120.0,L,W,89.0,,,16.0,86.0,,,19.0
espn_20231211_401584926,2023-12-11,22023,Houston Rockets,San Antonio Spurs,93.0,82.0,W,L,93.0,,,20.0,87.0,,,22.0
espn_20231211_401584925,2023-12-11,22023,New York Knicks,Toronto Raptors,136.0,130.0,W,L,86.0,,,23.0,96.0,,,30.0
espn_20231211_401584924,2023-12-11,22023,Atlanta Hawks,Denver Nuggets,122.0,129.0,L,W,96.0,,,18.0,88.0,,,29.0
espn_20231211_401584923,2023-12-11,22023,Philadelphia 76ers,Washington Wizards,146.0,101.0,W,L,95.0,,,25.0,85.0,,,31.0
espn_20231211_401584922,2023-12-11,22023,Orlando Magic,Cleveland Cavaliers,104.0,94.0,W,L,84.0,,,25.0,85.0,,,33.0
espn_20231211_401584921,2023-12-11,22023,Detroit Pistons,Indiana Pacers,123.0,131.0,L,W,81.0,,,30.0,92.0,,,19.0
espn_20231211_401584920,2023-12-11,22023,Charlotte Hornets,Miami Heat,114.0,116.0,L,W,84.0,,,22.0,77.0,,,34.0
espn_20231212_401584933,2023-12-12,22023,Boston Celtics,Cleveland Cavaliers,120.0,113.0,W,L,84.0,,,26.0,92.0,,,9.0
espn_20231212_401584934,2023-12-12,22023,Dallas Mavericks,Los Angeles Lakers,127.0,125.0,W,L,89.0,,,21.0,91.0,,,18.0
espn_20231212_401584935,2023-12-12,22023,Chicago Bulls,Denver Nuggets,106.0,114.0,L,W,86.0,,,23.0,83.0,,,32.0
espn_20231212_401584936,2023-12-12,22023,Phoenix Suns,Golden State Warriors,119.0,116.0,W,L,84.0,,,34.0,92.0,,,27.0
espn_20231212_401584937,2023-12-12,22023,LA Clippers,Sacramento Kings,119.0,99.0,W,L,84.0,,,21.0,86.0,,,24.0
espn_20231213_401584946,2023-12-13,22023,Utah Jazz,New York Knicks,117.0,113.0,W,L,98.0,,,21.0,94.0,,,32.0
espn_20231213_401584945,2023-12-13,22023,Phoenix Suns,Brooklyn Nets,112.0,116.0,L,W,84.0,,,27.0,89.0,,,24.0
espn_20231213_401584944,2023-12-13,22023,San Antonio Spurs,Los Angeles Lakers,119.0,122.0,L,W,96.0,,,18.0,91.0,,,17.0
espn_20231213_401584943,2023-12-13,22023,Milwaukee Bucks,Indiana Pacers,140.0,126.0,W,L,89.0,,,48.0,100.0,,,32.0
espn_20231213_401584940,2023-12-13,22023,Miami Heat,Charlotte Hornets,115.0,104.0,W,L,86.0,,,19.0,77.0,,,11.0
espn_20231213_401584941,2023-12-13,22023,Toronto Raptors,Atlanta Hawks,135.0,128.0,W,L,87.0,,,24.0,100.0,,,19.0
espn_20231213_401584939,2023-12-13,22023,Washington Wizards,New Orleans Pelicans,122.0,142.0,L,W,82.0,,,24.0,96.0,,,30.0
espn_20231213_401584938,2023-12-13,22023,Detroit Pistons,Philadelphia 76ers,111.0,129.0,L,W,88.0,,,30.0,87.0,,,34.0
espn_20231213_401584942,2023-12-13,22023,Houston Rockets,Memphis Grizzlies,117.0,104.0,W,L,86.0,,,37.0,82.0,,,34.0
espn_20231214_401584952,2023-12-14,22023,Sacramento Kings,Oklahoma City Thunder,128.0,123.0,W,L,95.0,,,21.0,102.0,,,27.0
espn_20231214_401584947,2023-12-14,22023,Boston Celtics,Cleveland Cavaliers,116.0,107.0,W,L,85.0,,,20.0,83.0,,,17.0
espn_20231214_401584948,2023-12-14,22023,Miami Heat,Chicago Bulls,116.0,124.0,L,W,80.0,,,35.0,93.0,,,30.0
espn_20231214_401584949,2023-12-14,22023,Dallas Mavericks,Minnesota Timberwolves,101.0,119.0,L,W,83.0,,,18.0,88.0,,,25.0
espn_20231214_401584950,2023-12-14,22023,Denver Nuggets,Brooklyn Nets,124.0,101.0,W,L,99.0,,,21.0,95.0,,,20.0
espn_20231214_401584951,2023-12-14,22023,Portland Trail Blazers,Utah Jazz,114.0,122.0,L,W,103.0,,,18.0,92.0,,,14.0
espn_20231214_401584953,2023-12-14,22023,LA Clippers,Golden State Warriors,121.0,113.0,W,L,81.0,,,30.0,92.0,,,19.0
espn_20231215_401584959,2023-12-15,22023,San Antonio Spurs,Los Angeles Lakers,129.0,115.0,W,L,95.0,,,19.0,89.0,,,28.0
espn_20231215_401584961,2023-12-15,22023,Phoenix Suns,New York Knicks,122.0,139.0,L,W,90.0,,,21.0,82.0,,,28.0
espn_20231215_401584958,2023-12-15,22023,Toronto Raptors,Atlanta Hawks,104.0,125.0,L,W,77.0,,,25.0,101.0,,,6.0
espn_20231215_401584960,2023-12-15,22023,Memphis Grizzlies,Houston Rockets,96.0,103.0,L,W,92.0,,,15.0,88.0,,,32.0
espn_20231215_401584956,2023-12-15,22023,Washington Wizards,Indiana Pacers,137.0,123.0,W,L,92.0,,,26.0,107.0,,,16.0
espn_20231215_401584954,2023-12-15,22023,Charlotte Hornets,New Orleans Pelicans,107.0,112.0,L,W,92.0,,,21.0,80.0,,,32.0
espn_20231215_401584957,2023-12-15,22023,Boston Celtics,Orlando Magic,128.0,111.0,W,L,92.0,,,20.0,87.0,,,18.0
espn_20231215_401584955,2023-12-15,22023,Philadelphia 76ers,Detroit Pistons,124.0,92.0,W,L,98.0,,,31.0,81.0,,,23.0
espn_20231216_401584962,2023-12-16,22023,Milwaukee Bucks,Detroit Pistons,146.0,114.0,W,L,88.0,,,32.0,96.0,,,26.0
espn_20231216_401584963,2023-12-16,22023,Charlotte Hornets,Philadelphia 76ers,82.0,135.0,L,W,91.0,,,11.0,88.0,,,17.0
espn_20231216_401584964,2023-12-16,22023,Cleveland Cavaliers,Atlanta Hawks,127.0,119.0,W,L,101.0,,,15.0,85.0,,,25.0
espn_20231216_401584965,2023-12-16,22023,Miami Heat,Chicago Bulls,118.0,116.0,W,L,83.0,,,25.0,77.0,,,29.0
espn_20231216_401584966,2023-12-16,22023,Minnesota Timberwolves,Indiana Pacers,127.0,109.0,W,L,86.0,,,16.0,90.0,,,16.0
espn_20231216_401584967,2023-12-16,22023,Golden State Warriors,Brooklyn Nets,124.0,120.0,W,L,91.0,,,20.0,93.0,,,15.0
espn_20231216_401584968,2023-12-16,22023,Denver Nuggets,Oklahoma City Thunder,117.0,118.0,L,W,93.0,,,24.0,84.0,,,30.0
espn_20231216_401584969,2023-12-16,22023,Portland Trail Blazers,Dallas Mavericks,120.0,131.0,L,W,94.0,,,22.0,97.0,,,21.0
espn_20231216_401584970,2023-12-16,22023,Sacramento Kings,Utah Jazz,125.0,104.0,W,L,85.0,,,15.0,86.0,,,21.0
espn_20231216_401584971,2023-12-16,22023,LA Clippers,New York Knicks,144.0,122.0,W,L,88.0,,,34.0,94.0,,,26.0
espn_20231217_401584975,2023-12-17,22023,Phoenix Suns,Washington Wizards,112.0,108.0,W,L,90.0,,,30.0,95.0,,,20.0
espn_20231217_401584976,2023-12-17,22023,Portland Trail Blazers,Golden State Warriors,114.0,118.0,L,W,85.0,,,23.0,87.0,,,19.0
espn_20231217_401584973,2023-12-17,22023,San Antonio Spurs,New Orleans Pelicans,110.0,146.0,L,W,94.0,,,21.0,98.0,,,22.0
espn_20231217_401584972,2023-12-17,22023,Boston Celtics,Orlando Magic,114.0,97.0,W,L,95.0,,,8.0,89.0,,,24.0
espn_20231217_401584974,2023-12-17,22023,Milwaukee Bucks,Houston Rockets,128.0,119.0,W,L,90.0,,,32.0,85.0,,,21.0
espn_20231218_401584977,2023-12-18,22023,Cleveland Cavaliers,Houston Rockets,135.0,130.0,W,L,97.0,,,34.0,102.0,,,27.0
espn_20231218_401584978,2023-12-18,22023,Indiana Pacers,LA Clippers,127.0,151.0,L,W,95.0,,,21.0,98.0,,,23.0
espn_20231218_401584979,2023-12-18,22023,Philadelphia 76ers,Chicago Bulls,104.0,108.0,L,W,88.0,,,19.0,89.0,,,15.0
espn_20231218_401584980,2023-12-18,22023,Atlanta Hawks,Detroit Pistons,130.0,124.0,W,L,85.0,,,27.0,94.0,,,27.0
espn_20231218_401584981,2023-12-18,22023,Miami Heat,Minnesota Timberwolves,108.0,112.0,L,W,87.0,,,18.0,85.0,,,19.0
espn_20231218_401584982,2023-12-18,22023,Toronto Raptors,Charlotte Hornets,114.0,99.0,W,L,86.0,,,22.0,89.0,,,13.0
espn_20231218_401584983,2023-12-18,22023,Oklahoma City Thunder,Memphis Grizzlies,116.0,97.0,W,L,92.0,,,23.0,85.0,,,21.0
espn_20231218_401584984,2023-12-18,22023,Denver Nuggets,Dallas Mavericks,130.0,104.0,W,L,87.0,,,22.0,92.0,,,19.0
espn_20231218_401584985,2023-12-18,22023,Utah Jazz,Brooklyn Nets,125.0,108.0,W,L,91.0,,,24.0,90.0,,,20.0
espn_20231218_401584986,2023-12-18,22023,Sacramento Kings,Washington Wizards,143.0,131.0,W,L,100.0,,,26.0,85.0,,,30.0
espn_20231218_401584987,2023-12-18,22023,Los Angeles Lakers,New York Knicks,109.0,114.0,L,W,99.0,,,13.0,88.0,,,23.0
espn_20231219_401584990,2023-12-19,22023,Golden State Warriors,Boston Celtics,132.0,126.0,W,L,109.0,,,14.0,114.0,,,17.0
espn_20231219_401584991,2023-12-19,22023,Portland Trail Blazers,Phoenix Suns,109.0,104.0,W,L,87.0,,,19.0,94.0,,,21.0
espn_20231219_401584989,2023-12-19,22023,Milwaukee Bucks,San Antonio Spurs,132.0,119.0,W,L,106.0,,,18.0,96.0,,,21.0
espn_20231219_401584988,2023-12-19,22023,New Orleans Pelicans,Memphis Grizzlies,113.0,115.0,L,W,85.0,,,24.0,82.0,,,29.0
espn_20231220_401584992,2023-12-20,22023,Cleveland Cavaliers,Utah Jazz,124.0,116.0,W,L,96.0,,,16.0,78.0,,,28.0
espn_20231220_401584993,2023-12-20,22023,Indiana Pacers,Charlotte Hornets,144.0,113.0,W,L,80.0,,,30.0,95.0,,,19.0
espn_20231220_401584994,2023-12-20,22023,Orlando Magic,Miami Heat,106.0,115.0,L,W,89.0,,,19.0,83.0,,,24.0
espn_20231220_401584995,2023-12-20,22023,Philadelphia 76ers,Minnesota Timberwolves,127.0,113.0,W,L,84.0,,,32.0,82.0,,,24.0
espn_20231220_401584996,2023-12-20,22023,Brooklyn Nets,New York Knicks,102.0,121.0,L,W,101.0,,,17.0,95.0,,,25.0
espn_20231220_401584997,2023-12-20,22023,Toronto Raptors,Denver Nuggets,104.0,113.0,L,W,90.0,,,13.0,98.0,,,7.0
espn_20231220_401584998,2023-12-20,22023,Chicago Bulls,Los Angeles Lakers,124.0,108.0,W,L,88.0,,,11.0,94.0,,,15.0
espn_20231220_401584999,2023-12-20,22023,Houston Rockets,Atlanta Hawks,127.0,134.0,L,W,89.0,,,23.0,91.0,,,28.0
espn_20231220_401585000,2023-12-20,22023,Dallas Mavericks,LA Clippers,111.0,120.0,L,W,91.0,,,27.0,77.0,,,25.0
espn_20231220_401585001,2023-12-20,22023,Sacramento Kings,Boston Celtics,119.0,144.0,L,W,91.0,,,23.0,92.0,,,24.0
espn_20231221_401585006,2023-12-21,22023,Milwaukee Bucks,Orlando Magic,118.0,114.0,W,L,90.0,,,35.0,99.0,,,23.0
espn_20231221_401585009,2023-12-21,22023,Portland Trail Blazers,Washington Wizards,117.0,118.0,L,W,95.0,,,23.0,84.0,,,32.0
espn_20231221_401585008,2023-12-21,22023,Minnesota Timberwolves,Los Angeles Lakers,118.0,111.0,W,L,87.0,,,25.0,83.0,,,24.0
espn_20231221_401585007,2023-12-21,22023,Oklahoma City Thunder,LA Clippers,134.0,115.0,W,L,87.0,,,18.0,93.0,,,12.0
espn_20231221_401585004,2023-12-21,22023,Chicago Bulls,San Antonio Spurs,114.0,95.0,W,L,90.0,,,11.0,81.0,,,16.0
espn_20231221_401585003,2023-12-21,22023,Cleveland Cavaliers,New Orleans Pelicans,104.0,123.0,L,W,87.0,,,8.0,86.0,,,16.0
espn_20231221_401585002,2023-12-21,22023,Detroit Pistons,Utah Jazz,111.0,119.0,L,W,86.0,,,19.0,94.0,,,24.0
espn_20231221_401585005,2023-12-21,22023,Memphis Grizzlies,Indiana Pacers,116.0,103.0,W,L,84.0,,,21.0,90.0,,,11.0
espn_20231222_401585010,2023-12-22,22023,Philadelphia 76ers,Toronto Raptors,121.0,111.0,W,L,83.0,,,21.0,87.0,,,28.0
espn_20231222_401585011,2023-12-22,22023,Brooklyn Nets,Denver Nuggets,117.0,122.0,L,W,89.0,,,26.0,87.0,,,25.0
espn_20231222_401585012,2023-12-22,22023,Miami Heat,Atlanta Hawks,122.0,113.0,W,L,86.0,,,30.0,96.0,,,14.0
espn_20231222_401585013,2023-12-22,22023,Houston Rockets,Dallas Mavericks,122.0,96.0,W,L,95.0,,,23.0,101.0,,,26.0
espn_20231222_401585015,2023-12-22,22023,Sacramento Kings,Phoenix Suns,120.0,105.0,W,L,83.0,,,26.0,88.0,,,28.0
espn_20231222_401585014,2023-12-22,22023,Golden State Warriors,Washington Wizards,129.0,118.0,W,L,97.0,,,20.0,97.0,,,24.0
espn_20231223_401585024,2023-12-23,22023,Chicago Bulls,Cleveland Cavaliers,95.0,109.0,L,W,80.0,,,19.0,88.0,,,26.0
espn_20231223_401585025,2023-12-23,22023,Oklahoma City Thunder,Los Angeles Lakers,120.0,129.0,L,W,95.0,,,19.0,90.0,,,23.0
espn_20231223_401585028,2023-12-23,22023,Sacramento Kings,Minnesota Timberwolves,98.0,110.0,L,W,85.0,,,21.0,87.0,,,14.0
espn_20231223_401585027,2023-12-23,22023,Golden State Warriors,Portland Trail Blazers,126.0,106.0,W,L,83.0,,,24.0,84.0,,,25.0
espn_20231223_401585026,2023-12-23,22023,Dallas Mavericks,San Antonio Spurs,144.0,119.0,W,L,100.0,,,21.0,98.0,,,24.0
espn_20231223_401585023,2023-12-23,22023,Toronto Raptors,Utah Jazz,119.0,126.0,L,W,94.0,,,19.0,91.0,,,14.0
espn_20231223_401585020,2023-12-23,22023,New Orleans Pelicans,Houston Rockets,104.0,106.0,L,W,82.0,,,29.0,82.0,,,35.0
espn_20231223_401585021,2023-12-23,22023,Atlanta Hawks,Memphis Grizzlies,119.0,125.0,L,W,96.0,,,20.0,97.0,,,22.0
espn_20231223_401585016,2023-12-23,22023,New York Knicks,Milwaukee Bucks,111.0,130.0,L,W,93.0,,,21.0,91.0,,,23.0
espn_20231223_401585017,2023-12-23,22023,LA Clippers,Boston Celtics,108.0,145.0,L,W,89.0,,,15.0,94.0,,,28.0
espn_20231223_401585022,2023-12-23,22023,Brooklyn Nets,Detroit Pistons,126.0,115.0,W,L,86.0,,,32.0,79.0,,,29.0
espn_20231223_401585019,2023-12-23,22023,Indiana Pacers,Orlando Magic,110.0,117.0,L,W,82.0,,,13.0,73.0,,,41.0
espn_20231223_401585018,2023-12-23,22023,Charlotte Hornets,Denver Nuggets,95.0,102.0,L,W,88.0,,,23.0,90.0,,,14.0
espn_20231225_401585029,2023-12-25,22023,New York Knicks,Milwaukee Bucks,129.0,122.0,W,L,92.0,,,26.0,95.0,,,24.0
espn_20231225_401585030,2023-12-25,22023,Denver Nuggets,Golden State Warriors,120.0,114.0,W,L,82.0,,,32.0,87.0,,,23.0
espn_20231225_401585031,2023-12-25,22023,Los Angeles Lakers,Boston Celtics,115.0,126.0,L,W,90.0,,,21.0,91.0,,,28.0
espn_20231225_401585032,2023-12-25,22023,Miami Heat,Philadelphia 76ers,119.0,113.0,W,L,84.0,,,35.0,94.0,,,25.0
espn_20231225_401585033,2023-12-25,22023,Phoenix Suns,Dallas Mavericks,114.0,128.0,L,W,90.0,,,25.0,84.0,,,30.0
espn_20231226_401585042,2023-12-26,22023,LA Clippers,Charlotte Hornets,113.0,104.0,W,L,85.0,,,25.0,93.0,,,16.0
espn_20231226_401585041,2023-12-26,22023,Portland Trail Blazers,Sacramento Kings,130.0,113.0,W,L,98.0,,,20.0,93.0,,,16.0
espn_20231226_401585040,2023-12-26,22023,San Antonio Spurs,Utah Jazz,118.0,130.0,L,W,98.0,,,21.0,95.0,,,22.0
espn_20231226_401585038,2023-12-26,22023,New Orleans Pelicans,Memphis Grizzlies,115.0,116.0,L,W,97.0,,,33.0,90.0,,,32.0
espn_20231226_401585039,2023-12-26,22023,Oklahoma City Thunder,Minnesota Timberwolves,129.0,106.0,W,L,81.0,,,16.0,73.0,,,32.0
espn_20231226_401585036,2023-12-26,22023,Chicago Bulls,Atlanta Hawks,118.0,113.0,W,L,92.0,,,31.0,89.0,,,21.0
espn_20231226_401585035,2023-12-26,22023,Washington Wizards,Orlando Magic,119.0,127.0,L,W,87.0,,,21.0,93.0,,,25.0
espn_20231226_401585034,2023-12-26,22023,Detroit Pistons,Brooklyn Nets,112.0,118.0,L,W,90.0,,,32.0,82.0,,,43.0
espn_20231226_401585037,2023-12-26,22023,Houston Rockets,Indiana Pacers,117.0,123.0,L,W,97.0,,,22.0,82.0,,,21.0
espn_20231227_401585043,2023-12-27,22023,Orlando Magic,Philadelphia 76ers,92.0,112.0,L,W,79.0,,,24.0,96.0,,,17.0
espn_20231227_401585044,2023-12-27,22023,Washington Wizards,Toronto Raptors,102.0,132.0,L,W,90.0,,,15.0,91.0,,,19.0
espn_20231227_401585045,2023-12-27,22023,Brooklyn Nets,Milwaukee Bucks,122.0,144.0,L,W,101.0,,,29.0,89.0,,,23.0
espn_20231227_401585046,2023-12-27,22023,Houston Rockets,Phoenix Suns,113.0,129.0,L,W,96.0,,,22.0,82.0,,,26.0
espn_20231227_401585047,2023-12-27,22023,Oklahoma City Thunder,New York Knicks,129.0,120.0,W,L,90.0,,,22.0,82.0,,,30.0
espn_20231227_401585048,2023-12-27,22023,Dallas Mavericks,Cleveland Cavaliers,110.0,113.0,L,W,88.0,,,26.0,92.0,,,23.0
espn_20231228_401585056,2023-12-28,22023,Los Angeles Lakers,Charlotte Hornets,133.0,112.0,W,L,97.0,,,14.0,85.0,,,28.0
espn_20231228_401585055,2023-12-28,22023,Portland Trail Blazers,San Antonio Spurs,105.0,118.0,L,W,101.0,,,32.0,85.0,,,28.0
espn_20231228_401585054,2023-12-28,22023,Golden State Warriors,Miami Heat,102.0,114.0,L,W,88.0,,,25.0,91.0,,,22.0
espn_20231228_401585053,2023-12-28,22023,Denver Nuggets,Memphis Grizzlies,142.0,105.0,W,L,96.0,,,14.0,89.0,,,25.0
espn_20231228_401585052,2023-12-28,22023,New Orleans Pelicans,Utah Jazz,112.0,105.0,W,L,82.0,,,15.0,85.0,,,25.0
espn_20231228_401585050,2023-12-28,22023,Chicago Bulls,Indiana Pacers,104.0,120.0,L,W,97.0,,,22.0,85.0,,,22.0
espn_20231228_401585049,2023-12-28,22023,Boston Celtics,Detroit Pistons,128.0,122.0,W,L,99.0,,,25.0,101.0,,,19.0
espn_20231228_401585051,2023-12-28,22023,Minnesota Timberwolves,Dallas Mavericks,118.0,110.0,W,L,74.0,,,34.0,90.0,,,19.0
espn_20231229_401585057,2023-12-29,22023,Orlando Magic,New York Knicks,117.0,108.0,W,L,89.0,,,40.0,86.0,,,29.0
espn_20231229_401585058,2023-12-29,22023,Washington Wizards,Brooklyn Nets,110.0,104.0,W,L,91.0,,,7.0,91.0,,,27.0
espn_20231229_401585059,2023-12-29,22023,Atlanta Hawks,Sacramento Kings,110.0,117.0,L,W,94.0,,,25.0,89.0,,,15.0
espn_20231229_401585060,2023-12-29,22023,Boston Celtics,Toronto Raptors,120.0,118.0,W,L,88.0,,,20.0,95.0,,,20.0
espn_20231229_401585061,2023-12-29,22023,Cleveland Cavaliers,Milwaukee Bucks,111.0,119.0,L,W,103.0,,,9.0,80.0,,,28.0
espn_20231229_401585062,2023-12-29,22023,Houston Rockets,Philadelphia 76ers,127.0,131.0,L,W,91.0,,,21.0,86.0,,,33.0
espn_20231229_401585063,2023-12-29,22023,Denver Nuggets,Oklahoma City Thunder,93.0,119.0,L,W,85.0,,,15.0,91.0,,,16.0
espn_20231229_401585064,2023-12-29,22023,Phoenix Suns,Charlotte Hornets,133.0,119.0,W,L,74.0,,,24.0,92.0,,,8.0
espn_20231229_401585065,2023-12-29,22023,Portland Trail Blazers,San Antonio Spurs,134.0,128.0,W,L,95.0,,,27.0,94.0,,,25.0
espn_20231229_401585066,2023-12-29,22023,LA Clippers,Memphis Grizzlies,117.0,106.0,W,L,87.0,,,25.0,87.0,,,20.0
espn_20231230_401585072,2023-12-30,22023,Golden State Warriors,Dallas Mavericks,122.0,132.0,L,W,103.0,,,13.0,88.0,,,22.0
espn_20231230_401585071,2023-12-30,22023,Minnesota Timberwolves,Los Angeles Lakers,108.0,106.0,W,L,76.0,,,24.0,88.0,,,32.0
espn_20231230_401585070,2023-12-30,22023,Chicago Bulls,Philadelphia 76ers,105.0,92.0,W,L,79.0,,,30.0,92.0,,,15.0
espn_20231230_401585068,2023-12-30,22023,Detroit Pistons,Toronto Raptors,129.0,127.0,W,L,82.0,,,40.0,91.0,,,28.0
espn_20231230_401585067,2023-12-30,22023,Utah Jazz,Miami Heat,117.0,109.0,W,L,93.0,,,28.0,78.0,,,40.0
espn_20231230_401585069,2023-12-30,22023,Indiana Pacers,New York Knicks,140.0,126.0,W,L,85.0,,,21.0,95.0,,,27.0
espn_20231231_401585073,2023-12-31,22023,Washington Wizards,Atlanta Hawks,126.0,130.0,L,W,98.0,,,21.0,95.0,,,37.0
espn_20231231_401585074,2023-12-31,22023,New Orleans Pelicans,Los Angeles Lakers,129.0,109.0,W,L,87.0,,,27.0,82.0,,,25.0
espn_20231231_401585075,2023-12-31,22023,Oklahoma City Thunder,Brooklyn Nets,124.0,108.0,W,L,83.0,,,20.0,100.0,,,31.0
espn_20231231_401585076,2023-12-31,22023,San Antonio Spurs,Boston Celtics,101.0,134.0,L,W,94.0,,,12.0,95.0,,,22.0
espn_20231231_401585077,2023-12-31,22023,Memphis Grizzlies,Sacramento Kings,92.0,123.0,L,W,82.0,,,28.0,92.0,,,17.0
espn_20231231_401585078,2023-12-31,22023,Phoenix Suns,Orlando Magic,112.0,107.0,W,L,88.0,,,19.0,90.0,,,12.0
espn_20240101_401585084,2024-01-01,22023,Phoenix Suns,Portland Trail Blazers,109.0,88.0,W,L,80.0,,,33.0,80.0,,,19.0
espn_20240101_401585086,2024-01-01,22023,LA Clippers,Miami Heat,121.0,104.0,W,L,80.0,,,14.0,83.0,,,29.0
espn_20240101_401585085,2024-01-01,22023,Utah Jazz,Dallas Mavericks,127.0,90.0,W,L,96.0,,,18.0,93.0,,,10.0
espn_20240101_401585083,2024-01-01,22023,Denver Nuggets,Charlotte Hornets,111.0,93.0,W,L,83.0,,,18.0,86.0,,,16.0
espn_20240101_401585080,2024-01-01,22023,Toronto Raptors,Cleveland Cavaliers,124.0,121.0,W,L,87.0,,,40.0,89.0,,,26.0
espn_20240101_401585081,2024-01-01,22023,Houston Rockets,Detroit Pistons,136.0,113.0,W,L,91.0,,,24.0,83.0,,,27.0
espn_20240101_401585082,2024-01-01,22023,Milwaukee Bucks,Indiana Pacers,113.0,122.0,L,W,93.0,,,26.0,97.0,,,38.0
espn_20240101_401585079,2024-01-01,22023,New York Knicks,Minnesota Timberwolves,112.0,106.0,W,L,89.0,,,28.0,76.0,,,29.0
espn_20240102_401585087,2024-01-02,22023,Philadelphia 76ers,Chicago Bulls,110.0,97.0,W,L,80.0,,,30.0,96.0,,,23.0
espn_20240102_401585088,2024-01-02,22023,Memphis Grizzlies,San Antonio Spurs,106.0,98.0,W,L,80.0,,,25.0,85.0,,,23.0
espn_20240102_401585089,2024-01-02,22023,New Orleans Pelicans,Brooklyn Nets,112.0,85.0,W,L,88.0,,,18.0,98.0,,,8.0
espn_20240102_401585090,2024-01-02,22023,Oklahoma City Thunder,Boston Celtics,127.0,123.0,W,L,91.0,,,17.0,92.0,,,29.0
espn_20240102_401585091,2024-01-02,22023,Golden State Warriors,Orlando Magic,121.0,115.0,W,L,78.0,,,37.0,92.0,,,23.0
espn_20240102_401585092,2024-01-02,22023,Sacramento Kings,Charlotte Hornets,104.0,111.0,L,W,92.0,,,17.0,82.0,,,19.0
espn_20240103_401585104,2024-01-03,22023,Sacramento Kings,Orlando Magic,138.0,135.0,W,L,105.0,,,31.0,90.0,,,27.0
espn_20240103_401585103,2024-01-03,22023,Los Angeles Lakers,Miami Heat,96.0,110.0,L,W,83.0,,,24.0,93.0,,,17.0
espn_20240103_401585102,2024-01-03,22023,Utah Jazz,Detroit Pistons,154.0,148.0,W,L,103.0,,,35.0,105.0,,,22.0
espn_20240103_401585101,2024-01-03,22023,Phoenix Suns,LA Clippers,122.0,131.0,L,W,79.0,,,26.0,76.0,,,32.0
espn_20240103_401585100,2024-01-03,22023,Dallas Mavericks,Portland Trail Blazers,126.0,97.0,W,L,84.0,,,41.0,87.0,,,22.0
espn_20240103_401585096,2024-01-03,22023,New York Knicks,Chicago Bulls,116.0,100.0,W,L,89.0,,,11.0,89.0,,,16.0
espn_20240103_401585099,2024-01-03,22023,Minnesota Timberwolves,New Orleans Pelicans,106.0,117.0,L,W,82.0,,,27.0,81.0,,,17.0
espn_20240103_401585098,2024-01-03,22023,Memphis Grizzlies,Toronto Raptors,111.0,116.0,L,W,94.0,,,19.0,85.0,,,27.0
espn_20240103_401585097,2024-01-03,22023,Houston Rockets,Brooklyn Nets,112.0,101.0,W,L,76.0,,,27.0,93.0,,,26.0
espn_20240103_401585095,2024-01-03,22023,Atlanta Hawks,Oklahoma City Thunder,141.0,138.0,W,L,95.0,,,33.0,91.0,,,26.0
espn_20240103_401585094,2024-01-03,22023,Indiana Pacers,Milwaukee Bucks,142.0,130.0,W,L,90.0,,,34.0,92.0,,,32.0
espn_20240103_401585093,2024-01-03,22023,Cleveland Cavaliers,Washington Wizards,140.0,101.0,W,L,100.0,,,16.0,101.0,,,11.0
espn_20240104_401585105,2024-01-04,22023,San Antonio Spurs,Milwaukee Bucks,121.0,125.0,L,W,95.0,,,17.0,92.0,,,19.0
espn_20240104_401585106,2024-01-04,22023,Golden State Warriors,Denver Nuggets,127.0,130.0,L,W,90.0,,,16.0,85.0,,,29.0
espn_20240105_401585120,2024-01-05,22023,Sacramento Kings,Toronto Raptors,135.0,130.0,W,L,100.0,,,15.0,87.0,,,27.0
espn_20240105_401585119,2024-01-05,22023,Los Angeles Lakers,Memphis Grizzlies,113.0,127.0,L,W,85.0,,,27.0,82.0,,,20.0
espn_20240105_401585118,2024-01-05,22023,Golden State Warriors,Detroit Pistons,113.0,109.0,W,L,82.0,,,25.0,98.0,,,10.0
espn_20240105_401585117,2024-01-05,22023,Phoenix Suns,Miami Heat,113.0,97.0,W,L,87.0,,,17.0,83.0,,,22.0
espn_20240105_401585116,2024-01-05,22023,Denver Nuggets,Orlando Magic,120.0,122.0,L,W,95.0,,,19.0,82.0,,,34.0
espn_20240105_401585115,2024-01-05,22023,Dallas Mavericks,Portland Trail Blazers,139.0,103.0,W,L,96.0,,,15.0,95.0,,,17.0
espn_20240105_401585114,2024-01-05,22023,New Orleans Pelicans,LA Clippers,95.0,111.0,L,W,92.0,,,23.0,82.0,,,20.0
espn_20240105_401585112,2024-01-05,22023,Chicago Bulls,Charlotte Hornets,104.0,91.0,W,L,74.0,,,17.0,89.0,,,12.0
espn_20240105_401585111,2024-01-05,22023,Philadelphia 76ers,New York Knicks,92.0,128.0,L,W,81.0,,,27.0,89.0,,,25.0
espn_20240105_401585110,2024-01-05,22023,Cleveland Cavaliers,Washington Wizards,114.0,90.0,W,L,77.0,,,23.0,84.0,,,15.0
espn_20240105_401585109,2024-01-05,22023,Brooklyn Nets,Oklahoma City Thunder,124.0,115.0,W,L,91.0,,,33.0,84.0,,,24.0
espn_20240105_401585108,2024-01-05,22023,Indiana Pacers,Atlanta Hawks,150.0,116.0,W,L,94.0,,,13.0,93.0,,,30.0
espn_20240105_401585107,2024-01-05,22023,Boston Celtics,Utah Jazz,126.0,97.0,W,L,90.0,,,36.0,94.0,,,34.0
espn_20240105_401585113,2024-01-05,22023,Houston Rockets,Minnesota Timberwolves,95.0,122.0,L,W,90.0,,,15.0,88.0,,,20.0
espn_20240106_401585121,2024-01-06,22023,Indiana Pacers,Boston Celtics,101.0,118.0,L,W,92.0,,,22.0,90.0,,,19.0
espn_20240106_401585122,2024-01-06,22023,Washington Wizards,New York Knicks,105.0,121.0,L,W,85.0,,,20.0,87.0,,,24.0
espn_20240106_401585123,2024-01-06,22023,Philadelphia 76ers,Utah Jazz,109.0,120.0,L,W,104.0,,,23.0,80.0,,,24.0
espn_20240106_401585124,2024-01-06,22023,Houston Rockets,Milwaukee Bucks,112.0,108.0,W,L,83.0,,,32.0,76.0,,,42.0
espn_20240107_401585128,2024-01-07,22023,Sacramento Kings,New Orleans Pelicans,100.0,133.0,L,W,91.0,,,12.0,82.0,,,16.0
espn_20240107_401585133,2024-01-07,22023,Los Angeles Lakers,LA Clippers,106.0,103.0,W,L,82.0,,,16.0,91.0,,,19.0
espn_20240107_401585132,2024-01-07,22023,Golden State Warriors,Toronto Raptors,118.0,133.0,L,W,100.0,,,15.0,94.0,,,14.0
espn_20240107_401585131,2024-01-07,22023,Phoenix Suns,Memphis Grizzlies,115.0,121.0,L,W,102.0,,,22.0,97.0,,,24.0
espn_20240107_401585130,2024-01-07,22023,Denver Nuggets,Detroit Pistons,131.0,114.0,W,L,80.0,,,31.0,89.0,,,30.0
espn_20240107_401585127,2024-01-07,22023,Orlando Magic,Atlanta Hawks,117.0,110.0,W,L,98.0,,,22.0,91.0,,,29.0
espn_20240107_401585126,2024-01-07,22023,Brooklyn Nets,Portland Trail Blazers,127.0,134.0,L,W,91.0,,,25.0,95.0,,,30.0
espn_20240107_401585125,2024-01-07,22023,Cleveland Cavaliers,San Antonio Spurs,117.0,115.0,W,L,88.0,,,21.0,86.0,,,22.0
espn_20240107_401585129,2024-01-07,22023,Dallas Mavericks,Minnesota Timberwolves,115.0,108.0,W,L,95.0,,,20.0,94.0,,,21.0
espn_20240108_401585138,2024-01-08,22023,Milwaukee Bucks,Utah Jazz,116.0,132.0,L,W,94.0,,,19.0,90.0,,,22.0
espn_20240108_401585134,2024-01-08,22023,Charlotte Hornets,Chicago Bulls,112.0,119.0,L,W,94.0,,,17.0,92.0,,,24.0
espn_20240108_401585135,2024-01-08,22023,Indiana Pacers,Boston Celtics,133.0,131.0,W,L,91.0,,,22.0,90.0,,,29.0
espn_20240108_401585136,2024-01-08,22023,Washington Wizards,Oklahoma City Thunder,128.0,136.0,L,W,89.0,,,29.0,88.0,,,24.0
espn_20240108_401585137,2024-01-08,22023,Miami Heat,Houston Rockets,120.0,113.0,W,L,82.0,,,32.0,88.0,,,28.0
espn_20240108_401585139,2024-01-08,22023,LA Clippers,Phoenix Suns,138.0,111.0,W,L,85.0,,,23.0,77.0,,,29.0
espn_20240109_401585144,2024-01-09,22023,Los Angeles Lakers,Toronto Raptors,132.0,131.0,W,L,81.0,,,36.0,94.0,,,13.0
espn_20240109_401585143,2024-01-09,22023,Dallas Mavericks,Memphis Grizzlies,103.0,120.0,L,W,82.0,,,27.0,91.0,,,21.0
espn_20240109_401585142,2024-01-09,22023,New York Knicks,Portland Trail Blazers,112.0,84.0,W,L,89.0,,,23.0,86.0,,,18.0
espn_20240109_401585141,2024-01-09,22023,Orlando Magic,Minnesota Timberwolves,92.0,113.0,L,W,94.0,,,18.0,80.0,,,19.0
espn_20240109_401585140,2024-01-09,22023,Detroit Pistons,Sacramento Kings,110.0,131.0,L,W,85.0,,,21.0,94.0,,,14.0
espn_20240110_401585145,2024-01-10,22023,Boston Celtics,Minnesota Timberwolves,127.0,120.0,W,L,90.0,,,31.0,95.0,,,20.0
espn_20240110_401585146,2024-01-10,22023,Charlotte Hornets,Sacramento Kings,98.0,123.0,L,W,87.0,,,16.0,89.0,,,23.0
espn_20240110_401585147,2024-01-10,22023,Detroit Pistons,San Antonio Spurs,108.0,130.0,L,W,96.0,,,13.0,94.0,,,27.0
espn_20240110_401585148,2024-01-10,22023,Indiana Pacers,Washington Wizards,112.0,104.0,W,L,92.0,,,24.0,88.0,,,30.0
espn_20240110_401585149,2024-01-10,22023,Atlanta Hawks,Philadelphia 76ers,139.0,132.0,W,L,102.0,,,42.0,102.0,,,33.0
espn_20240110_401585150,2024-01-10,22023,Miami Heat,Oklahoma City Thunder,120.0,128.0,L,W,89.0,,,28.0,86.0,,,16.0
espn_20240110_401585151,2024-01-10,22023,Chicago Bulls,Houston Rockets,124.0,119.0,W,L,95.0,,,25.0,101.0,,,20.0
espn_20240110_401585153,2024-01-10,22023,Golden State Warriors,New Orleans Pelicans,105.0,141.0,L,W,89.0,,,18.0,94.0,,,19.0
espn_20240110_401585152,2024-01-10,22023,Utah Jazz,Denver Nuggets,124.0,111.0,W,L,83.0,,,23.0,81.0,,,28.0
espn_20240110_401585154,2024-01-10,22023,LA Clippers,Toronto Raptors,126.0,120.0,W,L,93.0,,,13.0,84.0,,,18.0
espn_20240111_401585159,2024-01-11,22023,Los Angeles Lakers,Phoenix Suns,109.0,127.0,L,W,80.0,,,25.0,93.0,,,23.0
espn_20240111_401585157,2024-01-11,22023,Oklahoma City Thunder,Portland Trail Blazers,139.0,77.0,W,L,93.0,,,22.0,101.0,,,16.0
espn_20240111_401585158,2024-01-11,22023,Dallas Mavericks,New York Knicks,128.0,124.0,W,L,88.0,,,30.0,89.0,,,28.0
espn_20240111_401585155,2024-01-11,22023,Cleveland Cavaliers,Brooklyn Nets,111.0,102.0,W,L,82.0,,,43.0,82.0,,,28.0
espn_20240111_401585156,2024-01-11,22023,Milwaukee Bucks,Boston Celtics,135.0,102.0,W,L,92.0,,,16.0,91.0,,,30.0
espn_20240112_401585160,2024-01-12,22023,Philadelphia 76ers,Sacramento Kings,112.0,93.0,W,L,93.0,,,18.0,95.0,,,26.0
espn_20240112_401585161,2024-01-12,22023,Atlanta Hawks,Indiana Pacers,108.0,126.0,L,W,89.0,,,23.0,79.0,,,12.0
espn_20240112_401585162,2024-01-12,22023,Detroit Pistons,Houston Rockets,110.0,112.0,L,W,88.0,,,16.0,90.0,,,25.0
espn_20240112_401585163,2024-01-12,22023,Miami Heat,Orlando Magic,99.0,96.0,W,L,83.0,,,20.0,82.0,,,20.0
espn_20240112_401585164,2024-01-12,22023,Chicago Bulls,Golden State Warriors,131.0,140.0,L,W,86.0,,,16.0,94.0,,,30.0
espn_20240112_401585165,2024-01-12,22023,Memphis Grizzlies,LA Clippers,119.0,128.0,L,W,95.0,,,27.0,89.0,,,20.0
espn_20240112_401585166,2024-01-12,22023,Minnesota Timberwolves,Portland Trail Blazers,116.0,93.0,W,L,80.0,,,24.0,77.0,,,34.0
espn_20240112_401585169,2024-01-12,22023,San Antonio Spurs,Charlotte Hornets,135.0,99.0,W,L,87.0,,,34.0,89.0,,,28.0
espn_20240112_401585168,2024-01-12,22023,Utah Jazz,Toronto Raptors,145.0,113.0,W,L,93.0,,,26.0,81.0,,,37.0
espn_20240112_401585167,2024-01-12,22023,Denver Nuggets,New Orleans Pelicans,125.0,113.0,W,L,90.0,,,15.0,89.0,,,22.0
espn_20240113_401585175,2024-01-13,22023,Dallas Mavericks,New Orleans Pelicans,108.0,118.0,L,W,82.0,,,20.0,79.0,,,37.0
espn_20240113_401585177,2024-01-13,22023,Utah Jazz,Los Angeles Lakers,132.0,125.0,W,L,93.0,,,39.0,92.0,,,24.0
espn_20240113_401585176,2024-01-13,22023,San Antonio Spurs,Chicago Bulls,116.0,122.0,L,W,95.0,,,23.0,90.0,,,20.0
espn_20240113_401585174,2024-01-13,22023,Oklahoma City Thunder,Orlando Magic,112.0,100.0,W,L,94.0,,,21.0,84.0,,,24.0
espn_20240113_401585171,2024-01-13,22023,Atlanta Hawks,Washington Wizards,99.0,127.0,L,W,93.0,,,33.0,97.0,,,26.0
espn_20240113_401585172,2024-01-13,22023,Memphis Grizzlies,New York Knicks,94.0,106.0,L,W,87.0,,,15.0,83.0,,,19.0
espn_20240113_401585170,2024-01-13,22023,Boston Celtics,Houston Rockets,145.0,113.0,W,L,95.0,,,25.0,99.0,,,30.0
espn_20240113_401585173,2024-01-13,22023,Milwaukee Bucks,Golden State Warriors,129.0,118.0,W,L,94.0,,,17.0,98.0,,,14.0
espn_20240114_401585178,2024-01-14,22023,Denver Nuggets,Indiana Pacers,117.0,109.0,W,L,71.0,,,23.0,92.0,,,22.0
espn_20240114_401585179,2024-01-14,22023,Miami Heat,Charlotte Hornets,104.0,87.0,W,L,81.0,,,16.0,95.0,,,15.0
espn_20240114_401585180,2024-01-14,22023,Milwaukee Bucks,Sacramento Kings,143.0,142.0,W,L,92.0,,,32.0,105.0,,,20.0
espn_20240114_401585181,2024-01-14,22023,Minnesota Timberwolves,LA Clippers,109.0,105.0,W,L,67.0,,,31.0,83.0,,,18.0
espn_20240114_401585182,2024-01-14,22023,Portland Trail Blazers,Phoenix Suns,116.0,127.0,L,W,89.0,,,22.0,76.0,,,27.0
espn_20240115_401585193,2024-01-15,22023,Los Angeles Lakers,Oklahoma City Thunder,112.0,105.0,W,L,84.0,,,18.0,96.0,,,11.0
espn_20240115_401585192,2024-01-15,22023,Utah Jazz,Indiana Pacers,132.0,105.0,W,L,81.0,,,35.0,95.0,,,25.0
espn_20240115_401585191,2024-01-15,22023,Toronto Raptors,Boston Celtics,96.0,105.0,L,W,95.0,,,21.0,82.0,,,25.0
espn_20240115_401585190,2024-01-15,22023,Brooklyn Nets,Miami Heat,95.0,96.0,L,W,99.0,,,16.0,87.0,,,25.0
espn_20240115_401585189,2024-01-15,22023,Cleveland Cavaliers,Chicago Bulls,109.0,91.0,W,L,95.0,,,11.0,83.0,,,16.0
espn_20240115_401585187,2024-01-15,22023,Atlanta Hawks,San Antonio Spurs,109.0,99.0,W,L,93.0,,,21.0,95.0,,,17.0
espn_20240115_401585186,2024-01-15,22023,Washington Wizards,Detroit Pistons,117.0,129.0,L,W,95.0,,,11.0,90.0,,,23.0
espn_20240115_401585185,2024-01-15,22023,New York Knicks,Orlando Magic,94.0,98.0,L,W,83.0,,,22.0,85.0,,,21.0
espn_20240115_401585184,2024-01-15,22023,Dallas Mavericks,New Orleans Pelicans,125.0,120.0,W,L,85.0,,,35.0,81.0,,,41.0
espn_20240115_401585183,2024-01-15,22023,Philadelphia 76ers,Houston Rockets,124.0,115.0,W,L,83.0,,,34.0,88.0,,,32.0
espn_20240115_401585188,2024-01-15,22023,Memphis Grizzlies,Golden State Warriors,116.0,107.0,W,L,86.0,,,40.0,90.0,,,10.0
espn_20240116_401585194,2024-01-16,22023,Philadelphia 76ers,Denver Nuggets,126.0,121.0,W,L,76.0,,,34.0,89.0,,,25.0
espn_20240116_401585195,2024-01-16,22023,Phoenix Suns,Sacramento Kings,119.0,117.0,W,L,85.0,,,20.0,92.0,,,12.0
espn_20240116_401585196,2024-01-16,22023,LA Clippers,Oklahoma City Thunder,128.0,117.0,W,L,87.0,,,23.0,83.0,,,20.0
espn_20240117_401585203,2024-01-17,22023,New Orleans Pelicans,Charlotte Hornets,132.0,112.0,W,L,88.0,,,23.0,90.0,,,18.0
espn_20240117_401585206,2024-01-17,22023,Portland Trail Blazers,Brooklyn Nets,105.0,103.0,W,L,86.0,,,14.0,73.0,,,27.0
espn_20240117_401585205,2024-01-17,22023,Los Angeles Lakers,Dallas Mavericks,127.0,110.0,W,L,91.0,,,24.0,91.0,,,18.0
espn_20240117_401585202,2024-01-17,22023,Toronto Raptors,Miami Heat,121.0,97.0,W,L,88.0,,,18.0,90.0,,,12.0
espn_20240117_401585200,2024-01-17,22023,Cleveland Cavaliers,Milwaukee Bucks,135.0,95.0,W,L,93.0,,,19.0,95.0,,,10.0
espn_20240117_401585201,2024-01-17,22023,New York Knicks,Houston Rockets,109.0,94.0,W,L,87.0,,,22.0,84.0,,,19.0
espn_20240117_401585199,2024-01-17,22023,Boston Celtics,San Antonio Spurs,117.0,98.0,W,L,90.0,,,19.0,93.0,,,16.0
espn_20240117_401585198,2024-01-17,22023,Atlanta Hawks,Orlando Magic,106.0,104.0,W,L,76.0,,,22.0,88.0,,,22.0
espn_20240117_401585197,2024-01-17,22023,Detroit Pistons,Minnesota Timberwolves,117.0,124.0,L,W,89.0,,,19.0,93.0,,,21.0
espn_20240118_401585207,2024-01-18,22023,New York Knicks,Washington Wizards,113.0,109.0,W,L,86.0,,,26.0,90.0,,,22.0
espn_20240118_401585208,2024-01-18,22023,Toronto Raptors,Chicago Bulls,110.0,116.0,L,W,83.0,,,20.0,91.0,,,17.0
espn_20240118_401585209,2024-01-18,22023,Utah Jazz,Oklahoma City Thunder,129.0,134.0,L,W,89.0,,,36.0,86.0,,,28.0
espn_20240118_401585210,2024-01-18,22023,Minnesota Timberwolves,Memphis Grizzlies,118.0,103.0,W,L,82.0,,,21.0,85.0,,,17.0
espn_20240118_401585211,2024-01-18,22023,Sacramento Kings,Indiana Pacers,121.0,126.0,L,W,85.0,,,32.0,89.0,,,19.0
espn_20240119_401585219,2024-01-19,22023,Los Angeles Lakers,Brooklyn Nets,112.0,130.0,L,W,90.0,,,24.0,95.0,,,14.0
espn_20240119_401585218,2024-01-19,22023,Portland Trail Blazers,Indiana Pacers,118.0,115.0,W,L,84.0,,,35.0,91.0,,,25.0
espn_20240119_401585215,2024-01-19,22023,Miami Heat,Atlanta Hawks,108.0,109.0,L,W,82.0,,,22.0,87.0,,,17.0
espn_20240119_401585216,2024-01-19,22023,New Orleans Pelicans,Phoenix Suns,109.0,123.0,L,W,93.0,,,23.0,93.0,,,21.0
espn_20240119_401585213,2024-01-19,22023,Orlando Magic,Philadelphia 76ers,109.0,124.0,L,W,78.0,,,27.0,87.0,,,29.0
espn_20240119_401585212,2024-01-19,22023,Charlotte Hornets,San Antonio Spurs,124.0,120.0,W,L,84.0,,,16.0,84.0,,,17.0
espn_20240119_401585214,2024-01-19,22023,Boston Celtics,Denver Nuggets,100.0,102.0,L,W,89.0,,,14.0,81.0,,,13.0
espn_20240120_401585220,2024-01-20,22023,Detroit Pistons,Milwaukee Bucks,135.0,141.0,L,W,94.0,,,32.0,85.0,,,49.0
espn_20240120_401585221,2024-01-20,22023,Charlotte Hornets,Philadelphia 76ers,89.0,97.0,L,W,85.0,,,14.0,85.0,,,24.0
espn_20240120_401585222,2024-01-20,22023,Washington Wizards,San Antonio Spurs,127.0,131.0,L,W,103.0,,,23.0,96.0,,,23.0
espn_20240120_401585223,2024-01-20,22023,Atlanta Hawks,Cleveland Cavaliers,95.0,116.0,L,W,93.0,,,15.0,85.0,,,16.0
espn_20240120_401585224,2024-01-20,22023,New York Knicks,Toronto Raptors,126.0,100.0,W,L,88.0,,,20.0,92.0,,,23.0
espn_20240120_401585225,2024-01-20,22023,Chicago Bulls,Memphis Grizzlies,125.0,96.0,W,L,91.0,,,21.0,75.0,,,23.0
espn_20240120_401585226,2024-01-20,22023,Houston Rockets,Utah Jazz,127.0,126.0,W,L,117.0,,,22.0,105.0,,,22.0
espn_20240120_401585227,2024-01-20,22023,Minnesota Timberwolves,Oklahoma City Thunder,97.0,102.0,L,W,75.0,,,29.0,81.0,,,35.0
espn_20240121_401585232,2024-01-21,22023,Phoenix Suns,Indiana Pacers,117.0,110.0,W,L,82.0,,,18.0,94.0,,,23.0
espn_20240121_401585233,2024-01-21,22023,Los Angeles Lakers,Portland Trail Blazers,134.0,110.0,W,L,86.0,,,29.0,90.0,,,20.0
espn_20240121_401585230,2024-01-21,22023,Washington Wizards,Denver Nuggets,104.0,113.0,L,W,91.0,,,22.0,88.0,,,28.0
espn_20240121_401585229,2024-01-21,22023,Orlando Magic,Miami Heat,105.0,87.0,W,L,78.0,,,28.0,80.0,,,18.0
espn_20240121_401585228,2024-01-21,22023,LA Clippers,Brooklyn Nets,125.0,114.0,W,L,83.0,,,33.0,90.0,,,16.0
espn_20240121_401585231,2024-01-21,22023,Houston Rockets,Boston Celtics,107.0,116.0,L,W,94.0,,,22.0,98.0,,,18.0
espn_20240122_401585240,2024-01-22,22023,Phoenix Suns,Chicago Bulls,115.0,113.0,W,L,85.0,,,17.0,93.0,,,14.0
espn_20240122_401585234,2024-01-22,22023,Detroit Pistons,Milwaukee Bucks,113.0,122.0,L,W,89.0,,,29.0,94.0,,,34.0
espn_20240122_401585235,2024-01-22,22023,Orlando Magic,Cleveland Cavaliers,99.0,126.0,L,W,74.0,,,30.0,80.0,,,22.0
espn_20240122_401585236,2024-01-22,22023,Philadelphia 76ers,San Antonio Spurs,133.0,123.0,W,L,97.0,,,40.0,93.0,,,27.0
espn_20240122_401585237,2024-01-22,22023,Toronto Raptors,Memphis Grizzlies,100.0,108.0,L,W,79.0,,,23.0,95.0,,,12.0
espn_20240122_401585238,2024-01-22,22023,Minnesota Timberwolves,Charlotte Hornets,125.0,128.0,L,W,84.0,,,25.0,88.0,,,18.0
espn_20240122_401585239,2024-01-22,22023,Dallas Mavericks,Boston Celtics,110.0,119.0,L,W,97.0,,,14.0,88.0,,,30.0
espn_20240122_401585241,2024-01-22,22023,Sacramento Kings,Atlanta Hawks,122.0,107.0,W,L,93.0,,,27.0,93.0,,,27.0
espn_20240123_401585246,2024-01-23,22023,LA Clippers,Los Angeles Lakers,127.0,116.0,W,L,88.0,,,12.0,92.0,,,22.0
espn_20240123_401585245,2024-01-23,22023,Oklahoma City Thunder,Portland Trail Blazers,111.0,109.0,W,L,89.0,,,28.0,86.0,,,21.0
espn_20240123_401585243,2024-01-23,22023,Brooklyn Nets,New York Knicks,103.0,108.0,L,W,95.0,,,5.0,86.0,,,19.0
espn_20240123_401585242,2024-01-23,22023,Indiana Pacers,Denver Nuggets,109.0,114.0,L,W,87.0,,,21.0,88.0,,,17.0
espn_20240123_401585244,2024-01-23,22023,New Orleans Pelicans,Utah Jazz,153.0,124.0,W,L,104.0,,,15.0,92.0,,,32.0
espn_20240124_401585252,2024-01-24,22023,Milwaukee Bucks,Cleveland Cavaliers,126.0,116.0,W,L,90.0,,,28.0,91.0,,,15.0
espn_20240124_401585253,2024-01-24,22023,Dallas Mavericks,Phoenix Suns,109.0,132.0,L,W,89.0,,,18.0,85.0,,,22.0
espn_20240124_401585251,2024-01-24,22023,Houston Rockets,Portland Trail Blazers,131.0,137.0,L,W,94.0,,,22.0,98.0,,,24.0
espn_20240124_401585250,2024-01-24,22023,San Antonio Spurs,Oklahoma City Thunder,114.0,140.0,L,W,86.0,,,25.0,96.0,,,16.0
espn_20240124_401585248,2024-01-24,22023,Washington Wizards,Minnesota Timberwolves,107.0,118.0,L,W,77.0,,,29.0,100.0,,,29.0
espn_20240124_401585247,2024-01-24,22023,Detroit Pistons,Charlotte Hornets,113.0,106.0,W,L,86.0,,,20.0,87.0,,,19.0
espn_20240124_401585249,2024-01-24,22023,Miami Heat,Memphis Grizzlies,96.0,105.0,L,W,82.0,,,25.0,80.0,,,19.0
espn_20240124_401585254,2024-01-24,22023,Golden State Warriors,Atlanta Hawks,134.0,112.0,W,L,91.0,,,22.0,94.0,,,26.0
espn_20240125_401585261,2024-01-25,22023,Los Angeles Lakers,Chicago Bulls,141.0,132.0,W,L,87.0,,,20.0,88.0,,,29.0
espn_20240125_401585259,2024-01-25,22023,New York Knicks,Denver Nuggets,122.0,84.0,W,L,85.0,,,20.0,84.0,,,13.0
espn_20240125_401585258,2024-01-25,22023,Miami Heat,Boston Celtics,110.0,143.0,L,W,94.0,,,13.0,80.0,,,20.0
espn_20240125_401585260,2024-01-25,22023,Golden State Warriors,Sacramento Kings,133.0,134.0,L,W,86.0,,,23.0,91.0,,,19.0
espn_20240125_401585256,2024-01-25,22023,Washington Wizards,Utah Jazz,108.0,123.0,L,W,88.0,,,20.0,97.0,,,12.0
espn_20240125_401585257,2024-01-25,22023,Brooklyn Nets,Minnesota Timberwolves,94.0,96.0,L,W,77.0,,,16.0,75.0,,,16.0
espn_20240125_401585255,2024-01-25,22023,Indiana Pacers,Philadelphia 76ers,134.0,122.0,W,L,93.0,,,21.0,87.0,,,43.0
espn_20240126_401585262,2024-01-26,22023,Atlanta Hawks,Dallas Mavericks,143.0,148.0,L,W,97.0,,,30.0,85.0,,,32.0
espn_20240126_401585263,2024-01-26,22023,Charlotte Hornets,Houston Rockets,104.0,138.0,L,W,85.0,,,32.0,89.0,,,31.0
espn_20240126_401585264,2024-01-26,22023,Indiana Pacers,Phoenix Suns,133.0,131.0,W,L,109.0,,,15.0,89.0,,,18.0
espn_20240126_401585265,2024-01-26,22023,Toronto Raptors,LA Clippers,107.0,127.0,L,W,96.0,,,22.0,95.0,,,24.0
espn_20240126_401585266,2024-01-26,22023,Memphis Grizzlies,Orlando Magic,107.0,106.0,W,L,90.0,,,13.0,81.0,,,29.0
espn_20240126_401585267,2024-01-26,22023,Milwaukee Bucks,Cleveland Cavaliers,100.0,112.0,L,W,87.0,,,24.0,92.0,,,31.0
espn_20240126_401585268,2024-01-26,22023,New Orleans Pelicans,Oklahoma City Thunder,83.0,107.0,L,W,82.0,,,14.0,88.0,,,14.0
espn_20240126_401585269,2024-01-26,22023,San Antonio Spurs,Portland Trail Blazers,116.0,100.0,W,L,92.0,,,26.0,90.0,,,19.0
espn_20240127_401585279,2024-01-27,22023,Dallas Mavericks,Sacramento Kings,115.0,120.0,L,W,98.0,,,18.0,80.0,,,30.0
espn_20240127_401585278,2024-01-27,22023,Golden State Warriors,Los Angeles Lakers,144.0,145.0,L,W,119.0,,,16.0,101.0,,,43.0
espn_20240127_401585277,2024-01-27,22023,San Antonio Spurs,Minnesota Timberwolves,113.0,112.0,W,L,84.0,,,15.0,79.0,,,15.0
espn_20240127_401585276,2024-01-27,22023,Milwaukee Bucks,New Orleans Pelicans,141.0,117.0,W,L,91.0,,,25.0,85.0,,,36.0
espn_20240127_401585275,2024-01-27,22023,Charlotte Hornets,Utah Jazz,122.0,134.0,L,W,92.0,,,21.0,93.0,,,17.0
espn_20240127_401585274,2024-01-27,22023,Boston Celtics,LA Clippers,96.0,115.0,L,W,100.0,,,16.0,102.0,,,18.0
espn_20240127_401585273,2024-01-27,22023,Brooklyn Nets,Houston Rockets,106.0,104.0,W,L,74.0,,,37.0,94.0,,,23.0
espn_20240127_401585272,2024-01-27,22023,Denver Nuggets,Philadelphia 76ers,111.0,105.0,W,L,82.0,,,38.0,81.0,,,16.0
espn_20240127_401585271,2024-01-27,22023,New York Knicks,Miami Heat,125.0,109.0,W,L,87.0,,,26.0,88.0,,,16.0
espn_20240127_401585270,2024-01-27,22023,Detroit Pistons,Washington Wizards,104.0,118.0,L,W,85.0,,,27.0,100.0,,,21.0
espn_20240128_401585282,2024-01-28,22023,Detroit Pistons,Oklahoma City Thunder,120.0,104.0,W,L,95.0,,,19.0,92.0,,,12.0
espn_20240128_401585280,2024-01-28,22023,Indiana Pacers,Memphis Grizzlies,116.0,110.0,W,L,90.0,,,16.0,82.0,,,31.0
espn_20240128_401585281,2024-01-28,22023,Atlanta Hawks,Toronto Raptors,126.0,125.0,W,L,95.0,,,40.0,89.0,,,32.0
espn_20240128_401585283,2024-01-28,22023,Orlando Magic,Phoenix Suns,113.0,98.0,W,L,92.0,,,26.0,73.0,,,21.0
espn_20240128_401585284,2024-01-28,22023,Portland Trail Blazers,Chicago Bulls,96.0,104.0,L,W,79.0,,,29.0,90.0,,,17.0
espn_20240129_401585295,2024-01-29,22023,Denver Nuggets,Milwaukee Bucks,113.0,107.0,W,L,91.0,,,24.0,84.0,,,25.0
espn_20240129_401585294,2024-01-29,22023,Dallas Mavericks,Orlando Magic,131.0,129.0,W,L,69.0,,,43.0,88.0,,,28.0
espn_20240129_401585296,2024-01-29,22023,Portland Trail Blazers,Philadelphia 76ers,130.0,104.0,W,L,84.0,,,29.0,83.0,,,28.0
espn_20240129_401585293,2024-01-29,22023,San Antonio Spurs,Washington Wizards,113.0,118.0,L,W,92.0,,,17.0,86.0,,,24.0
espn_20240129_401585292,2024-01-29,22023,Oklahoma City Thunder,Minnesota Timberwolves,101.0,107.0,L,W,79.0,,,22.0,83.0,,,15.0
espn_20240129_401585291,2024-01-29,22023,Memphis Grizzlies,Sacramento Kings,94.0,103.0,L,W,80.0,,,28.0,84.0,,,10.0
espn_20240129_401585287,2024-01-29,22023,Boston Celtics,New Orleans Pelicans,118.0,112.0,W,L,85.0,,,20.0,91.0,,,13.0
espn_20240129_401585289,2024-01-29,22023,Miami Heat,Phoenix Suns,105.0,118.0,L,W,84.0,,,25.0,94.0,,,17.0
espn_20240129_401585288,2024-01-29,22023,Brooklyn Nets,Utah Jazz,147.0,114.0,W,L,105.0,,,19.0,86.0,,,34.0
espn_20240129_401585286,2024-01-29,22023,Cleveland Cavaliers,LA Clippers,118.0,108.0,W,L,86.0,,,26.0,80.0,,,28.0
espn_20240129_401585285,2024-01-29,22023,Charlotte Hornets,New York Knicks,92.0,113.0,L,W,81.0,,,14.0,84.0,,,16.0
espn_20240129_401585290,2024-01-29,22023,Houston Rockets,Los Angeles Lakers,135.0,119.0,W,L,98.0,,,25.0,91.0,,,26.0
espn_20240130_401585297,2024-01-30,22023,Atlanta Hawks,Los Angeles Lakers,138.0,122.0,W,L,101.0,,,18.0,90.0,,,25.0
espn_20240130_401585298,2024-01-30,22023,Boston Celtics,Indiana Pacers,129.0,124.0,W,L,87.0,,,22.0,108.0,,,15.0
espn_20240130_401585299,2024-01-30,22023,New York Knicks,Utah Jazz,118.0,103.0,W,L,94.0,,,18.0,86.0,,,17.0
espn_20240130_401585300,2024-01-30,22023,Chicago Bulls,Toronto Raptors,107.0,118.0,L,W,75.0,,,27.0,83.0,,,20.0
espn_20240130_401585301,2024-01-30,22023,Golden State Warriors,Philadelphia 76ers,119.0,107.0,W,L,79.0,,,19.0,85.0,,,21.0
espn_20240131_401585311,2024-01-31,22023,Portland Trail Blazers,Milwaukee Bucks,119.0,116.0,W,L,92.0,,,9.0,92.0,,,18.0
espn_20240131_401585305,2024-01-31,22023,Brooklyn Nets,Phoenix Suns,120.0,136.0,L,W,94.0,,,13.0,79.0,,,32.0
espn_20240131_401585310,2024-01-31,22023,Oklahoma City Thunder,Denver Nuggets,105.0,100.0,W,L,87.0,,,25.0,93.0,,,16.0
espn_20240131_401585309,2024-01-31,22023,San Antonio Spurs,Orlando Magic,98.0,108.0,L,W,80.0,,,24.0,86.0,,,23.0
espn_20240131_401585308,2024-01-31,22023,Minnesota Timberwolves,Dallas Mavericks,121.0,87.0,W,L,80.0,,,30.0,76.0,,,26.0
espn_20240131_401585304,2024-01-31,22023,Washington Wizards,LA Clippers,109.0,125.0,L,W,97.0,,,15.0,100.0,,,22.0
espn_20240131_401585306,2024-01-31,22023,Miami Heat,Sacramento Kings,115.0,106.0,W,L,84.0,,,23.0,93.0,,,18.0
espn_20240131_401585303,2024-01-31,22023,Cleveland Cavaliers,Detroit Pistons,128.0,121.0,W,L,89.0,,,23.0,81.0,,,19.0
espn_20240131_401585302,2024-01-31,22023,Charlotte Hornets,Chicago Bulls,110.0,117.0,L,W,90.0,,,17.0,87.0,,,22.0
espn_20240131_401585307,2024-01-31,22023,Houston Rockets,New Orleans Pelicans,99.0,110.0,L,W,87.0,,,17.0,82.0,,,24.0
espn_20240201_401585314,2024-02-01,22023,Utah Jazz,Philadelphia 76ers,124.0,127.0,L,W,87.0,,,25.0,94.0,,,21.0
espn_20240201_401585312,2024-02-01,22023,Boston Celtics,Los Angeles Lakers,105.0,114.0,L,W,97.0,,,7.0,94.0,,,26.0
espn_20240201_401585313,2024-02-01,22023,New York Knicks,Indiana Pacers,109.0,105.0,W,L,103.0,,,25.0,93.0,,,13.0
espn_20240201_401585315,2024-02-01,22023,Memphis Grizzlies,Cleveland Cavaliers,101.0,108.0,L,W,90.0,,,17.0,86.0,,,18.0
espn_20240202_401585323,2024-02-02,22023,Oklahoma City Thunder,Charlotte Hornets,126.0,106.0,W,L,75.0,,,27.0,92.0,,,14.0
espn_20240202_401585322,2024-02-02,22023,Minnesota Timberwolves,Orlando Magic,106.0,108.0,L,W,82.0,,,20.0,85.0,,,26.0
espn_20240202_401585324,2024-02-02,22023,San Antonio Spurs,New Orleans Pelicans,113.0,114.0,L,W,96.0,,,18.0,95.0,,,21.0
espn_20240202_401585321,2024-02-02,22023,Memphis Grizzlies,Golden State Warriors,101.0,121.0,L,W,87.0,,,24.0,83.0,,,22.0
espn_20240202_401585325,2024-02-02,22023,Denver Nuggets,Portland Trail Blazers,120.0,108.0,W,L,91.0,,,17.0,80.0,,,30.0
espn_20240202_401585319,2024-02-02,22023,Indiana Pacers,Sacramento Kings,122.0,133.0,L,W,85.0,,,24.0,90.0,,,28.0
espn_20240202_401585318,2024-02-02,22023,Atlanta Hawks,Phoenix Suns,129.0,120.0,W,L,95.0,,,18.0,88.0,,,14.0
espn_20240202_401585317,2024-02-02,22023,Washington Wizards,Miami Heat,102.0,110.0,L,W,90.0,,,21.0,88.0,,,35.0
espn_20240202_401585316,2024-02-02,22023,Detroit Pistons,LA Clippers,125.0,136.0,L,W,89.0,,,24.0,89.0,,,19.0
espn_20240202_401585320,2024-02-02,22023,Houston Rockets,Toronto Raptors,135.0,106.0,W,L,93.0,,,17.0,91.0,,,20.0
espn_20240203_401585326,2024-02-03,22023,Philadelphia 76ers,Brooklyn Nets,121.0,136.0,L,W,96.0,,,27.0,95.0,,,23.0
espn_20240203_401585327,2024-02-03,22023,Atlanta Hawks,Golden State Warriors,141.0,134.0,W,L,114.0,,,22.0,112.0,,,20.0
espn_20240203_401585328,2024-02-03,22023,Chicago Bulls,Sacramento Kings,115.0,123.0,L,W,91.0,,,22.0,84.0,,,29.0
espn_20240203_401585329,2024-02-03,22023,New York Knicks,Los Angeles Lakers,105.0,113.0,L,W,100.0,,,15.0,80.0,,,27.0
espn_20240203_401585330,2024-02-03,22023,Dallas Mavericks,Milwaukee Bucks,117.0,129.0,L,W,81.0,,,23.0,88.0,,,25.0
espn_20240203_401585331,2024-02-03,22023,San Antonio Spurs,Cleveland Cavaliers,101.0,117.0,L,W,98.0,,,21.0,97.0,,,13.0
espn_20240204_401585340,2024-02-04,22023,Denver Nuggets,Portland Trail Blazers,112.0,103.0,W,L,86.0,,,19.0,85.0,,,15.0
espn_20240204_401585339,2024-02-04,22023,Utah Jazz,Milwaukee Bucks,123.0,108.0,W,L,89.0,,,24.0,84.0,,,25.0
espn_20240204_401585338,2024-02-04,22023,Oklahoma City Thunder,Toronto Raptors,135.0,127.0,W,L,110.0,,,8.0,101.0,,,21.0
espn_20240204_401585337,2024-02-04,22023,Minnesota Timberwolves,Houston Rockets,111.0,90.0,W,L,90.0,,,27.0,88.0,,,27.0
espn_20240204_401585335,2024-02-04,22023,Charlotte Hornets,Indiana Pacers,99.0,115.0,L,W,88.0,,,25.0,92.0,,,18.0
espn_20240204_401585334,2024-02-04,22023,Boston Celtics,Memphis Grizzlies,131.0,91.0,W,L,99.0,,,18.0,92.0,,,12.0
espn_20240204_401585333,2024-02-04,22023,Washington Wizards,Phoenix Suns,112.0,140.0,L,W,96.0,,,17.0,88.0,,,26.0
espn_20240204_401585332,2024-02-04,22023,Detroit Pistons,Orlando Magic,99.0,111.0,L,W,80.0,,,22.0,84.0,,,15.0
espn_20240204_401585336,2024-02-04,22023,Miami Heat,LA Clippers,95.0,103.0,L,W,91.0,,,12.0,77.0,,,22.0
espn_20240205_401585341,2024-02-05,22023,Charlotte Hornets,Los Angeles Lakers,118.0,124.0,L,W,96.0,,,14.0,89.0,,,19.0
espn_20240205_401585342,2024-02-05,22023,Cleveland Cavaliers,Sacramento Kings,136.0,110.0,W,L,88.0,,,17.0,93.0,,,12.0
espn_20240205_401585343,2024-02-05,22023,Philadelphia 76ers,Dallas Mavericks,102.0,118.0,L,W,93.0,,,20.0,87.0,,,23.0
espn_20240205_401585344,2024-02-05,22023,Atlanta Hawks,LA Clippers,144.0,149.0,L,W,95.0,,,27.0,89.0,,,31.0
espn_20240205_401585345,2024-02-05,22023,Brooklyn Nets,Golden State Warriors,98.0,109.0,L,W,89.0,,,22.0,93.0,,,23.0
espn_20240205_401585346,2024-02-05,22023,New Orleans Pelicans,Toronto Raptors,138.0,100.0,W,L,104.0,,,13.0,84.0,,,15.0
espn_20240206_401585352,2024-02-06,22023,Utah Jazz,Oklahoma City Thunder,124.0,117.0,W,L,89.0,,,20.0,90.0,,,18.0
espn_20240206_401585353,2024-02-06,22023,Phoenix Suns,Milwaukee Bucks,114.0,106.0,W,L,87.0,,,27.0,90.0,,,25.0
espn_20240206_401585351,2024-02-06,22023,Chicago Bulls,Minnesota Timberwolves,129.0,123.0,W,L,93.0,,,32.0,92.0,,,26.0
espn_20240206_401585350,2024-02-06,22023,New York Knicks,Memphis Grizzlies,123.0,113.0,W,L,86.0,,,20.0,80.0,,,16.0
espn_20240206_401585349,2024-02-06,22023,Miami Heat,Orlando Magic,121.0,95.0,W,L,87.0,,,18.0,80.0,,,21.0
espn_20240206_401585348,2024-02-06,22023,Brooklyn Nets,Dallas Mavericks,107.0,119.0,L,W,91.0,,,15.0,91.0,,,13.0
espn_20240206_401585347,2024-02-06,22023,Indiana Pacers,Houston Rockets,132.0,129.0,W,L,86.0,,,14.0,97.0,,,23.0
espn_20240207_401585354,2024-02-07,22023,Charlotte Hornets,Toronto Raptors,117.0,123.0,L,W,90.0,,,20.0,81.0,,,24.0
espn_20240207_401585356,2024-02-07,22023,Washington Wizards,Cleveland Cavaliers,106.0,114.0,L,W,94.0,,,9.0,88.0,,,22.0
espn_20240207_401585355,2024-02-07,22023,Philadelphia 76ers,Golden State Warriors,104.0,127.0,L,W,98.0,,,14.0,94.0,,,22.0
espn_20240207_401585357,2024-02-07,22023,Boston Celtics,Atlanta Hawks,125.0,117.0,W,L,93.0,,,11.0,102.0,,,20.0
espn_20240207_401585358,2024-02-07,22023,Miami Heat,San Antonio Spurs,116.0,104.0,W,L,87.0,,,23.0,90.0,,,17.0
espn_20240207_401585359,2024-02-07,22023,LA Clippers,New Orleans Pelicans,106.0,117.0,L,W,78.0,,,26.0,88.0,,,16.0
espn_20240207_401585360,2024-02-07,22023,Sacramento Kings,Detroit Pistons,120.0,133.0,L,W,95.0,,,22.0,84.0,,,22.0
espn_20240208_401585369,2024-02-08,22023,Portland Trail Blazers,Detroit Pistons,122.0,128.0,L,W,89.0,,,33.0,93.0,,,31.0
espn_20240208_401585368,2024-02-08,22023,Los Angeles Lakers,Denver Nuggets,106.0,114.0,L,W,89.0,,,22.0,97.0,,,7.0
espn_20240208_401585367,2024-02-08,22023,Phoenix Suns,Utah Jazz,129.0,115.0,W,L,88.0,,,16.0,94.0,,,31.0
espn_20240208_401585366,2024-02-08,22023,Milwaukee Bucks,Minnesota Timberwolves,105.0,129.0,L,W,81.0,,,16.0,87.0,,,16.0
espn_20240208_401585365,2024-02-08,22023,Memphis Grizzlies,Chicago Bulls,110.0,118.0,L,W,91.0,,,13.0,79.0,,,22.0
espn_20240208_401585364,2024-02-08,22023,New York Knicks,Dallas Mavericks,108.0,122.0,L,W,94.0,,,11.0,82.0,,,23.0
espn_20240208_401585363,2024-02-08,22023,Brooklyn Nets,Cleveland Cavaliers,95.0,118.0,L,W,93.0,,,14.0,80.0,,,17.0
espn_20240208_401585362,2024-02-08,22023,Orlando Magic,San Antonio Spurs,127.0,111.0,W,L,82.0,,,20.0,81.0,,,17.0
espn_20240208_401585361,2024-02-08,22023,Indiana Pacers,Golden State Warriors,109.0,131.0,L,W,81.0,,,27.0,93.0,,,13.0
espn_20240209_401585370,2024-02-09,22023,Philadelphia 76ers,Atlanta Hawks,121.0,127.0,L,W,98.0,,,29.0,81.0,,,33.0
espn_20240209_401585371,2024-02-09,22023,Boston Celtics,Washington Wizards,133.0,129.0,W,L,92.0,,,28.0,95.0,,,21.0
espn_20240209_401585372,2024-02-09,22023,Toronto Raptors,Houston Rockets,107.0,104.0,W,L,95.0,,,19.0,85.0,,,16.0
espn_20240209_401585373,2024-02-09,22023,Milwaukee Bucks,Charlotte Hornets,120.0,84.0,W,L,94.0,,,24.0,79.0,,,29.0
espn_20240209_401585374,2024-02-09,22023,Sacramento Kings,Denver Nuggets,135.0,106.0,W,L,87.0,,,18.0,82.0,,,28.0
espn_20240209_401585375,2024-02-09,22023,Los Angeles Lakers,New Orleans Pelicans,139.0,122.0,W,L,88.0,,,32.0,89.0,,,23.0
espn_20240210_401585386,2024-02-10,22023,Portland Trail Blazers,New Orleans Pelicans,84.0,93.0,L,W,76.0,,,17.0,76.0,,,16.0
espn_20240210_401585385,2024-02-10,22023,Golden State Warriors,Phoenix Suns,113.0,112.0,W,L,101.0,,,11.0,94.0,,,16.0
espn_20240210_401585384,2024-02-10,22023,Toronto Raptors,Cleveland Cavaliers,95.0,119.0,L,W,87.0,,,23.0,92.0,,,13.0
espn_20240210_401585383,2024-02-10,22023,New York Knicks,Indiana Pacers,111.0,125.0,L,W,84.0,,,23.0,82.0,,,19.0
espn_20240210_401585382,2024-02-10,22023,Atlanta Hawks,Houston Rockets,122.0,113.0,W,L,88.0,,,37.0,100.0,,,19.0
espn_20240210_401585379,2024-02-10,22023,Charlotte Hornets,Memphis Grizzlies,115.0,106.0,W,L,82.0,,,7.0,92.0,,,8.0
espn_20240210_401585380,2024-02-10,22023,Orlando Magic,Chicago Bulls,114.0,108.0,W,L,88.0,,,26.0,99.0,,,14.0
espn_20240210_401585378,2024-02-10,22023,Brooklyn Nets,San Antonio Spurs,123.0,103.0,W,L,87.0,,,11.0,91.0,,,21.0
espn_20240210_401585377,2024-02-10,22023,LA Clippers,Detroit Pistons,112.0,106.0,W,L,82.0,,,26.0,102.0,,,7.0
espn_20240210_401585376,2024-02-10,22023,Dallas Mavericks,Oklahoma City Thunder,146.0,111.0,W,L,91.0,,,33.0,98.0,,,21.0
espn_20240210_401585381,2024-02-10,22023,Washington Wizards,Philadelphia 76ers,113.0,119.0,L,W,86.0,,,21.0,100.0,,,23.0
espn_20240211_401585387,2024-02-11,22023,Miami Heat,Boston Celtics,106.0,110.0,L,W,97.0,,,15.0,81.0,,,17.0
espn_20240211_401585388,2024-02-11,22023,Oklahoma City Thunder,Sacramento Kings,127.0,113.0,W,L,85.0,,,27.0,90.0,,,13.0
espn_20240212_401585398,2024-02-12,22023,LA Clippers,Minnesota Timberwolves,100.0,121.0,L,W,84.0,,,26.0,86.0,,,19.0
espn_20240212_401585397,2024-02-12,22023,Utah Jazz,Golden State Warriors,107.0,129.0,L,W,92.0,,,16.0,100.0,,,17.0
espn_20240212_401585395,2024-02-12,22023,Milwaukee Bucks,Denver Nuggets,112.0,95.0,W,L,84.0,,,18.0,94.0,,,17.0
espn_20240212_401585394,2024-02-12,22023,Memphis Grizzlies,New Orleans Pelicans,87.0,96.0,L,W,81.0,,,8.0,78.0,,,24.0
espn_20240212_401585396,2024-02-12,22023,Dallas Mavericks,Washington Wizards,112.0,104.0,W,L,96.0,,,26.0,106.0,,,15.0
espn_20240212_401585392,2024-02-12,22023,Toronto Raptors,San Antonio Spurs,99.0,122.0,L,W,98.0,,,16.0,87.0,,,23.0
espn_20240212_401585391,2024-02-12,22023,Atlanta Hawks,Chicago Bulls,126.0,136.0,L,W,94.0,,,29.0,92.0,,,29.0
espn_20240212_401585390,2024-02-12,22023,Cleveland Cavaliers,Philadelphia 76ers,121.0,123.0,L,W,92.0,,,25.0,88.0,,,19.0
espn_20240212_401585389,2024-02-12,22023,Charlotte Hornets,Indiana Pacers,111.0,102.0,W,L,82.0,,,16.0,83.0,,,16.0
espn_20240212_401585393,2024-02-12,22023,Houston Rockets,New York Knicks,105.0,103.0,W,L,80.0,,,33.0,92.0,,,12.0
espn_20240213_401585404,2024-02-13,22023,Los Angeles Lakers,Detroit Pistons,125.0,111.0,W,L,84.0,,,30.0,108.0,,,17.0
espn_20240213_401585403,2024-02-13,22023,Portland Trail Blazers,Minnesota Timberwolves,109.0,121.0,L,W,87.0,,,25.0,84.0,,,34.0
espn_20240213_401585402,2024-02-13,22023,Phoenix Suns,Sacramento Kings,130.0,125.0,W,L,85.0,,,36.0,95.0,,,24.0
espn_20240213_401585400,2024-02-13,22023,Orlando Magic,Oklahoma City Thunder,113.0,127.0,L,W,91.0,,,25.0,84.0,,,24.0
espn_20240213_401585399,2024-02-13,22023,Brooklyn Nets,Boston Celtics,110.0,118.0,L,W,79.0,,,26.0,83.0,,,23.0
espn_20240213_401585401,2024-02-13,22023,Milwaukee Bucks,Miami Heat,97.0,123.0,L,W,83.0,,,11.0,87.0,,,18.0
espn_20240214_401585417,2024-02-14,22023,Golden State Warriors,LA Clippers,125.0,130.0,L,W,103.0,,,18.0,88.0,,,37.0
espn_20240214_401585416,2024-02-14,22023,Utah Jazz,Los Angeles Lakers,122.0,138.0,L,W,101.0,,,13.0,91.0,,,24.0
espn_20240214_401585415,2024-02-14,22023,Phoenix Suns,Detroit Pistons,116.0,100.0,W,L,77.0,,,44.0,99.0,,,22.0
espn_20240214_401585414,2024-02-14,22023,Denver Nuggets,Sacramento Kings,98.0,102.0,L,W,89.0,,,22.0,89.0,,,19.0
espn_20240214_401585413,2024-02-14,22023,Dallas Mavericks,San Antonio Spurs,116.0,93.0,W,L,92.0,,,10.0,100.0,,,15.0
espn_20240214_401585412,2024-02-14,22023,New Orleans Pelicans,Washington Wizards,133.0,126.0,W,L,89.0,,,29.0,92.0,,,20.0
espn_20240214_401585409,2024-02-14,22023,Cleveland Cavaliers,Chicago Bulls,108.0,105.0,W,L,83.0,,,21.0,83.0,,,17.0
espn_20240214_401585410,2024-02-14,22023,Toronto Raptors,Indiana Pacers,125.0,127.0,L,W,98.0,,,26.0,97.0,,,23.0
espn_20240214_401585408,2024-02-14,22023,Boston Celtics,Brooklyn Nets,136.0,86.0,W,L,91.0,,,12.0,81.0,,,15.0
espn_20240214_401585407,2024-02-14,22023,Philadelphia 76ers,Miami Heat,104.0,109.0,L,W,86.0,,,16.0,88.0,,,15.0
espn_20240214_401585406,2024-02-14,22023,Orlando Magic,New York Knicks,118.0,100.0,W,L,76.0,,,11.0,84.0,,,24.0
espn_20240214_401585405,2024-02-14,22023,Charlotte Hornets,Atlanta Hawks,122.0,99.0,W,L,89.0,,,20.0,89.0,,,20.0
espn_20240214_401585411,2024-02-14,22023,Memphis Grizzlies,Houston Rockets,121.0,113.0,W,L,79.0,,,41.0,102.0,,,28.0
espn_20240215_401585418,2024-02-15,22023,Memphis Grizzlies,Milwaukee Bucks,113.0,110.0,W,L,83.0,,,19.0,90.0,,,20.0
espn_20240215_401636113,2024-02-15,22023,Utah Jazz,Golden State Warriors,137.0,140.0,L,W,93.0,,,32.0,92.0,,,28.0
espn_20240215_401585419,2024-02-15,22023,Portland Trail Blazers,Minnesota Timberwolves,91.0,128.0,L,W,83.0,,,30.0,89.0,,,27.0
espn_20240218_401623259,2024-02-18,22023,Eastern Conf All-Stars,Western Conf All-Stars,211.0,186.0,W,L,146.0,,,4.0,143.0,,,1.0
espn_20240222_401585431,2024-02-22,22023,Sacramento Kings,San Antonio Spurs,127.0,122.0,W,L,93.0,,,14.0,98.0,,,16.0
espn_20240222_401585430,2024-02-22,22023,Golden State Warriors,Los Angeles Lakers,128.0,110.0,W,L,107.0,,,14.0,88.0,,,21.0
espn_20240222_401585429,2024-02-22,22023,Utah Jazz,Charlotte Hornets,107.0,115.0,L,W,86.0,,,27.0,92.0,,,22.0
espn_20240222_401585428,2024-02-22,22023,Denver Nuggets,Washington Wizards,130.0,110.0,W,L,101.0,,,15.0,104.0,,,23.0
espn_20240222_401585427,2024-02-22,22023,Oklahoma City Thunder,LA Clippers,129.0,107.0,W,L,90.0,,,17.0,93.0,,,13.0
espn_20240222_401585426,2024-02-22,22023,New Orleans Pelicans,Houston Rockets,127.0,105.0,W,L,96.0,,,18.0,82.0,,,28.0
espn_20240222_401585422,2024-02-22,22023,Philadelphia 76ers,New York Knicks,96.0,110.0,L,W,84.0,,,14.0,79.0,,,27.0
espn_20240222_401585424,2024-02-22,22023,Dallas Mavericks,Phoenix Suns,123.0,113.0,W,L,90.0,,,21.0,83.0,,,24.0
espn_20240222_401585423,2024-02-22,22023,Toronto Raptors,Brooklyn Nets,121.0,93.0,W,L,84.0,,,30.0,80.0,,,22.0
espn_20240222_401585421,2024-02-22,22023,Indiana Pacers,Detroit Pistons,129.0,115.0,W,L,94.0,,,19.0,89.0,,,18.0
espn_20240222_401585420,2024-02-22,22023,Cleveland Cavaliers,Orlando Magic,109.0,116.0,L,W,70.0,,,26.0,84.0,,,18.0
espn_20240222_401585425,2024-02-22,22023,Chicago Bulls,Boston Celtics,112.0,129.0,L,W,94.0,,,16.0,83.0,,,21.0
espn_20240223_401585436,2024-02-23,22023,Minnesota Timberwolves,Milwaukee Bucks,107.0,112.0,L,W,98.0,,,13.0,87.0,,,25.0
espn_20240223_401585441,2024-02-23,22023,Los Angeles Lakers,San Antonio Spurs,123.0,118.0,W,L,95.0,,,18.0,96.0,,,23.0
espn_20240223_401585439,2024-02-23,22023,Golden State Warriors,Charlotte Hornets,97.0,84.0,W,L,89.0,,,10.0,88.0,,,11.0
espn_20240223_401585438,2024-02-23,22023,New Orleans Pelicans,Miami Heat,95.0,106.0,L,W,104.0,,,13.0,82.0,,,25.0
espn_20240223_401585440,2024-02-23,22023,Portland Trail Blazers,Denver Nuggets,112.0,127.0,L,W,101.0,,,18.0,85.0,,,22.0
espn_20240223_401585435,2024-02-23,22023,Memphis Grizzlies,LA Clippers,95.0,101.0,L,W,91.0,,,16.0,84.0,,,17.0
espn_20240223_401585434,2024-02-23,22023,Houston Rockets,Phoenix Suns,114.0,110.0,W,L,93.0,,,34.0,95.0,,,35.0
espn_20240223_401585433,2024-02-23,22023,Philadelphia 76ers,Cleveland Cavaliers,104.0,97.0,W,L,90.0,,,15.0,80.0,,,31.0
espn_20240223_401585432,2024-02-23,22023,Atlanta Hawks,Toronto Raptors,121.0,123.0,L,W,106.0,,,24.0,102.0,,,8.0
espn_20240223_401585437,2024-02-23,22023,Oklahoma City Thunder,Washington Wizards,147.0,106.0,W,L,92.0,,,21.0,104.0,,,21.0
espn_20240224_401585442,2024-02-24,22023,Detroit Pistons,Orlando Magic,109.0,112.0,L,W,85.0,,,13.0,87.0,,,21.0
espn_20240224_401585444,2024-02-24,22023,New York Knicks,Boston Celtics,102.0,116.0,L,W,82.0,,,16.0,81.0,,,12.0
espn_20240224_401585443,2024-02-24,22023,Minnesota Timberwolves,Brooklyn Nets,101.0,86.0,W,L,84.0,,,23.0,104.0,,,11.0
espn_20240225_401585455,2024-02-25,22023,LA Clippers,Sacramento Kings,107.0,123.0,L,W,82.0,,,20.0,91.0,,,22.0
espn_20240225_401585454,2024-02-25,22023,Portland Trail Blazers,Charlotte Hornets,80.0,93.0,L,W,95.0,,,16.0,75.0,,,17.0
espn_20240225_401585453,2024-02-25,22023,Utah Jazz,San Antonio Spurs,128.0,109.0,W,L,90.0,,,22.0,91.0,,,19.0
espn_20240225_401585452,2024-02-25,22023,Golden State Warriors,Denver Nuggets,103.0,119.0,L,W,81.0,,,29.0,88.0,,,26.0
espn_20240225_401585451,2024-02-25,22023,New Orleans Pelicans,Chicago Bulls,106.0,114.0,L,W,88.0,,,14.0,95.0,,,21.0
espn_20240225_401585450,2024-02-25,22023,Houston Rockets,Oklahoma City Thunder,110.0,123.0,L,W,93.0,,,23.0,97.0,,,15.0
espn_20240225_401585449,2024-02-25,22023,Atlanta Hawks,Orlando Magic,109.0,92.0,W,L,90.0,,,17.0,84.0,,,18.0
espn_20240225_401585448,2024-02-25,22023,Washington Wizards,Cleveland Cavaliers,105.0,114.0,L,W,90.0,,,18.0,83.0,,,27.0
espn_20240225_401585447,2024-02-25,22023,Indiana Pacers,Dallas Mavericks,133.0,111.0,W,L,93.0,,,17.0,87.0,,,21.0
espn_20240225_401585446,2024-02-25,22023,Phoenix Suns,Los Angeles Lakers,123.0,113.0,W,L,93.0,,,19.0,90.0,,,8.0
espn_20240225_401585445,2024-02-25,22023,Philadelphia 76ers,Milwaukee Bucks,98.0,119.0,L,W,97.0,,,11.0,79.0,,,18.0
espn_20240226_401585457,2024-02-26,22023,Indiana Pacers,Toronto Raptors,122.0,130.0,L,W,100.0,,,23.0,96.0,,,17.0
espn_20240226_401585456,2024-02-26,22023,New York Knicks,Detroit Pistons,113.0,111.0,W,L,92.0,,,21.0,79.0,,,26.0
espn_20240226_401585458,2024-02-26,22023,Memphis Grizzlies,Brooklyn Nets,86.0,111.0,L,W,75.0,,,26.0,90.0,,,14.0
espn_20240226_401585459,2024-02-26,22023,Sacramento Kings,Miami Heat,110.0,121.0,L,W,85.0,,,12.0,87.0,,,25.0
espn_20240227_401585470,2024-02-27,22023,Portland Trail Blazers,Miami Heat,96.0,106.0,L,W,86.0,,,19.0,70.0,,,26.0
espn_20240227_401585468,2024-02-27,22023,Milwaukee Bucks,Charlotte Hornets,123.0,85.0,W,L,89.0,,,18.0,81.0,,,17.0
espn_20240227_401585467,2024-02-27,22023,Chicago Bulls,Detroit Pistons,95.0,105.0,L,W,98.0,,,18.0,75.0,,,23.0
espn_20240227_401585466,2024-02-27,22023,Minnesota Timberwolves,San Antonio Spurs,114.0,105.0,W,L,93.0,,,17.0,82.0,,,15.0
espn_20240227_401585465,2024-02-27,22023,New York Knicks,New Orleans Pelicans,92.0,115.0,L,W,83.0,,,23.0,77.0,,,23.0
espn_20240227_401585469,2024-02-27,22023,Oklahoma City Thunder,Houston Rockets,112.0,95.0,W,L,93.0,,,18.0,95.0,,,18.0
espn_20240227_401585463,2024-02-27,22023,Atlanta Hawks,Utah Jazz,124.0,97.0,W,L,93.0,,,23.0,94.0,,,19.0
espn_20240227_401585462,2024-02-27,22023,Washington Wizards,Golden State Warriors,112.0,123.0,L,W,93.0,,,10.0,94.0,,,11.0
espn_20240227_401585461,2024-02-27,22023,Orlando Magic,Brooklyn Nets,108.0,81.0,W,L,74.0,,,25.0,79.0,,,14.0
espn_20240227_401585464,2024-02-27,22023,Boston Celtics,Philadelphia 76ers,117.0,99.0,W,L,74.0,,,37.0,94.0,,,12.0
espn_20240227_401585460,2024-02-27,22023,Cleveland Cavaliers,Dallas Mavericks,121.0,119.0,W,L,83.0,,,18.0,91.0,,,15.0
espn_20240228_401585471,2024-02-28,22023,Indiana Pacers,New Orleans Pelicans,123.0,114.0,W,L,102.0,,,9.0,90.0,,,23.0
espn_20240228_401585472,2024-02-28,22023,Toronto Raptors,Dallas Mavericks,125.0,136.0,L,W,98.0,,,30.0,96.0,,,21.0
espn_20240228_401585473,2024-02-28,22023,Minnesota Timberwolves,Memphis Grizzlies,110.0,101.0,W,L,79.0,,,22.0,93.0,,,20.0
espn_20240228_401585474,2024-02-28,22023,Chicago Bulls,Cleveland Cavaliers,132.0,123.0,W,L,110.0,,,38.0,104.0,,,19.0
espn_20240228_401585475,2024-02-28,22023,Denver Nuggets,Sacramento Kings,117.0,96.0,W,L,86.0,,,11.0,95.0,,,13.0
espn_20240228_401585476,2024-02-28,22023,LA Clippers,Los Angeles Lakers,112.0,116.0,L,W,89.0,,,16.0,86.0,,,10.0
espn_20240229_401585483,2024-02-29,22023,Denver Nuggets,Miami Heat,103.0,97.0,W,L,84.0,,,21.0,83.0,,,24.0
espn_20240229_401585482,2024-02-29,22023,Phoenix Suns,Houston Rockets,110.0,105.0,W,L,89.0,,,37.0,99.0,,,31.0
espn_20240229_401585481,2024-02-29,22023,San Antonio Spurs,Oklahoma City Thunder,132.0,118.0,W,L,91.0,,,20.0,89.0,,,22.0
espn_20240229_401585484,2024-02-29,22023,Los Angeles Lakers,Washington Wizards,134.0,131.0,W,L,101.0,,,24.0,102.0,,,12.0
espn_20240229_401585479,2024-02-29,22023,Brooklyn Nets,Atlanta Hawks,124.0,97.0,W,L,90.0,,,13.0,86.0,,,21.0
espn_20240229_401585478,2024-02-29,22023,Orlando Magic,Utah Jazz,115.0,107.0,W,L,77.0,,,31.0,80.0,,,28.0
espn_20240229_401585477,2024-02-29,22023,Charlotte Hornets,Milwaukee Bucks,99.0,111.0,L,W,82.0,,,20.0,86.0,,,20.0
espn_20240229_401585480,2024-02-29,22023,New York Knicks,Golden State Warriors,99.0,110.0,L,W,95.0,,,24.0,98.0,,,16.0
espn_20240301_401585493,2024-03-01,22023,LA Clippers,Washington Wizards,140.0,115.0,W,L,94.0,,,25.0,98.0,,,15.0
espn_20240301_401585492,2024-03-01,22023,Chicago Bulls,Milwaukee Bucks,97.0,113.0,L,W,86.0,,,16.0,86.0,,,32.0
espn_20240301_401585490,2024-03-01,22023,Minnesota Timberwolves,Sacramento Kings,120.0,124.0,L,W,85.0,,,32.0,100.0,,,24.0
espn_20240301_401585489,2024-03-01,22023,Memphis Grizzlies,Portland Trail Blazers,92.0,122.0,L,W,79.0,,,22.0,92.0,,,16.0
espn_20240301_401585491,2024-03-01,22023,New Orleans Pelicans,Indiana Pacers,129.0,102.0,W,L,86.0,,,26.0,95.0,,,18.0
espn_20240301_401585487,2024-03-01,22023,Boston Celtics,Dallas Mavericks,138.0,110.0,W,L,94.0,,,13.0,94.0,,,18.0
espn_20240301_401585486,2024-03-01,22023,Philadelphia 76ers,Charlotte Hornets,121.0,114.0,W,L,96.0,,,11.0,84.0,,,17.0
espn_20240301_401585485,2024-03-01,22023,Detroit Pistons,Cleveland Cavaliers,100.0,110.0,L,W,89.0,,,28.0,83.0,,,30.0
espn_20240301_401585488,2024-03-01,22023,Toronto Raptors,Golden State Warriors,105.0,120.0,L,W,95.0,,,17.0,98.0,,,18.0
espn_20240302_401585494,2024-03-02,22023,Brooklyn Nets,Atlanta Hawks,114.0,102.0,W,L,88.0,,,22.0,87.0,,,23.0
espn_20240302_401585495,2024-03-02,22023,Miami Heat,Utah Jazz,126.0,120.0,W,L,88.0,,,25.0,87.0,,,26.0
espn_20240302_401585496,2024-03-02,22023,Memphis Grizzlies,Portland Trail Blazers,100.0,107.0,L,W,83.0,,,33.0,92.0,,,24.0
espn_20240302_401585497,2024-03-02,22023,Los Angeles Lakers,Denver Nuggets,114.0,124.0,L,W,89.0,,,11.0,92.0,,,7.0
espn_20240302_401585498,2024-03-02,22023,Phoenix Suns,Houston Rockets,109.0,118.0,L,W,85.0,,,29.0,96.0,,,26.0
espn_20240303_401585504,2024-03-03,22023,Cleveland Cavaliers,New York Knicks,98.0,107.0,L,W,87.0,,,8.0,86.0,,,10.0
espn_20240303_401585506,2024-03-03,22023,Phoenix Suns,Oklahoma City Thunder,110.0,118.0,L,W,91.0,,,18.0,102.0,,,15.0
espn_20240303_401585505,2024-03-03,22023,San Antonio Spurs,Indiana Pacers,117.0,105.0,W,L,85.0,,,19.0,93.0,,,21.0
espn_20240303_401585503,2024-03-03,22023,Toronto Raptors,Charlotte Hornets,111.0,106.0,W,L,91.0,,,18.0,92.0,,,16.0
espn_20240303_401585499,2024-03-03,22023,Dallas Mavericks,Philadelphia 76ers,116.0,120.0,L,W,86.0,,,23.0,88.0,,,31.0
espn_20240303_401585501,2024-03-03,22023,Minnesota Timberwolves,LA Clippers,88.0,89.0,L,W,80.0,,,18.0,85.0,,,17.0
espn_20240303_401585502,2024-03-03,22023,Orlando Magic,Detroit Pistons,113.0,91.0,W,L,72.0,,,25.0,86.0,,,20.0
espn_20240303_401585500,2024-03-03,22023,Boston Celtics,Golden State Warriors,140.0,88.0,W,L,96.0,,,11.0,92.0,,,13.0
espn_20240304_401585507,2024-03-04,22023,Brooklyn Nets,Memphis Grizzlies,102.0,106.0,L,W,79.0,,,30.0,82.0,,,22.0
espn_20240304_401585508,2024-03-04,22023,Milwaukee Bucks,LA Clippers,113.0,106.0,W,L,78.0,,,28.0,84.0,,,25.0
espn_20240304_401585509,2024-03-04,22023,Minnesota Timberwolves,Portland Trail Blazers,119.0,114.0,W,L,79.0,,,37.0,92.0,,,11.0
espn_20240304_401585510,2024-03-04,22023,Utah Jazz,Washington Wizards,127.0,115.0,W,L,101.0,,,15.0,94.0,,,23.0
espn_20240304_401585511,2024-03-04,22023,Sacramento Kings,Chicago Bulls,109.0,113.0,L,W,92.0,,,18.0,84.0,,,22.0
espn_20240304_401585512,2024-03-04,22023,Los Angeles Lakers,Oklahoma City Thunder,116.0,104.0,W,L,80.0,,,25.0,94.0,,,16.0
espn_20240305_401585519,2024-03-05,22023,Houston Rockets,San Antonio Spurs,114.0,101.0,W,L,105.0,,,11.0,87.0,,,16.0
espn_20240305_401585521,2024-03-05,22023,Denver Nuggets,Phoenix Suns,107.0,117.0,L,W,96.0,,,14.0,96.0,,,22.0
espn_20240305_401585520,2024-03-05,22023,Dallas Mavericks,Indiana Pacers,120.0,137.0,L,W,93.0,,,21.0,93.0,,,24.0
espn_20240305_401585517,2024-03-05,22023,New York Knicks,Atlanta Hawks,100.0,116.0,L,W,99.0,,,11.0,87.0,,,23.0
espn_20240305_401585518,2024-03-05,22023,Toronto Raptors,New Orleans Pelicans,98.0,139.0,L,W,93.0,,,22.0,105.0,,,11.0
espn_20240305_401585515,2024-03-05,22023,Brooklyn Nets,Philadelphia 76ers,112.0,107.0,W,L,84.0,,,24.0,82.0,,,19.0
espn_20240305_401585514,2024-03-05,22023,Cleveland Cavaliers,Boston Celtics,105.0,104.0,W,L,90.0,,,11.0,93.0,,,12.0
espn_20240305_401585513,2024-03-05,22023,Charlotte Hornets,Orlando Magic,89.0,101.0,L,W,72.0,,,11.0,74.0,,,15.0
espn_20240305_401585516,2024-03-05,22023,Miami Heat,Detroit Pistons,118.0,110.0,W,L,85.0,,,23.0,89.0,,,22.0
espn_20240306_401585522,2024-03-06,22023,Washington Wizards,Orlando Magic,109.0,119.0,L,W,88.0,,,20.0,81.0,,,21.0
espn_20240306_401585523,2024-03-06,22023,Atlanta Hawks,Cleveland Cavaliers,112.0,101.0,W,L,84.0,,,20.0,89.0,,,17.0
espn_20240306_401585524,2024-03-06,22023,Philadelphia 76ers,Memphis Grizzlies,109.0,115.0,L,W,102.0,,,21.0,91.0,,,23.0
espn_20240306_401585525,2024-03-06,22023,Houston Rockets,LA Clippers,116.0,122.0,L,W,94.0,,,17.0,80.0,,,26.0
espn_20240306_401585526,2024-03-06,22023,Utah Jazz,Chicago Bulls,117.0,119.0,L,W,96.0,,,16.0,90.0,,,15.0
espn_20240306_401585527,2024-03-06,22023,Golden State Warriors,Milwaukee Bucks,125.0,90.0,W,L,91.0,,,7.0,89.0,,,15.0
espn_20240306_401585528,2024-03-06,22023,Portland Trail Blazers,Oklahoma City Thunder,120.0,128.0,L,W,81.0,,,27.0,74.0,,,39.0
espn_20240306_401585529,2024-03-06,22023,Los Angeles Lakers,Sacramento Kings,120.0,130.0,L,W,81.0,,,25.0,97.0,,,12.0
espn_20240307_401585534,2024-03-07,22023,Denver Nuggets,Boston Celtics,115.0,109.0,W,L,90.0,,,22.0,91.0,,,25.0
espn_20240307_401585535,2024-03-07,22023,Golden State Warriors,Chicago Bulls,122.0,125.0,L,W,97.0,,,28.0,87.0,,,23.0
espn_20240307_401585536,2024-03-07,22023,Sacramento Kings,San Antonio Spurs,131.0,129.0,W,L,102.0,,,18.0,91.0,,,21.0
espn_20240307_401585533,2024-03-07,22023,Phoenix Suns,Toronto Raptors,120.0,113.0,W,L,86.0,,,20.0,94.0,,,15.0
espn_20240307_401585531,2024-03-07,22023,Indiana Pacers,Minnesota Timberwolves,111.0,113.0,L,W,82.0,,,23.0,98.0,,,19.0
espn_20240307_401585530,2024-03-07,22023,Detroit Pistons,Brooklyn Nets,118.0,112.0,W,L,82.0,,,21.0,84.0,,,18.0
espn_20240307_401585532,2024-03-07,22023,Dallas Mavericks,Miami Heat,114.0,108.0,W,L,87.0,,,23.0,82.0,,,17.0
espn_20240308_401585537,2024-03-08,22023,Philadelphia 76ers,New Orleans Pelicans,95.0,103.0,L,W,88.0,,,20.0,79.0,,,23.0
espn_20240308_401585538,2024-03-08,22023,Washington Wizards,Charlotte Hornets,112.0,100.0,W,L,87.0,,,23.0,100.0,,,15.0
espn_20240308_401585539,2024-03-08,22023,Cleveland Cavaliers,Minnesota Timberwolves,113.0,104.0,W,L,88.0,,,36.0,94.0,,,22.0
espn_20240308_401585540,2024-03-08,22023,New York Knicks,Orlando Magic,98.0,74.0,W,L,79.0,,,8.0,79.0,,,20.0
espn_20240308_401585541,2024-03-08,22023,Memphis Grizzlies,Atlanta Hawks,92.0,99.0,L,W,74.0,,,30.0,87.0,,,15.0
espn_20240308_401585542,2024-03-08,22023,Oklahoma City Thunder,Miami Heat,107.0,100.0,W,L,89.0,,,13.0,82.0,,,18.0
espn_20240308_401585543,2024-03-08,22023,Los Angeles Lakers,Milwaukee Bucks,123.0,122.0,W,L,90.0,,,19.0,93.0,,,17.0
espn_20240308_401585544,2024-03-08,22023,Portland Trail Blazers,Houston Rockets,107.0,123.0,L,W,89.0,,,25.0,94.0,,,26.0
espn_20240309_401585551,2024-03-09,22023,Portland Trail Blazers,Toronto Raptors,128.0,118.0,W,L,103.0,,,15.0,91.0,,,19.0
espn_20240309_401585550,2024-03-09,22023,Denver Nuggets,Utah Jazz,142.0,121.0,W,L,83.0,,,16.0,94.0,,,25.0
espn_20240309_401585549,2024-03-09,22023,Golden State Warriors,San Antonio Spurs,113.0,126.0,L,W,88.0,,,29.0,86.0,,,28.0
espn_20240309_401585548,2024-03-09,22023,Phoenix Suns,Boston Celtics,107.0,117.0,L,W,87.0,,,16.0,94.0,,,13.0
espn_20240309_401585546,2024-03-09,22023,Charlotte Hornets,Brooklyn Nets,110.0,99.0,W,L,81.0,,,15.0,90.0,,,17.0
espn_20240309_401585545,2024-03-09,22023,LA Clippers,Chicago Bulls,112.0,102.0,W,L,84.0,,,18.0,86.0,,,19.0
espn_20240309_401585547,2024-03-09,22023,Detroit Pistons,Dallas Mavericks,124.0,142.0,L,W,99.0,,,25.0,92.0,,,32.0
espn_20240310_401585552,2024-03-10,22023,LA Clippers,Milwaukee Bucks,117.0,124.0,L,W,104.0,,,10.0,87.0,,,27.0
espn_20240310_401585553,2024-03-10,22023,Atlanta Hawks,New Orleans Pelicans,103.0,116.0,L,W,91.0,,,13.0,75.0,,,22.0
espn_20240310_401585554,2024-03-10,22023,Miami Heat,Washington Wizards,108.0,110.0,L,W,95.0,,,18.0,81.0,,,22.0
espn_20240310_401585556,2024-03-10,22023,Orlando Magic,Indiana Pacers,97.0,111.0,L,W,88.0,,,29.0,78.0,,,33.0
espn_20240310_401585557,2024-03-10,22023,Sacramento Kings,Houston Rockets,104.0,112.0,L,W,86.0,,,23.0,84.0,,,27.0
espn_20240310_401585555,2024-03-10,22023,New York Knicks,Philadelphia 76ers,73.0,79.0,L,W,80.0,,,16.0,80.0,,,14.0
espn_20240310_401585558,2024-03-10,22023,Cleveland Cavaliers,Brooklyn Nets,101.0,120.0,L,W,76.0,,,20.0,79.0,,,20.0
espn_20240310_401585559,2024-03-10,22023,Oklahoma City Thunder,Memphis Grizzlies,124.0,93.0,W,L,93.0,,,5.0,78.0,,,27.0
espn_20240310_401585560,2024-03-10,22023,Los Angeles Lakers,Minnesota Timberwolves,120.0,109.0,W,L,83.0,,,29.0,97.0,,,13.0
espn_20240311_401585566,2024-03-11,22023,Portland Trail Blazers,Boston Celtics,99.0,121.0,L,W,87.0,,,11.0,100.0,,,12.0
espn_20240311_401585565,2024-03-11,22023,Denver Nuggets,Toronto Raptors,125.0,119.0,W,L,95.0,,,18.0,93.0,,,17.0
espn_20240311_401585564,2024-03-11,22023,San Antonio Spurs,Golden State Warriors,102.0,112.0,L,W,93.0,,,15.0,93.0,,,12.0
espn_20240311_401585563,2024-03-11,22023,Chicago Bulls,Dallas Mavericks,92.0,127.0,L,W,89.0,,,22.0,93.0,,,15.0
espn_20240311_401585562,2024-03-11,22023,Cleveland Cavaliers,Phoenix Suns,111.0,117.0,L,W,84.0,,,19.0,84.0,,,19.0
espn_20240311_401585561,2024-03-11,22023,Detroit Pistons,Charlotte Hornets,114.0,97.0,W,L,86.0,,,24.0,88.0,,,23.0
espn_20240312_401585567,2024-03-12,22023,New York Knicks,Philadelphia 76ers,106.0,79.0,W,L,79.0,,,15.0,80.0,,,16.0
espn_20240312_401585568,2024-03-12,22023,Memphis Grizzlies,Washington Wizards,109.0,97.0,W,L,94.0,,,21.0,82.0,,,16.0
espn_20240312_401585569,2024-03-12,22023,Oklahoma City Thunder,Indiana Pacers,111.0,121.0,L,W,99.0,,,15.0,89.0,,,19.0
espn_20240312_401585570,2024-03-12,22023,San Antonio Spurs,Houston Rockets,101.0,103.0,L,W,82.0,,,14.0,80.0,,,21.0
espn_20240312_401585571,2024-03-12,22023,Utah Jazz,Boston Celtics,107.0,123.0,L,W,86.0,,,11.0,92.0,,,19.0
espn_20240312_401585572,2024-03-12,22023,LA Clippers,Minnesota Timberwolves,100.0,118.0,L,W,72.0,,,25.0,94.0,,,14.0
espn_20240312_401585573,2024-03-12,22023,Sacramento Kings,Milwaukee Bucks,129.0,94.0,W,L,92.0,,,16.0,82.0,,,35.0
espn_20240313_401585582,2024-03-13,22023,Sacramento Kings,Los Angeles Lakers,120.0,107.0,W,L,88.0,,,12.0,78.0,,,22.0
espn_20240313_401585581,2024-03-13,22023,Portland Trail Blazers,Atlanta Hawks,106.0,102.0,W,L,82.0,,,24.0,88.0,,,18.0
espn_20240313_401585580,2024-03-13,22023,Dallas Mavericks,Golden State Warriors,109.0,99.0,W,L,82.0,,,19.0,92.0,,,19.0
espn_20240313_401585579,2024-03-13,22023,New Orleans Pelicans,Cleveland Cavaliers,95.0,116.0,L,W,80.0,,,26.0,92.0,,,3.0
espn_20240313_401585577,2024-03-13,22023,Miami Heat,Denver Nuggets,88.0,100.0,L,W,80.0,,,18.0,82.0,,,13.0
espn_20240313_401585576,2024-03-13,22023,Indiana Pacers,Chicago Bulls,129.0,132.0,L,W,99.0,,,28.0,92.0,,,32.0
espn_20240313_401585575,2024-03-13,22023,Orlando Magic,Brooklyn Nets,114.0,106.0,W,L,77.0,,,26.0,81.0,,,27.0
espn_20240313_401585574,2024-03-13,22023,Detroit Pistons,Toronto Raptors,113.0,104.0,W,L,88.0,,,31.0,93.0,,,19.0
espn_20240313_401585578,2024-03-13,22023,Memphis Grizzlies,Charlotte Hornets,98.0,110.0,L,W,85.0,,,11.0,82.0,,,13.0
espn_20240314_401585583,2024-03-14,22023,Boston Celtics,Phoenix Suns,127.0,112.0,W,L,89.0,,,11.0,99.0,,,10.0
espn_20240314_401585584,2024-03-14,22023,Chicago Bulls,LA Clippers,111.0,126.0,L,W,86.0,,,16.0,80.0,,,14.0
espn_20240314_401585585,2024-03-14,22023,Houston Rockets,Washington Wizards,135.0,119.0,W,L,87.0,,,24.0,93.0,,,19.0
espn_20240314_401585586,2024-03-14,22023,Milwaukee Bucks,Philadelphia 76ers,114.0,105.0,W,L,72.0,,,24.0,79.0,,,14.0
espn_20240314_401585587,2024-03-14,22023,Oklahoma City Thunder,Dallas Mavericks,126.0,119.0,W,L,86.0,,,23.0,84.0,,,26.0
espn_20240314_401585588,2024-03-14,22023,Portland Trail Blazers,New York Knicks,93.0,105.0,L,W,84.0,,,16.0,87.0,,,26.0
espn_20240315_401585594,2024-03-15,22023,Utah Jazz,Atlanta Hawks,124.0,122.0,W,L,90.0,,,20.0,92.0,,,27.0
espn_20240315_401585593,2024-03-15,22023,San Antonio Spurs,Denver Nuggets,106.0,117.0,L,W,81.0,,,27.0,89.0,,,12.0
espn_20240315_401585592,2024-03-15,22023,New Orleans Pelicans,LA Clippers,112.0,104.0,W,L,87.0,,,20.0,77.0,,,19.0
espn_20240315_401585590,2024-03-15,22023,Detroit Pistons,Miami Heat,95.0,108.0,L,W,84.0,,,15.0,91.0,,,21.0
espn_20240315_401585589,2024-03-15,22023,Charlotte Hornets,Phoenix Suns,96.0,107.0,L,W,94.0,,,27.0,87.0,,,20.0
espn_20240315_401585591,2024-03-15,22023,Toronto Raptors,Orlando Magic,103.0,113.0,L,W,81.0,,,20.0,80.0,,,22.0
espn_20240316_401585595,2024-03-16,22023,Houston Rockets,Cleveland Cavaliers,117.0,103.0,W,L,98.0,,,12.0,82.0,,,20.0
espn_20240316_401585596,2024-03-16,22023,Indiana Pacers,Brooklyn Nets,121.0,100.0,W,L,105.0,,,16.0,77.0,,,31.0
espn_20240316_401585597,2024-03-16,22023,Philadelphia 76ers,Charlotte Hornets,109.0,98.0,W,L,81.0,,,25.0,82.0,,,18.0
espn_20240316_401585598,2024-03-16,22023,New Orleans Pelicans,Portland Trail Blazers,126.0,107.0,W,L,97.0,,,10.0,84.0,,,12.0
espn_20240316_401585599,2024-03-16,22023,Chicago Bulls,Washington Wizards,127.0,98.0,W,L,85.0,,,29.0,84.0,,,22.0
espn_20240316_401585600,2024-03-16,22023,Memphis Grizzlies,Oklahoma City Thunder,112.0,118.0,L,W,81.0,,,26.0,87.0,,,21.0
espn_20240316_401585601,2024-03-16,22023,Los Angeles Lakers,Golden State Warriors,121.0,128.0,L,W,92.0,,,18.0,97.0,,,15.0
espn_20240316_401585602,2024-03-16,22023,Utah Jazz,Minnesota Timberwolves,100.0,119.0,L,W,83.0,,,21.0,93.0,,,15.0
espn_20240316_401585603,2024-03-16,22023,Sacramento Kings,New York Knicks,91.0,98.0,L,W,85.0,,,26.0,86.0,,,16.0
espn_20240317_401585606,2024-03-17,22023,Dallas Mavericks,Denver Nuggets,107.0,105.0,W,L,100.0,,,21.0,84.0,,,22.0
espn_20240317_401585610,2024-03-17,22023,LA Clippers,Atlanta Hawks,93.0,110.0,L,W,74.0,,,29.0,84.0,,,12.0
espn_20240317_401585609,2024-03-17,22023,San Antonio Spurs,Brooklyn Nets,122.0,115.0,W,L,99.0,,,23.0,102.0,,,19.0
espn_20240317_401585608,2024-03-17,22023,Washington Wizards,Boston Celtics,104.0,130.0,L,W,89.0,,,14.0,87.0,,,24.0
espn_20240317_401585605,2024-03-17,22023,Detroit Pistons,Miami Heat,101.0,104.0,L,W,83.0,,,14.0,89.0,,,16.0
espn_20240317_401585604,2024-03-17,22023,Milwaukee Bucks,Phoenix Suns,140.0,129.0,W,L,94.0,,,14.0,87.0,,,15.0
espn_20240317_401585607,2024-03-17,22023,Orlando Magic,Toronto Raptors,111.0,96.0,W,L,85.0,,,20.0,84.0,,,15.0
espn_20240318_401585617,2024-03-18,22023,Sacramento Kings,Memphis Grizzlies,121.0,111.0,W,L,94.0,,,32.0,98.0,,,30.0
espn_20240318_401585611,2024-03-18,22023,Indiana Pacers,Cleveland Cavaliers,103.0,108.0,L,W,91.0,,,16.0,80.0,,,28.0
espn_20240318_401585612,2024-03-18,22023,Boston Celtics,Detroit Pistons,119.0,94.0,W,L,95.0,,,13.0,84.0,,,15.0
espn_20240318_401585613,2024-03-18,22023,Philadelphia 76ers,Miami Heat,98.0,91.0,W,L,85.0,,,12.0,89.0,,,14.0
espn_20240318_401585614,2024-03-18,22023,Chicago Bulls,Portland Trail Blazers,110.0,107.0,W,L,93.0,,,21.0,88.0,,,25.0
espn_20240318_401585615,2024-03-18,22023,Utah Jazz,Minnesota Timberwolves,104.0,114.0,L,W,84.0,,,14.0,91.0,,,12.0
espn_20240318_401585616,2024-03-18,22023,Golden State Warriors,New York Knicks,112.0,119.0,L,W,88.0,,,18.0,91.0,,,20.0
espn_20240318_401585618,2024-03-18,22023,Los Angeles Lakers,Atlanta Hawks,136.0,105.0,W,L,90.0,,,20.0,98.0,,,15.0
espn_20240319_401585623,2024-03-19,22023,Minnesota Timberwolves,Denver Nuggets,112.0,115.0,L,W,88.0,,,23.0,81.0,,,22.0
espn_20240319_401585621,2024-03-19,22023,Brooklyn Nets,New Orleans Pelicans,91.0,104.0,L,W,84.0,,,22.0,83.0,,,13.0
espn_20240319_401585622,2024-03-19,22023,San Antonio Spurs,Dallas Mavericks,107.0,113.0,L,W,89.0,,,21.0,91.0,,,17.0
espn_20240319_401585620,2024-03-19,22023,Washington Wizards,Houston Rockets,114.0,137.0,L,W,98.0,,,20.0,91.0,,,36.0
espn_20240319_401585619,2024-03-19,22023,Orlando Magic,Charlotte Hornets,112.0,92.0,W,L,81.0,,,13.0,79.0,,,9.0
espn_20240320_401585624,2024-03-20,22023,Cleveland Cavaliers,Miami Heat,104.0,107.0,L,W,75.0,,,22.0,83.0,,,19.0
espn_20240320_401585625,2024-03-20,22023,Detroit Pistons,Indiana Pacers,103.0,122.0,L,W,90.0,,,30.0,88.0,,,18.0
espn_20240320_401585626,2024-03-20,22023,Boston Celtics,Milwaukee Bucks,122.0,119.0,W,L,85.0,,,29.0,84.0,,,14.0
espn_20240320_401585627,2024-03-20,22023,Toronto Raptors,Sacramento Kings,89.0,123.0,L,W,80.0,,,18.0,93.0,,,18.0
espn_20240320_401585628,2024-03-20,22023,Oklahoma City Thunder,Utah Jazz,119.0,107.0,W,L,88.0,,,29.0,90.0,,,18.0
espn_20240320_401585629,2024-03-20,22023,Golden State Warriors,Memphis Grizzlies,137.0,116.0,W,L,100.0,,,6.0,96.0,,,18.0
espn_20240320_401585630,2024-03-20,22023,Phoenix Suns,Philadelphia 76ers,115.0,102.0,W,L,90.0,,,8.0,95.0,,,18.0
espn_20240320_401585631,2024-03-20,22023,Portland Trail Blazers,LA Clippers,103.0,116.0,L,W,81.0,,,15.0,86.0,,,15.0
espn_20240321_401585638,2024-03-21,22023,Phoenix Suns,Atlanta Hawks,128.0,115.0,W,L,74.0,,,27.0,91.0,,,29.0
espn_20240321_401585637,2024-03-21,22023,Denver Nuggets,New York Knicks,113.0,100.0,W,L,84.0,,,20.0,79.0,,,17.0
espn_20240321_401585635,2024-03-21,22023,Milwaukee Bucks,Brooklyn Nets,115.0,108.0,W,L,91.0,,,15.0,92.0,,,16.0
espn_20240321_401585636,2024-03-21,22023,Dallas Mavericks,Utah Jazz,113.0,97.0,W,L,86.0,,,28.0,83.0,,,19.0
espn_20240321_401585633,2024-03-21,22023,Washington Wizards,Sacramento Kings,109.0,102.0,W,L,81.0,,,23.0,86.0,,,19.0
espn_20240321_401585632,2024-03-21,22023,Orlando Magic,New Orleans Pelicans,121.0,106.0,W,L,86.0,,,19.0,78.0,,,21.0
espn_20240321_401585634,2024-03-21,22023,Houston Rockets,Chicago Bulls,127.0,117.0,W,L,93.0,,,20.0,93.0,,,25.0
espn_20240322_401585639,2024-03-22,22023,Detroit Pistons,Boston Celtics,102.0,129.0,L,W,83.0,,,13.0,89.0,,,27.0
espn_20240322_401585640,2024-03-22,22023,Toronto Raptors,Oklahoma City Thunder,103.0,123.0,L,W,76.0,,,17.0,95.0,,,19.0
espn_20240322_401585641,2024-03-22,22023,Miami Heat,New Orleans Pelicans,88.0,111.0,L,W,86.0,,,15.0,82.0,,,12.0
espn_20240322_401585642,2024-03-22,22023,Minnesota Timberwolves,Cleveland Cavaliers,104.0,91.0,W,L,85.0,,,16.0,81.0,,,19.0
espn_20240322_401585643,2024-03-22,22023,San Antonio Spurs,Memphis Grizzlies,97.0,99.0,L,W,95.0,,,23.0,82.0,,,31.0
espn_20240322_401585644,2024-03-22,22023,Golden State Warriors,Indiana Pacers,111.0,123.0,L,W,106.0,,,16.0,99.0,,,16.0
espn_20240322_401585645,2024-03-22,22023,Portland Trail Blazers,LA Clippers,117.0,125.0,L,W,93.0,,,25.0,77.0,,,27.0
espn_20240322_401585646,2024-03-22,22023,Los Angeles Lakers,Philadelphia 76ers,101.0,94.0,W,L,73.0,,,33.0,96.0,,,24.0
espn_20240323_401585652,2024-03-23,22023,Houston Rockets,Utah Jazz,147.0,119.0,W,L,97.0,,,14.0,89.0,,,33.0
espn_20240323_401585654,2024-03-23,22023,Portland Trail Blazers,Denver Nuggets,111.0,114.0,L,W,93.0,,,17.0,91.0,,,33.0
espn_20240323_401585653,2024-03-23,22023,San Antonio Spurs,Phoenix Suns,106.0,131.0,L,W,85.0,,,21.0,94.0,,,10.0
espn_20240323_401585651,2024-03-23,22023,Chicago Bulls,Boston Celtics,113.0,124.0,L,W,82.0,,,11.0,86.0,,,17.0
espn_20240323_401585649,2024-03-23,22023,Atlanta Hawks,Charlotte Hornets,132.0,91.0,W,L,90.0,,,14.0,84.0,,,14.0
espn_20240323_401585648,2024-03-23,22023,Orlando Magic,Sacramento Kings,107.0,109.0,L,W,88.0,,,18.0,87.0,,,21.0
espn_20240323_401585647,2024-03-23,22023,New York Knicks,Brooklyn Nets,105.0,93.0,W,L,97.0,,,12.0,76.0,,,15.0
espn_20240323_401585650,2024-03-23,22023,Washington Wizards,Toronto Raptors,112.0,109.0,W,L,92.0,,,19.0,94.0,,,26.0
espn_20240324_401585655,2024-03-24,22023,Detroit Pistons,New Orleans Pelicans,101.0,114.0,L,W,79.0,,,32.0,81.0,,,31.0
espn_20240324_401585656,2024-03-24,22023,LA Clippers,Philadelphia 76ers,107.0,121.0,L,W,83.0,,,18.0,90.0,,,9.0
espn_20240324_401585657,2024-03-24,22023,Miami Heat,Cleveland Cavaliers,121.0,84.0,W,L,83.0,,,23.0,72.0,,,20.0
espn_20240324_401585658,2024-03-24,22023,Milwaukee Bucks,Oklahoma City Thunder,118.0,93.0,W,L,92.0,,,14.0,89.0,,,22.0
espn_20240324_401585659,2024-03-24,22023,Minnesota Timberwolves,Golden State Warriors,114.0,110.0,W,L,84.0,,,18.0,85.0,,,26.0
espn_20240324_401585660,2024-03-24,22023,Los Angeles Lakers,Indiana Pacers,150.0,145.0,W,L,89.0,,,43.0,107.0,,,16.0
espn_20240325_401585664,2024-03-25,22023,Toronto Raptors,Brooklyn Nets,88.0,96.0,L,W,85.0,,,12.0,81.0,,,18.0
espn_20240325_401585670,2024-03-25,22023,Sacramento Kings,Philadelphia 76ers,108.0,96.0,W,L,86.0,,,28.0,82.0,,,20.0
espn_20240325_401585669,2024-03-25,22023,Utah Jazz,Dallas Mavericks,105.0,115.0,L,W,87.0,,,22.0,92.0,,,18.0
espn_20240325_401585668,2024-03-25,22023,Denver Nuggets,Memphis Grizzlies,128.0,103.0,W,L,90.0,,,18.0,94.0,,,27.0
espn_20240325_401585667,2024-03-25,22023,San Antonio Spurs,Phoenix Suns,104.0,102.0,W,L,91.0,,,19.0,83.0,,,14.0
espn_20240325_401585662,2024-03-25,22023,Atlanta Hawks,Boston Celtics,120.0,118.0,W,L,87.0,,,17.0,95.0,,,19.0
espn_20240325_401585665,2024-03-25,22023,Chicago Bulls,Washington Wizards,105.0,107.0,L,W,87.0,,,28.0,97.0,,,18.0
espn_20240325_401585663,2024-03-25,22023,New York Knicks,Detroit Pistons,124.0,99.0,W,L,89.0,,,22.0,88.0,,,22.0
espn_20240325_401585671,2024-03-25,22023,LA Clippers,Indiana Pacers,116.0,133.0,L,W,85.0,,,22.0,86.0,,,22.0
espn_20240325_401585661,2024-03-25,22023,Cleveland Cavaliers,Charlotte Hornets,115.0,92.0,W,L,86.0,,,10.0,80.0,,,18.0
espn_20240325_401585666,2024-03-25,22023,Houston Rockets,Portland Trail Blazers,110.0,92.0,W,L,93.0,,,25.0,87.0,,,15.0
espn_20240326_401585674,2024-03-26,22023,New Orleans Pelicans,Oklahoma City Thunder,112.0,119.0,L,W,86.0,,,23.0,86.0,,,14.0
espn_20240326_401585675,2024-03-26,22023,Sacramento Kings,Dallas Mavericks,96.0,132.0,L,W,90.0,,,19.0,92.0,,,13.0
espn_20240326_401585672,2024-03-26,22023,Miami Heat,Golden State Warriors,92.0,113.0,L,W,92.0,,,13.0,85.0,,,10.0
espn_20240326_401585673,2024-03-26,22023,Milwaukee Bucks,Los Angeles Lakers,124.0,128.0,L,W,119.0,,,17.0,108.0,,,32.0
espn_20240327_401585684,2024-03-27,22023,Minnesota Timberwolves,Detroit Pistons,106.0,91.0,W,L,82.0,,,16.0,81.0,,,25.0
espn_20240327_401585683,2024-03-27,22023,Memphis Grizzlies,Los Angeles Lakers,124.0,136.0,L,W,97.0,,,19.0,81.0,,,35.0
espn_20240327_401585687,2024-03-27,22023,Denver Nuggets,Phoenix Suns,97.0,104.0,L,W,88.0,,,12.0,83.0,,,11.0
espn_20240327_401585686,2024-03-27,22023,Utah Jazz,San Antonio Spurs,111.0,118.0,L,W,83.0,,,22.0,86.0,,,21.0
espn_20240327_401585682,2024-03-27,22023,Chicago Bulls,Indiana Pacers,125.0,99.0,W,L,98.0,,,18.0,85.0,,,23.0
espn_20240327_401585685,2024-03-27,22023,Oklahoma City Thunder,Houston Rockets,126.0,132.0,L,W,96.0,,,24.0,104.0,,,23.0
espn_20240327_401585680,2024-03-27,22023,Philadelphia 76ers,LA Clippers,107.0,108.0,L,W,82.0,,,19.0,90.0,,,20.0
espn_20240327_401585679,2024-03-27,22023,Atlanta Hawks,Portland Trail Blazers,120.0,106.0,W,L,85.0,,,20.0,85.0,,,10.0
espn_20240327_401585678,2024-03-27,22023,Washington Wizards,Brooklyn Nets,119.0,122.0,L,W,91.0,,,17.0,98.0,,,23.0
espn_20240327_401585681,2024-03-27,22023,Toronto Raptors,New York Knicks,101.0,145.0,L,W,84.0,,,13.0,94.0,,,16.0
espn_20240327_401585677,2024-03-27,22023,Orlando Magic,Golden State Warriors,93.0,101.0,L,W,85.0,,,21.0,90.0,,,13.0
espn_20240327_401585676,2024-03-27,22023,Charlotte Hornets,Cleveland Cavaliers,118.0,111.0,W,L,76.0,,,22.0,85.0,,,14.0
espn_20240328_401585688,2024-03-28,22023,Atlanta Hawks,Boston Celtics,123.0,122.0,W,L,104.0,,,10.0,94.0,,,21.0
espn_20240328_401585689,2024-03-28,22023,New Orleans Pelicans,Milwaukee Bucks,107.0,100.0,W,L,91.0,,,34.0,82.0,,,19.0
espn_20240329_401585701,2024-03-29,22023,Sacramento Kings,Dallas Mavericks,103.0,107.0,L,W,92.0,,,12.0,74.0,,,33.0
espn_20240329_401585700,2024-03-29,22023,Utah Jazz,Houston Rockets,100.0,101.0,L,W,80.0,,,19.0,91.0,,,28.0
espn_20240329_401585698,2024-03-29,22023,San Antonio Spurs,New York Knicks,130.0,126.0,W,L,82.0,,,32.0,110.0,,,12.0
espn_20240329_401585697,2024-03-29,22023,Oklahoma City Thunder,Phoenix Suns,128.0,103.0,W,L,87.0,,,14.0,87.0,,,15.0
espn_20240329_401585696,2024-03-29,22023,Miami Heat,Portland Trail Blazers,142.0,82.0,W,L,92.0,,,18.0,87.0,,,11.0
espn_20240329_401585699,2024-03-29,22023,Denver Nuggets,Minnesota Timberwolves,98.0,111.0,L,W,88.0,,,27.0,74.0,,,37.0
espn_20240329_401585694,2024-03-29,22023,Brooklyn Nets,Chicago Bulls,125.0,108.0,W,L,91.0,,,22.0,75.0,,,29.0
espn_20240329_401585693,2024-03-29,22023,Washington Wizards,Detroit Pistons,87.0,96.0,L,W,88.0,,,8.0,89.0,,,20.0
espn_20240329_401585692,2024-03-29,22023,Orlando Magic,LA Clippers,97.0,100.0,L,W,86.0,,,15.0,85.0,,,12.0
espn_20240329_401585691,2024-03-29,22023,Indiana Pacers,Los Angeles Lakers,109.0,90.0,W,L,89.0,,,14.0,86.0,,,18.0
espn_20240329_401585690,2024-03-29,22023,Charlotte Hornets,Golden State Warriors,97.0,115.0,L,W,84.0,,,24.0,89.0,,,9.0
espn_20240329_401585695,2024-03-29,22023,Cleveland Cavaliers,Philadelphia 76ers,117.0,114.0,W,L,82.0,,,13.0,94.0,,,17.0
espn_20240330_401585702,2024-03-30,22023,New Orleans Pelicans,Boston Celtics,92.0,104.0,L,W,86.0,,,18.0,82.0,,,12.0
espn_20240330_401585703,2024-03-30,22023,Orlando Magic,Memphis Grizzlies,118.0,88.0,W,L,78.0,,,23.0,86.0,,,17.0
espn_20240330_401585704,2024-03-30,22023,Atlanta Hawks,Milwaukee Bucks,113.0,122.0,L,W,92.0,,,18.0,78.0,,,35.0
espn_20240331_401585714,2024-03-31,22023,Sacramento Kings,Utah Jazz,127.0,106.0,W,L,84.0,,,23.0,83.0,,,28.0
espn_20240331_401585713,2024-03-31,22023,San Antonio Spurs,Golden State Warriors,113.0,117.0,L,W,89.0,,,18.0,92.0,,,13.0
espn_20240331_401585712,2024-03-31,22023,Minnesota Timberwolves,Chicago Bulls,101.0,109.0,L,W,81.0,,,21.0,80.0,,,12.0
espn_20240331_401585711,2024-03-31,22023,Houston Rockets,Dallas Mavericks,107.0,125.0,L,W,92.0,,,19.0,93.0,,,9.0
espn_20240331_401585710,2024-03-31,22023,New York Knicks,Oklahoma City Thunder,112.0,113.0,L,W,92.0,,,34.0,82.0,,,24.0
espn_20240331_401585706,2024-03-31,22023,Brooklyn Nets,Los Angeles Lakers,104.0,116.0,L,W,92.0,,,19.0,77.0,,,22.0
espn_20240331_401585708,2024-03-31,22023,Toronto Raptors,Philadelphia 76ers,120.0,135.0,L,W,90.0,,,20.0,83.0,,,16.0
espn_20240331_401585707,2024-03-31,22023,Charlotte Hornets,LA Clippers,118.0,130.0,L,W,88.0,,,11.0,75.0,,,34.0
espn_20240331_401585705,2024-03-31,22023,Denver Nuggets,Cleveland Cavaliers,130.0,101.0,W,L,87.0,,,13.0,82.0,,,21.0
espn_20240331_401585709,2024-03-31,22023,Washington Wizards,Miami Heat,107.0,119.0,L,W,88.0,,,21.0,81.0,,,29.0
espn_20240401_401585719,2024-04-01,22023,Chicago Bulls,Atlanta Hawks,101.0,113.0,L,W,94.0,,,24.0,82.0,,,18.0
espn_20240401_401585720,2024-04-01,22023,New Orleans Pelicans,Phoenix Suns,111.0,124.0,L,W,89.0,,,24.0,87.0,,,25.0
espn_20240401_401585718,2024-04-01,22023,Orlando Magic,Portland Trail Blazers,104.0,103.0,W,L,76.0,,,27.0,90.0,,,15.0
espn_20240401_401585715,2024-04-01,22023,Charlotte Hornets,Boston Celtics,104.0,118.0,L,W,91.0,,,11.0,89.0,,,16.0
espn_20240401_401585716,2024-04-01,22023,Detroit Pistons,Memphis Grizzlies,108.0,110.0,L,W,79.0,,,22.0,91.0,,,23.0
espn_20240401_401585717,2024-04-01,22023,Indiana Pacers,Brooklyn Nets,133.0,111.0,W,L,103.0,,,17.0,87.0,,,28.0
espn_20240402_401585722,2024-04-02,22023,Toronto Raptors,Los Angeles Lakers,111.0,128.0,L,W,89.0,,,21.0,101.0,,,12.0
espn_20240402_401585723,2024-04-02,22023,Washington Wizards,Milwaukee Bucks,117.0,113.0,W,L,93.0,,,17.0,103.0,,,18.0
espn_20240402_401585721,2024-04-02,22023,Philadelphia 76ers,Oklahoma City Thunder,109.0,105.0,W,L,78.0,,,25.0,87.0,,,22.0
espn_20240402_401585724,2024-04-02,22023,Miami Heat,New York Knicks,109.0,99.0,W,L,74.0,,,21.0,76.0,,,21.0
espn_20240402_401585726,2024-04-02,22023,Minnesota Timberwolves,Houston Rockets,113.0,106.0,W,L,77.0,,,22.0,92.0,,,14.0
espn_20240402_401585727,2024-04-02,22023,Denver Nuggets,San Antonio Spurs,110.0,105.0,W,L,98.0,,,16.0,105.0,,,16.0
espn_20240402_401585728,2024-04-02,22023,Utah Jazz,Cleveland Cavaliers,113.0,129.0,L,W,85.0,,,18.0,85.0,,,24.0
espn_20240402_401585729,2024-04-02,22023,Sacramento Kings,LA Clippers,109.0,95.0,W,L,92.0,,,25.0,76.0,,,27.0
espn_20240402_401636114,2024-04-02,22023,Golden State Warriors,Dallas Mavericks,104.0,100.0,W,L,90.0,,,7.0,89.0,,,11.0
espn_20240403_401585738,2024-04-03,22023,Phoenix Suns,Cleveland Cavaliers,122.0,101.0,W,L,87.0,,,17.0,83.0,,,19.0
espn_20240403_401585737,2024-04-03,22023,New Orleans Pelicans,Orlando Magic,108.0,117.0,L,W,76.0,,,28.0,80.0,,,30.0
espn_20240403_401585736,2024-04-03,22023,Minnesota Timberwolves,Toronto Raptors,133.0,85.0,W,L,96.0,,,22.0,90.0,,,14.0
espn_20240403_401585735,2024-04-03,22023,Milwaukee Bucks,Memphis Grizzlies,101.0,111.0,L,W,95.0,,,12.0,91.0,,,17.0
espn_20240403_401585734,2024-04-03,22023,Brooklyn Nets,Indiana Pacers,115.0,111.0,W,L,87.0,,,27.0,103.0,,,11.0
espn_20240403_401585732,2024-04-03,22023,Atlanta Hawks,Detroit Pistons,121.0,113.0,W,L,90.0,,,15.0,94.0,,,21.0
espn_20240403_401585731,2024-04-03,22023,Washington Wizards,Los Angeles Lakers,120.0,125.0,L,W,91.0,,,13.0,91.0,,,29.0
espn_20240403_401585730,2024-04-03,22023,Charlotte Hornets,Portland Trail Blazers,86.0,89.0,L,W,78.0,,,22.0,93.0,,,12.0
espn_20240403_401585733,2024-04-03,22023,Boston Celtics,Oklahoma City Thunder,135.0,100.0,W,L,92.0,,,19.0,81.0,,,28.0
espn_20240404_401585739,2024-04-04,22023,Miami Heat,Philadelphia 76ers,105.0,109.0,L,W,94.0,,,16.0,92.0,,,11.0
espn_20240404_401585740,2024-04-04,22023,New York Knicks,Sacramento Kings,120.0,109.0,W,L,80.0,,,29.0,86.0,,,12.0
espn_20240404_401585752,2024-04-04,22023,Dallas Mavericks,Atlanta Hawks,109.0,95.0,W,L,94.0,,,17.0,85.0,,,21.0
espn_20240404_401585741,2024-04-04,22023,Houston Rockets,Golden State Warriors,110.0,133.0,L,W,86.0,,,30.0,80.0,,,25.0
espn_20240404_401585742,2024-04-04,22023,LA Clippers,Denver Nuggets,102.0,100.0,W,L,90.0,,,32.0,83.0,,,25.0
espn_20240405_401585750,2024-04-05,22023,Milwaukee Bucks,Toronto Raptors,111.0,117.0,L,W,94.0,,,21.0,79.0,,,36.0
espn_20240405_401585754,2024-04-05,22023,LA Clippers,Utah Jazz,131.0,102.0,W,L,91.0,,,18.0,91.0,,,29.0
espn_20240405_401585753,2024-04-05,22023,Phoenix Suns,Minnesota Timberwolves,97.0,87.0,W,L,76.0,,,29.0,85.0,,,14.0
espn_20240405_401585725,2024-04-05,22023,Dallas Mavericks,Golden State Warriors,108.0,106.0,W,L,84.0,,,21.0,93.0,,,18.0
espn_20240405_401585751,2024-04-05,22023,New Orleans Pelicans,San Antonio Spurs,109.0,111.0,L,W,86.0,,,12.0,83.0,,,13.0
espn_20240405_401585749,2024-04-05,22023,Memphis Grizzlies,Detroit Pistons,108.0,90.0,W,L,90.0,,,16.0,79.0,,,24.0
espn_20240405_401585743,2024-04-05,22023,Charlotte Hornets,Orlando Magic,124.0,115.0,W,L,72.0,,,23.0,94.0,,,26.0
espn_20240405_401585747,2024-04-05,22023,Chicago Bulls,New York Knicks,108.0,100.0,W,L,93.0,,,16.0,83.0,,,24.0
espn_20240405_401585746,2024-04-05,22023,Boston Celtics,Sacramento Kings,101.0,100.0,W,L,89.0,,,18.0,99.0,,,13.0
espn_20240405_401585745,2024-04-05,22023,Washington Wizards,Portland Trail Blazers,102.0,108.0,L,W,88.0,,,30.0,94.0,,,24.0
espn_20240405_401585744,2024-04-05,22023,Indiana Pacers,Oklahoma City Thunder,126.0,112.0,W,L,88.0,,,21.0,86.0,,,24.0
espn_20240405_401585748,2024-04-05,22023,Houston Rockets,Miami Heat,104.0,119.0,L,W,90.0,,,25.0,89.0,,,21.0
espn_20240406_401585755,2024-04-06,22023,Los Angeles Lakers,Cleveland Cavaliers,116.0,97.0,W,L,80.0,,,16.0,90.0,,,12.0
espn_20240406_401585756,2024-04-06,22023,Brooklyn Nets,Detroit Pistons,113.0,103.0,W,L,73.0,,,33.0,92.0,,,4.0
espn_20240406_401585757,2024-04-06,22023,Memphis Grizzlies,Philadelphia 76ers,96.0,116.0,L,W,87.0,,,21.0,79.0,,,23.0
espn_20240406_401585758,2024-04-06,22023,Denver Nuggets,Atlanta Hawks,142.0,110.0,W,L,88.0,,,16.0,87.0,,,29.0
espn_20240407_401585771,2024-04-07,22023,Los Angeles Lakers,Minnesota Timberwolves,117.0,127.0,L,W,84.0,,,32.0,97.0,,,14.0
espn_20240407_401585770,2024-04-07,22023,Golden State Warriors,Utah Jazz,118.0,110.0,W,L,92.0,,,6.0,83.0,,,21.0
espn_20240407_401585769,2024-04-07,22023,Brooklyn Nets,Sacramento Kings,77.0,107.0,L,W,86.0,,,13.0,94.0,,,16.0
espn_20240407_401585768,2024-04-07,22023,San Antonio Spurs,Philadelphia 76ers,126.0,133.0,L,W,98.0,,,26.0,114.0,,,19.0
espn_20240407_401585767,2024-04-07,22023,Milwaukee Bucks,New York Knicks,109.0,122.0,L,W,75.0,,,32.0,92.0,,,22.0
espn_20240407_401585766,2024-04-07,22023,Phoenix Suns,New Orleans Pelicans,105.0,113.0,L,W,87.0,,,14.0,85.0,,,19.0
espn_20240407_401585764,2024-04-07,22023,Orlando Magic,Chicago Bulls,113.0,98.0,W,L,90.0,,,19.0,75.0,,,22.0
espn_20240407_401585763,2024-04-07,22023,Charlotte Hornets,Oklahoma City Thunder,118.0,121.0,L,W,83.0,,,14.0,87.0,,,17.0
espn_20240407_401585762,2024-04-07,22023,Boston Celtics,Portland Trail Blazers,124.0,107.0,W,L,87.0,,,13.0,102.0,,,13.0
espn_20240407_401585761,2024-04-07,22023,Indiana Pacers,Miami Heat,117.0,115.0,W,L,86.0,,,21.0,84.0,,,32.0
espn_20240407_401585760,2024-04-07,22023,LA Clippers,Cleveland Cavaliers,120.0,118.0,W,L,84.0,,,24.0,88.0,,,27.0
espn_20240407_401585759,2024-04-07,22023,Dallas Mavericks,Houston Rockets,147.0,136.0,W,L,85.0,,,45.0,93.0,,,35.0
espn_20240407_401585765,2024-04-07,22023,Toronto Raptors,Washington Wizards,130.0,122.0,W,L,96.0,,,28.0,89.0,,,30.0
espn_20240409_401585785,2024-04-09,22023,Portland Trail Blazers,New Orleans Pelicans,100.0,110.0,L,W,85.0,,,8.0,87.0,,,29.0
espn_20240409_401585784,2024-04-09,22023,Phoenix Suns,LA Clippers,92.0,105.0,L,W,89.0,,,28.0,87.0,,,11.0
espn_20240409_401585783,2024-04-09,22023,Los Angeles Lakers,Golden State Warriors,120.0,134.0,L,W,96.0,,,24.0,80.0,,,21.0
espn_20240409_401585782,2024-04-09,22023,Utah Jazz,Denver Nuggets,95.0,111.0,L,W,91.0,,,13.0,94.0,,,11.0
espn_20240409_401585781,2024-04-09,22023,Oklahoma City Thunder,Sacramento Kings,112.0,105.0,W,L,80.0,,,31.0,96.0,,,26.0
espn_20240409_401585780,2024-04-09,22023,Minnesota Timberwolves,Washington Wizards,130.0,121.0,W,L,90.0,,,32.0,89.0,,,17.0
espn_20240409_401585779,2024-04-09,22023,Memphis Grizzlies,San Antonio Spurs,87.0,102.0,L,W,104.0,,,11.0,87.0,,,8.0
espn_20240409_401585777,2024-04-09,22023,Chicago Bulls,New York Knicks,117.0,128.0,L,W,88.0,,,19.0,83.0,,,20.0
espn_20240409_401585776,2024-04-09,22023,Milwaukee Bucks,Boston Celtics,104.0,91.0,W,L,81.0,,,2.0,93.0,,,0.0
espn_20240409_401585775,2024-04-09,22023,Atlanta Hawks,Miami Heat,111.0,117.0,L,W,113.0,,,14.0,88.0,,,21.0
espn_20240409_401585774,2024-04-09,22023,Toronto Raptors,Indiana Pacers,123.0,140.0,L,W,94.0,,,33.0,99.0,,,23.0
espn_20240409_401585773,2024-04-09,22023,Philadelphia 76ers,Detroit Pistons,120.0,102.0,W,L,98.0,,,23.0,84.0,,,24.0
espn_20240409_401585772,2024-04-09,22023,Charlotte Hornets,Dallas Mavericks,104.0,130.0,L,W,89.0,,,21.0,93.0,,,20.0
espn_20240409_401585778,2024-04-09,22023,Houston Rockets,Orlando Magic,118.0,106.0,W,L,86.0,,,18.0,86.0,,,23.0
espn_20240410_401585793,2024-04-10,22023,LA Clippers,Phoenix Suns,108.0,124.0,L,W,95.0,,,10.0,95.0,,,15.0
espn_20240410_401585791,2024-04-10,22023,Oklahoma City Thunder,San Antonio Spurs,127.0,89.0,W,L,101.0,,,21.0,96.0,,,20.0
espn_20240410_401585790,2024-04-10,22023,Milwaukee Bucks,Orlando Magic,117.0,99.0,W,L,84.0,,,20.0,78.0,,,23.0
espn_20240410_401585792,2024-04-10,22023,Denver Nuggets,Minnesota Timberwolves,116.0,107.0,W,L,83.0,,,23.0,82.0,,,21.0
espn_20240410_401585788,2024-04-10,22023,Brooklyn Nets,Toronto Raptors,106.0,102.0,W,L,86.0,,,24.0,94.0,,,18.0
espn_20240410_401585787,2024-04-10,22023,Atlanta Hawks,Charlotte Hornets,114.0,115.0,L,W,82.0,,,16.0,79.0,,,22.0
espn_20240410_401585786,2024-04-10,22023,Cleveland Cavaliers,Memphis Grizzlies,110.0,98.0,W,L,82.0,,,29.0,84.0,,,19.0
espn_20240410_401585789,2024-04-10,22023,Miami Heat,Dallas Mavericks,92.0,111.0,L,W,81.0,,,13.0,87.0,,,13.0
espn_20240411_401585794,2024-04-11,22023,Detroit Pistons,Chicago Bulls,105.0,127.0,L,W,77.0,,,23.0,96.0,,,15.0
espn_20240411_401585795,2024-04-11,22023,Boston Celtics,New York Knicks,109.0,118.0,L,W,86.0,,,16.0,99.0,,,10.0
espn_20240411_401585796,2024-04-11,22023,Utah Jazz,Houston Rockets,124.0,121.0,W,L,87.0,,,27.0,95.0,,,22.0
espn_20240411_401585797,2024-04-11,22023,Portland Trail Blazers,Golden State Warriors,92.0,100.0,L,W,97.0,,,17.0,77.0,,,20.0
espn_20240411_401585798,2024-04-11,22023,Sacramento Kings,New Orleans Pelicans,123.0,135.0,L,W,84.0,,,20.0,86.0,,,18.0
espn_20240412_401585808,2024-04-12,22023,San Antonio Spurs,Denver Nuggets,121.0,120.0,W,L,85.0,,,23.0,97.0,,,10.0
espn_20240412_401585813,2024-04-12,22023,Sacramento Kings,Phoenix Suns,107.0,108.0,L,W,91.0,,,14.0,76.0,,,17.0
espn_20240412_401585812,2024-04-12,22023,LA Clippers,Utah Jazz,109.0,110.0,L,W,96.0,,,19.0,88.0,,,25.0
espn_20240412_401585811,2024-04-12,22023,Portland Trail Blazers,Houston Rockets,107.0,116.0,L,W,95.0,,,29.0,92.0,,,20.0
espn_20240412_401585810,2024-04-12,22023,Golden State Warriors,New Orleans Pelicans,109.0,114.0,L,W,86.0,,,21.0,90.0,,,16.0
espn_20240412_401585809,2024-04-12,22023,Dallas Mavericks,Detroit Pistons,89.0,107.0,L,W,83.0,,,12.0,95.0,,,9.0
espn_20240412_401585807,2024-04-12,22023,Oklahoma City Thunder,Milwaukee Bucks,125.0,107.0,W,L,89.0,,,20.0,85.0,,,13.0
espn_20240412_401585804,2024-04-12,22023,Miami Heat,Toronto Raptors,125.0,103.0,W,L,86.0,,,23.0,77.0,,,22.0
espn_20240412_401585805,2024-04-12,22023,Memphis Grizzlies,Los Angeles Lakers,120.0,123.0,L,W,95.0,,,21.0,81.0,,,34.0
espn_20240412_401585806,2024-04-12,22023,Minnesota Timberwolves,Atlanta Hawks,109.0,106.0,W,L,79.0,,,29.0,90.0,,,25.0
espn_20240412_401585803,2024-04-12,22023,New York Knicks,Brooklyn Nets,111.0,107.0,W,L,83.0,,,25.0,82.0,,,19.0
espn_20240412_401585802,2024-04-12,22023,Cleveland Cavaliers,Indiana Pacers,129.0,120.0,W,L,95.0,,,23.0,89.0,,,22.0
espn_20240412_401585801,2024-04-12,22023,Boston Celtics,Charlotte Hornets,131.0,98.0,W,L,104.0,,,13.0,76.0,,,22.0
espn_20240412_401585800,2024-04-12,22023,Washington Wizards,Chicago Bulls,127.0,129.0,L,W,86.0,,,29.0,98.0,,,28.0
espn_20240412_401585799,2024-04-12,22023,Philadelphia 76ers,Orlando Magic,125.0,113.0,W,L,88.0,,,28.0,95.0,,,25.0
espn_20240414_401585828,2024-04-14,22023,Sacramento Kings,Portland Trail Blazers,121.0,82.0,W,L,87.0,,,27.0,98.0,,,17.0
espn_20240414_401585827,2024-04-14,22023,LA Clippers,Houston Rockets,105.0,116.0,L,W,104.0,,,17.0,103.0,,,14.0
espn_20240414_401585826,2024-04-14,22023,Golden State Warriors,Utah Jazz,123.0,116.0,W,L,94.0,,,23.0,89.0,,,16.0
espn_20240414_401585825,2024-04-14,22023,San Antonio Spurs,Detroit Pistons,123.0,95.0,W,L,91.0,,,14.0,92.0,,,20.0
espn_20240414_401585824,2024-04-14,22023,Oklahoma City Thunder,Dallas Mavericks,135.0,86.0,W,L,97.0,,,16.0,97.0,,,17.0
espn_20240414_401585823,2024-04-14,22023,New Orleans Pelicans,Los Angeles Lakers,108.0,124.0,L,W,86.0,,,14.0,87.0,,,18.0
espn_20240414_401585822,2024-04-14,22023,Minnesota Timberwolves,Phoenix Suns,106.0,125.0,L,W,70.0,,,31.0,86.0,,,18.0
espn_20240414_401585819,2024-04-14,22023,Orlando Magic,Milwaukee Bucks,113.0,88.0,W,L,85.0,,,19.0,75.0,,,23.0
espn_20240414_401585820,2024-04-14,22023,Philadelphia 76ers,Brooklyn Nets,107.0,86.0,W,L,96.0,,,15.0,83.0,,,17.0
espn_20240414_401585818,2024-04-14,22023,New York Knicks,Chicago Bulls,120.0,119.0,W,L,91.0,,,21.0,101.0,,,16.0
espn_20240414_401585817,2024-04-14,22023,Miami Heat,Toronto Raptors,118.0,103.0,W,L,87.0,,,19.0,90.0,,,21.0
espn_20240414_401585816,2024-04-14,22023,Indiana Pacers,Atlanta Hawks,157.0,115.0,W,L,100.0,,,10.0,89.0,,,27.0
espn_20240414_401585815,2024-04-14,22023,Cleveland Cavaliers,Charlotte Hornets,110.0,120.0,L,W,93.0,,,9.0,91.0,,,11.0
espn_20240414_401585814,2024-04-14,22023,Boston Celtics,Washington Wizards,132.0,122.0,W,L,89.0,,,21.0,103.0,,,10.0
espn_20240414_401585821,2024-04-14,22023,Memphis Grizzlies,Denver Nuggets,111.0,126.0,L,W,100.0,,,18.0,89.0,,,26.0
espn_20240416_401654655,2024-04-16,22023,New Orleans Pelicans,Los Angeles Lakers,106.0,110.0,L,W,93.0,,,15.0,84.0,,,29.0
espn_20240416_401654656,2024-04-16,22023,Sacramento Kings,Golden State Warriors,118.0,94.0,W,L,98.0,,,15.0,80.0,,,23.0
espn_20240417_401654659,2024-04-17,22023,Philadelphia 76ers,Miami Heat,105.0,104.0,W,L,86.0,,,23.0,90.0,,,19.0
espn_20240417_401654658,2024-04-17,22023,Chicago Bulls,Atlanta Hawks,131.0,116.0,W,L,95.0,,,15.0,91.0,,,28.0
espn_20240419_401654661,2024-04-19,22023,New Orleans Pelicans,Sacramento Kings,105.0,98.0,W,L,85.0,,,13.0,88.0,,,22.0
espn_20240419_401654660,2024-04-19,22023,Miami Heat,Chicago Bulls,112.0,91.0,W,L,82.0,,,24.0,92.0,,,10.0
espn_20240420_401654757,2024-04-20,22023,Cleveland Cavaliers,Orlando Magic,97.0,83.0,W,L,81.0,,,21.0,86.0,,,30.0
espn_20240420_401654759,2024-04-20,22023,Minnesota Timberwolves,Phoenix Suns,120.0,95.0,W,L,88.0,,,22.0,75.0,,,25.0
espn_20240420_401654756,2024-04-20,22023,New York Knicks,Philadelphia 76ers,111.0,104.0,W,L,91.0,,,28.0,81.0,,,22.0
espn_20240420_401654758,2024-04-20,22023,Denver Nuggets,Los Angeles Lakers,114.0,103.0,W,L,102.0,,,6.0,79.0,,,19.0
espn_20240421_401654760,2024-04-21,22023,Boston Celtics,Miami Heat,114.0,94.0,W,L,82.0,,,16.0,81.0,,,6.0
espn_20240421_401654763,2024-04-21,22023,LA Clippers,Dallas Mavericks,109.0,97.0,W,L,87.0,,,13.0,80.0,,,33.0
espn_20240421_401654761,2024-04-21,22023,Milwaukee Bucks,Indiana Pacers,109.0,94.0,W,L,87.0,,,13.0,91.0,,,21.0
espn_20240421_401654762,2024-04-21,22023,Oklahoma City Thunder,New Orleans Pelicans,94.0,92.0,W,L,85.0,,,13.0,96.0,,,9.0
espn_20240422_401655082,2024-04-22,22023,Denver Nuggets,Los Angeles Lakers,101.0,99.0,W,L,88.0,,,17.0,78.0,,,13.0
espn_20240422_401655118,2024-04-22,22023,Cleveland Cavaliers,Orlando Magic,96.0,86.0,W,L,82.0,,,26.0,80.0,,,26.0
espn_20240422_401655106,2024-04-22,22023,New York Knicks,Philadelphia 76ers,104.0,101.0,W,L,91.0,,,23.0,84.0,,,22.0
espn_20240423_401655094,2024-04-23,22023,LA Clippers,Dallas Mavericks,93.0,96.0,L,W,87.0,,,26.0,76.0,,,27.0
espn_20240423_401655112,2024-04-23,22023,Milwaukee Bucks,Indiana Pacers,108.0,125.0,L,W,86.0,,,21.0,90.0,,,14.0
espn_20240423_401655088,2024-04-23,22023,Minnesota Timberwolves,Phoenix Suns,105.0,93.0,W,L,78.0,,,30.0,78.0,,,19.0
espn_20240424_401655100,2024-04-24,22023,Boston Celtics,Miami Heat,101.0,111.0,L,W,80.0,,,21.0,75.0,,,18.0
espn_20240424_401655076,2024-04-24,22023,Oklahoma City Thunder,New Orleans Pelicans,124.0,92.0,W,L,78.0,,,20.0,73.0,,,21.0
espn_20240425_401655119,2024-04-25,22023,Orlando Magic,Cleveland Cavaliers,121.0,83.0,W,L,92.0,,,16.0,82.0,,,13.0
espn_20240425_401655107,2024-04-25,22023,Philadelphia 76ers,New York Knicks,125.0,114.0,W,L,75.0,,,33.0,90.0,,,19.0
espn_20240425_401655083,2024-04-25,22023,Los Angeles Lakers,Denver Nuggets,105.0,112.0,L,W,90.0,,,17.0,90.0,,,22.0
espn_20240426_401655089,2024-04-26,22023,Phoenix Suns,Minnesota Timberwolves,109.0,126.0,L,W,76.0,,,32.0,87.0,,,31.0
espn_20240426_401655113,2024-04-26,22023,Indiana Pacers,Milwaukee Bucks,121.0,118.0,W,L,105.0,,,24.0,88.0,,,27.0
espn_20240426_401655095,2024-04-26,22023,Dallas Mavericks,LA Clippers,101.0,90.0,W,L,86.0,,,19.0,70.0,,,20.0
espn_20240427_401655101,2024-04-27,22023,Miami Heat,Boston Celtics,84.0,104.0,L,W,77.0,,,14.0,82.0,,,21.0
espn_20240427_401655084,2024-04-27,22023,Los Angeles Lakers,Denver Nuggets,119.0,108.0,W,L,92.0,,,18.0,87.0,,,25.0
espn_20240427_401655120,2024-04-27,22023,Orlando Magic,Cleveland Cavaliers,112.0,89.0,W,L,77.0,,,19.0,72.0,,,21.0
espn_20240427_401655077,2024-04-27,22023,New Orleans Pelicans,Oklahoma City Thunder,85.0,106.0,L,W,84.0,,,14.0,83.0,,,13.0
espn_20240428_401655114,2024-04-28,22023,Indiana Pacers,Milwaukee Bucks,126.0,113.0,W,L,89.0,,,18.0,90.0,,,14.0
espn_20240428_401655090,2024-04-28,22023,Phoenix Suns,Minnesota Timberwolves,116.0,122.0,L,W,74.0,,,36.0,89.0,,,31.0
espn_20240428_401655108,2024-04-28,22023,Philadelphia 76ers,New York Knicks,92.0,97.0,L,W,82.0,,,29.0,86.0,,,26.0
espn_20240428_401655096,2024-04-28,22023,Dallas Mavericks,LA Clippers,111.0,116.0,L,W,81.0,,,25.0,80.0,,,18.0
espn_20240429_401655102,2024-04-29,22023,Miami Heat,Boston Celtics,88.0,102.0,L,W,86.0,,,12.0,86.0,,,18.0
espn_20240429_401655078,2024-04-29,22023,New Orleans Pelicans,Oklahoma City Thunder,89.0,97.0,L,W,85.0,,,20.0,82.0,,,24.0
espn_20240429_401655085,2024-04-29,22023,Denver Nuggets,Los Angeles Lakers,108.0,106.0,W,L,89.0,,,9.0,84.0,,,27.0
espn_20240430_401655109,2024-04-30,22023,New York Knicks,Philadelphia 76ers,106.0,112.0,L,W,86.0,,,24.0,91.0,,,19.0
espn_20240430_401655121,2024-04-30,22023,Cleveland Cavaliers,Orlando Magic,104.0,103.0,W,L,88.0,,,19.0,78.0,,,29.0
espn_20240430_401655115,2024-04-30,22023,Milwaukee Bucks,Indiana Pacers,115.0,92.0,W,L,84.0,,,20.0,81.0,,,13.0
espn_20240501_401655103,2024-05-01,22023,Boston Celtics,Miami Heat,118.0,84.0,W,L,77.0,,,27.0,87.0,,,10.0
espn_20240501_401655097,2024-05-01,22023,LA Clippers,Dallas Mavericks,93.0,123.0,L,W,87.0,,,21.0,87.0,,,20.0
espn_20240502_401655116,2024-05-02,22023,Indiana Pacers,Milwaukee Bucks,120.0,98.0,W,L,85.0,,,17.0,83.0,,,32.0
espn_20240502_401655110,2024-05-02,22023,Philadelphia 76ers,New York Knicks,115.0,118.0,L,W,87.0,,,23.0,93.0,,,24.0
espn_20240503_401655122,2024-05-03,22023,Orlando Magic,Cleveland Cavaliers,103.0,96.0,W,L,89.0,,,26.0,86.0,,,10.0
espn_20240503_401655098,2024-05-03,22023,Dallas Mavericks,LA Clippers,114.0,101.0,W,L,83.0,,,33.0,82.0,,,32.0
espn_20240504_401657182,2024-05-04,22023,Denver Nuggets,Minnesota Timberwolves,99.0,106.0,L,W,75.0,,,20.0,82.0,,,12.0
espn_20240505_401655123,2024-05-05,22023,Cleveland Cavaliers,Orlando Magic,106.0,94.0,W,L,77.0,,,36.0,86.0,,,30.0
espn_20240506_401657420,2024-05-06,22023,New York Knicks,Indiana Pacers,121.0,117.0,W,L,82.0,,,26.0,88.0,,,19.0
espn_20240506_401657183,2024-05-06,22023,Denver Nuggets,Minnesota Timberwolves,80.0,106.0,L,W,83.0,,,18.0,84.0,,,14.0
espn_20240507_401658224,2024-05-07,22023,Boston Celtics,Cleveland Cavaliers,120.0,95.0,W,L,92.0,,,14.0,90.0,,,13.0
espn_20240507_401657231,2024-05-07,22023,Oklahoma City Thunder,Dallas Mavericks,117.0,95.0,W,L,89.0,,,28.0,84.0,,,25.0
espn_20240508_401657421,2024-05-08,22023,New York Knicks,Indiana Pacers,130.0,121.0,W,L,86.0,,,22.0,93.0,,,17.0
espn_20240509_401658225,2024-05-09,22023,Boston Celtics,Cleveland Cavaliers,94.0,118.0,L,W,80.0,,,24.0,86.0,,,16.0
espn_20240509_401658188,2024-05-09,22023,Oklahoma City Thunder,Dallas Mavericks,110.0,119.0,L,W,89.0,,,17.0,90.0,,,24.0
espn_20240510_401657422,2024-05-10,22023,Indiana Pacers,New York Knicks,111.0,106.0,W,L,89.0,,,18.0,80.0,,,22.0
espn_20240510_401657184,2024-05-10,22023,Minnesota Timberwolves,Denver Nuggets,90.0,117.0,L,W,71.0,,,25.0,80.0,,,20.0
espn_20240511_401658190,2024-05-11,22023,Dallas Mavericks,Oklahoma City Thunder,105.0,101.0,W,L,91.0,,,25.0,81.0,,,19.0
espn_20240511_401658226,2024-05-11,22023,Cleveland Cavaliers,Boston Celtics,93.0,106.0,L,W,84.0,,,10.0,80.0,,,14.0
espn_20240512_401657423,2024-05-12,22023,Indiana Pacers,New York Knicks,121.0,89.0,W,L,88.0,,,8.0,89.0,,,31.0
espn_20240512_401657185,2024-05-12,22023,Minnesota Timberwolves,Denver Nuggets,107.0,115.0,L,W,82.0,,,27.0,79.0,,,15.0
espn_20240513_401658191,2024-05-13,22023,Dallas Mavericks,Oklahoma City Thunder,96.0,100.0,L,W,88.0,,,23.0,92.0,,,24.0
espn_20240513_401658227,2024-05-13,22023,Cleveland Cavaliers,Boston Celtics,102.0,109.0,L,W,94.0,,,7.0,78.0,,,24.0
espn_20240514_401658196,2024-05-14,22023,New York Knicks,Indiana Pacers,121.0,91.0,W,L,101.0,,,19.0,72.0,,,22.0
espn_20240514_401657186,2024-05-14,22023,Denver Nuggets,Minnesota Timberwolves,112.0,97.0,W,L,80.0,,,18.0,78.0,,,19.0
espn_20240515_401658228,2024-05-15,22023,Boston Celtics,Cleveland Cavaliers,113.0,98.0,W,L,80.0,,,12.0,79.0,,,12.0
espn_20240515_401658192,2024-05-15,22023,Oklahoma City Thunder,Dallas Mavericks,92.0,104.0,L,W,87.0,,,10.0,76.0,,,13.0
espn_20240516_401657187,2024-05-16,22023,Minnesota Timberwolves,Denver Nuggets,115.0,70.0,W,L,86.0,,,24.0,86.0,,,14.0
espn_20240517_401658197,2024-05-17,22023,Indiana Pacers,New York Knicks,116.0,103.0,W,L,91.0,,,13.0,82.0,,,26.0
espn_20240518_401658194,2024-05-18,22023,Dallas Mavericks,Oklahoma City Thunder,117.0,116.0,W,L,82.0,,,24.0,92.0,,,17.0
espn_20240519_401658198,2024-05-19,22023,New York Knicks,Indiana Pacers,109.0,130.0,L,W,85.0,,,27.0,79.0,,,16.0
espn_20240519_401657188,2024-05-19,22023,Denver Nuggets,Minnesota Timberwolves,90.0,98.0,L,W,83.0,,,16.0,79.0,,,30.0
espn_20240521_401671998,2024-05-21,22023,Boston Celtics,Indiana Pacers,133.0,128.0,W,L,99.0,,,30.0,99.0,,,10.0
espn_20240522_401672976,2024-05-22,22023,Minnesota Timberwolves,Dallas Mavericks,105.0,108.0,L,W,89.0,,,18.0,87.0,,,17.0
espn_20240523_401671999,2024-05-23,22023,Boston Celtics,Indiana Pacers,126.0,110.0,W,L,88.0,,,20.0,84.0,,,16.0
espn_20240524_401672977,2024-05-24,22023,Minnesota Timberwolves,Dallas Mavericks,108.0,109.0,L,W,85.0,,,32.0,84.0,,,22.0
espn_20240525_401672000,2024-05-25,22023,Indiana Pacers,Boston Celtics,111.0,114.0,L,W,91.0,,,14.0,83.0,,,26.0
espn_20240526_401672978,2024-05-26,22023,Dallas Mavericks,Minnesota Timberwolves,116.0,107.0,W,L,68.0,,,31.0,85.0,,,17.0
espn_20240527_401672001,2024-05-27,22023,Indiana Pacers,Boston Celtics,102.0,105.0,L,W,87.0,,,16.0,89.0,,,14.0
espn_20240528_401672979,2024-05-28,22023,Dallas Mavericks,Minnesota Timberwolves,100.0,105.0,L,W,81.0,,,21.0,74.0,,,25.0
espn_20240530_401672980,2024-05-30,22023,Minnesota Timberwolves,Dallas Mavericks,103.0,124.0,L,W,89.0,,,21.0,84.0,,,23.0
espn_20240606_401656359,2024-06-06,22023,Boston Celtics,Dallas Mavericks,107.0,89.0,W,L,82.0,,,19.0,84.0,,,19.0
espn_20240609_401656360,2024-06-09,22023,Boston Celtics,Dallas Mavericks,105.0,98.0,W,L,84.0,,,20.0,80.0,,,24.0
espn_20240612_401656361,2024-06-12,22023,Dallas Mavericks,Boston Celtics,99.0,106.0,L,W,86.0,,,16.0,82.0,,,14.0
espn_20240614_401656362,2024-06-14,22023,Dallas Mavericks,Boston Celtics,122.0,84.0,W,L,91.0,,,22.0,80.0,,,13.0
espn_20240617_401656363,2024-06-17,22023,Boston Celtics,Dallas Mavericks,106.0,88.0,W,L,89.0,,,20.0,78.0,,,13.0
dl_2024-10-22_BOS_NYK,2024-10-22,22024,Boston Celtics,New York Knicks,132.0,109.0,W,L,95.0,11.0,3.0,8.0,78.0,5.0,11.0,16.0
dl_2024-10-22_LAL_MIN,2024-10-22,22024,Los Angeles Lakers,Minnesota Timberwolves,110.0,103.0,W,L,95.0,15.0,7.0,25.0,85.0,12.0,15.0,27.0
dl_2024-10-23_TOR_CLE,2024-10-23,22024,Toronto Raptors,Cleveland Cavaliers,106.0,136.0,L,W,86.0,14.0,18.0,29.0,87.0,8.0,12.0,26.0
dl_2024-10-23_UTA_MEM,2024-10-23,22024,Utah Jazz,Memphis Grizzlies,124.0,126.0,L,W,85.0,14.0,14.0,45.0,91.0,13.0,12.0,32.0
dl_2024-10-23_PHI_MIL,2024-10-23,22024,Philadelphia 76ers,Milwaukee Bucks,109.0,124.0,L,W,98.0,17.0,10.0,27.0,80.0,8.0,14.0,31.0
dl_2024-10-23_NOP_CHI,2024-10-23,22024,New Orleans Pelicans,Chicago Bulls,123.0,111.0,W,L,97.0,7.0,11.0,21.0,86.0,9.0,21.0,25.0
dl_2024-10-23_POR_GSW,2024-10-23,22024,Portland Trail Blazers,Golden State Warriors,104.0,140.0,L,W,92.0,13.0,17.0,30.0,93.0,15.0,17.0,30.0
dl_2024-10-23_LAC_PHO,2024-10-23,22024,Los Angeles Clippers,PHO,113.0,116.0,L,W,92.0,13.0,21.0,30.0,78.0,4.0,22.0,34.0
dl_2024-10-23_ATL_BRK,2024-10-23,22024,Atlanta Hawks,BRK,120.0,116.0,W,L,80.0,12.0,16.0,46.0,91.0,12.0,17.0,25.0
dl_2024-10-23_MIA_ORL,2024-10-23,22024,Miami Heat,Orlando Magic,97.0,116.0,L,W,82.0,9.0,11.0,29.0,96.0,18.0,11.0,22.0
dl_2024-10-23_HOU_CHO,2024-10-23,22024,Houston Rockets,CHO,105.0,110.0,L,W,103.0,16.0,8.0,20.0,85.0,15.0,16.0,24.0
dl_2024-10-23_DET_IND,2024-10-23,22024,Detroit Pistons,Indiana Pacers,109.0,115.0,L,W,88.0,12.0,12.0,28.0,83.0,7.0,15.0,25.0
dl_2024-10-24_DAL_SAS,2024-10-24,22024,Dallas Mavericks,San Antonio Spurs,120.0,109.0,W,L,102.0,17.0,9.0,23.0,86.0,12.0,19.0,24.0
dl_2024-10-24_DEN_OKC,2024-10-24,22024,Denver Nuggets,Oklahoma City Thunder,87.0,102.0,L,W,98.0,17.0,15.0,14.0,101.0,13.0,12.0,12.0
dl_2024-10-24_SAC_MIN,2024-10-24,22024,Sacramento Kings,Minnesota Timberwolves,115.0,117.0,L,W,82.0,4.0,9.0,35.0,86.0,6.0,16.0,17.0
dl_2024-10-24_WAS_BOS,2024-10-24,22024,Washington Wizards,Boston Celtics,102.0,122.0,L,W,95.0,10.0,13.0,18.0,90.0,12.0,14.0,27.0
dl_2024-10-25_UTA_GSW,2024-10-25,22024,Utah Jazz,Golden State Warriors,86.0,127.0,L,W,92.0,14.0,22.0,26.0,106.0,19.0,13.0,6.0
dl_2024-10-25_TOR_PHI,2024-10-25,22024,Toronto Raptors,Philadelphia 76ers,115.0,107.0,W,L,76.0,18.0,26.0,46.0,76.0,10.0,16.0,53.0
dl_2024-10-25_ORL_BRK,2024-10-25,22024,Orlando Magic,BRK,116.0,101.0,W,L,75.0,5.0,12.0,33.0,83.0,8.0,17.0,21.0
dl_2024-10-25_NYK_IND,2024-10-25,22024,New York Knicks,Indiana Pacers,123.0,98.0,W,L,84.0,11.0,11.0,29.0,83.0,9.0,15.0,20.0
dl_2024-10-25_POR_NOP,2024-10-25,22024,Portland Trail Blazers,New Orleans Pelicans,103.0,105.0,L,W,90.0,10.0,19.0,20.0,86.0,11.0,14.0,31.0
dl_2024-10-25_LAL_PHO,2024-10-25,22024,Los Angeles Lakers,PHO,123.0,116.0,W,L,75.0,6.0,12.0,39.0,82.0,5.0,16.0,17.0
dl_2024-10-25_HOU_MEM,2024-10-25,22024,Houston Rockets,Memphis Grizzlies,128.0,108.0,W,L,98.0,23.0,17.0,36.0,91.0,14.0,17.0,36.0
dl_2024-10-25_CLE_DET,2024-10-25,22024,Cleveland Cavaliers,Detroit Pistons,113.0,101.0,W,L,82.0,5.0,12.0,23.0,81.0,8.0,22.0,17.0
dl_2024-10-25_ATL_CHO,2024-10-25,22024,Atlanta Hawks,CHO,125.0,120.0,W,L,81.0,7.0,13.0,38.0,96.0,22.0,17.0,31.0
dl_2024-10-25_MIL_CHI,2024-10-25,22024,Milwaukee Bucks,Chicago Bulls,122.0,133.0,L,W,93.0,8.0,14.0,25.0,96.0,9.0,9.0,23.0
dl_2024-10-26_WAS_CLE,2024-10-26,22024,Washington Wizards,Cleveland Cavaliers,116.0,135.0,L,W,96.0,18.0,15.0,32.0,88.0,11.0,16.0,34.0
dl_2024-10-26_SAS_HOU,2024-10-26,22024,San Antonio Spurs,Houston Rockets,109.0,106.0,W,L,79.0,10.0,17.0,28.0,92.0,8.0,10.0,21.0
dl_2024-10-26_PHO_DAL,2024-10-26,22024,PHO,Dallas Mavericks,114.0,102.0,W,L,80.0,7.0,11.0,37.0,93.0,12.0,8.0,18.0
dl_2024-10-26_MIN_TOR,2024-10-26,22024,Minnesota Timberwolves,Toronto Raptors,112.0,101.0,W,L,83.0,9.0,13.0,26.0,90.0,12.0,20.0,13.0
dl_2024-10-26_MEM_ORL,2024-10-26,22024,Memphis Grizzlies,Orlando Magic,124.0,111.0,W,L,86.0,6.0,18.0,24.0,87.0,12.0,19.0,28.0
dl_2024-10-26_DET_BOS,2024-10-26,22024,Detroit Pistons,Boston Celtics,118.0,124.0,L,W,88.0,9.0,14.0,22.0,90.0,13.0,10.0,30.0
dl_2024-10-26_DEN_LAC,2024-10-26,22024,Denver Nuggets,Los Angeles Clippers,104.0,109.0,L,W,87.0,10.0,10.0,24.0,82.0,11.0,16.0,21.0
dl_2024-10-26_CHO_MIA,2024-10-26,22024,CHO,Miami Heat,106.0,114.0,L,W,89.0,15.0,17.0,21.0,86.0,13.0,13.0,28.0
dl_2024-10-26_CHI_OKC,2024-10-26,22024,Chicago Bulls,Oklahoma City Thunder,95.0,114.0,L,W,92.0,11.0,26.0,22.0,107.0,9.0,10.0,20.0
dl_2024-10-26_LAL_SAC,2024-10-26,22024,Los Angeles Lakers,Sacramento Kings,131.0,127.0,W,L,92.0,13.0,19.0,24.0,88.0,5.0,14.0,25.0
dl_2024-10-27_POR_NOP,2024-10-27,22024,Portland Trail Blazers,New Orleans Pelicans,125.0,103.0,W,L,93.0,22.0,16.0,32.0,88.0,15.0,15.0,24.0
dl_2024-10-27_IND_PHI,2024-10-27,22024,Indiana Pacers,Philadelphia 76ers,114.0,118.0,L,W,84.0,7.0,19.0,34.0,98.0,20.0,19.0,31.0
dl_2024-10-27_OKC_ATL,2024-10-27,22024,Oklahoma City Thunder,Atlanta Hawks,128.0,104.0,W,L,89.0,11.0,10.0,32.0,91.0,17.0,19.0,29.0
dl_2024-10-27_BRK_MIL,2024-10-27,22024,BRK,Milwaukee Bucks,115.0,102.0,W,L,91.0,12.0,12.0,23.0,74.0,7.0,18.0,31.0
dl_2024-10-27_GSW_LAC,2024-10-27,22024,Golden State Warriors,Los Angeles Clippers,104.0,112.0,L,W,88.0,14.0,21.0,22.0,90.0,14.0,18.0,23.0
dl_2024-10-28_ATL_WAS,2024-10-28,22024,Atlanta Hawks,Washington Wizards,119.0,121.0,L,W,81.0,6.0,16.0,36.0,91.0,9.0,18.0,22.0
dl_2024-10-28_BOS_MIL,2024-10-28,22024,Boston Celtics,Milwaukee Bucks,119.0,108.0,W,L,87.0,4.0,12.0,19.0,82.0,8.0,16.0,31.0
dl_2024-10-28_DAL_UTA,2024-10-28,22024,Dallas Mavericks,Utah Jazz,110.0,102.0,W,L,95.0,13.0,13.0,17.0,92.0,15.0,13.0,29.0
dl_2024-10-28_MEM_CHI,2024-10-28,22024,Memphis Grizzlies,Chicago Bulls,123.0,126.0,L,W,111.0,18.0,10.0,13.0,100.0,11.0,9.0,17.0
dl_2024-10-28_MIA_DET,2024-10-28,22024,Miami Heat,Detroit Pistons,106.0,98.0,W,L,88.0,10.0,9.0,20.0,91.0,19.0,16.0,17.0
dl_2024-10-28_NYK_CLE,2024-10-28,22024,New York Knicks,Cleveland Cavaliers,104.0,110.0,L,W,90.0,13.0,16.0,18.0,82.0,9.0,13.0,24.0
dl_2024-10-28_ORL_IND,2024-10-28,22024,Orlando Magic,Indiana Pacers,119.0,115.0,W,L,83.0,11.0,15.0,38.0,88.0,15.0,12.0,30.0
dl_2024-10-28_PHO_LAL,2024-10-28,22024,PHO,Los Angeles Lakers,109.0,105.0,W,L,87.0,9.0,10.0,20.0,94.0,11.0,11.0,18.0
dl_2024-10-28_SAC_POR,2024-10-28,22024,Sacramento Kings,Portland Trail Blazers,111.0,98.0,W,L,81.0,9.0,14.0,25.0,83.0,12.0,17.0,30.0
dl_2024-10-28_SAS_HOU,2024-10-28,22024,San Antonio Spurs,Houston Rockets,101.0,106.0,L,W,87.0,17.0,17.0,21.0,85.0,13.0,12.0,24.0
dl_2024-10-28_TOR_DEN,2024-10-28,22024,Toronto Raptors,Denver Nuggets,125.0,127.0,L,W,109.0,18.0,15.0,21.0,96.0,15.0,16.0,30.0
dl_2024-10-29_UTA_SAC,2024-10-29,22024,Utah Jazz,Sacramento Kings,96.0,113.0,L,W,89.0,12.0,17.0,14.0,92.0,9.0,11.0,14.0
dl_2024-10-29_MIN_DAL,2024-10-29,22024,Minnesota Timberwolves,Dallas Mavericks,114.0,120.0,L,W,77.0,11.0,20.0,26.0,93.0,12.0,9.0,18.0
dl_2024-10-29_BRK_DEN,2024-10-29,22024,BRK,Denver Nuggets,139.0,144.0,L,W,96.0,7.0,8.0,27.0,89.0,9.0,5.0,47.0
dl_2024-10-29_GSW_NOP,2024-10-29,22024,Golden State Warriors,New Orleans Pelicans,124.0,106.0,W,L,97.0,11.0,7.0,13.0,74.0,9.0,23.0,24.0
dl_2024-10-30_CHI_ORL,2024-10-30,22024,Chicago Bulls,Orlando Magic,102.0,99.0,W,L,84.0,9.0,14.0,25.0,86.0,6.0,12.0,20.0
dl_2024-10-30_CHO_TOR,2024-10-30,22024,CHO,Toronto Raptors,138.0,133.0,W,L,94.0,14.0,15.0,25.0,91.0,13.0,14.0,30.0
dl_2024-10-30_CLE_LAL,2024-10-30,22024,Cleveland Cavaliers,Los Angeles Lakers,134.0,110.0,W,L,97.0,6.0,12.0,8.0,77.0,5.0,20.0,33.0
dl_2024-10-30_GSW_NOP,2024-10-30,22024,Golden State Warriors,New Orleans Pelicans,104.0,89.0,W,L,87.0,13.0,13.0,13.0,90.0,18.0,14.0,20.0
dl_2024-10-30_IND_BOS,2024-10-30,22024,Indiana Pacers,Boston Celtics,135.0,132.0,W,L,104.0,16.0,18.0,24.0,109.0,18.0,14.0,31.0
dl_2024-10-30_LAC_POR,2024-10-30,22024,Los Angeles Clippers,Portland Trail Blazers,105.0,106.0,L,W,90.0,13.0,13.0,18.0,92.0,12.0,12.0,12.0
dl_2024-10-30_MEM_BRK,2024-10-30,22024,Memphis Grizzlies,BRK,106.0,119.0,L,W,81.0,12.0,22.0,29.0,80.0,8.0,15.0,25.0
dl_2024-10-30_MIA_NYK,2024-10-30,22024,Miami Heat,New York Knicks,107.0,116.0,L,W,81.0,7.0,10.0,24.0,82.0,7.0,9.0,20.0
dl_2024-10-30_OKC_SAS,2024-10-30,22024,Oklahoma City Thunder,San Antonio Spurs,105.0,93.0,W,L,89.0,5.0,10.0,8.0,85.0,13.0,22.0,13.0
dl_2024-10-30_PHI_DET,2024-10-30,22024,Philadelphia 76ers,Detroit Pistons,95.0,105.0,L,W,79.0,8.0,9.0,28.0,78.0,12.0,16.0,22.0
dl_2024-10-30_WAS_ATL,2024-10-30,22024,Washington Wizards,Atlanta Hawks,133.0,120.0,W,L,89.0,6.0,14.0,25.0,95.0,12.0,15.0,21.0
dl_2024-10-31_UTA_SAS,2024-10-31,22024,Utah Jazz,San Antonio Spurs,88.0,106.0,L,W,82.0,15.0,26.0,19.0,92.0,11.0,11.0,23.0
dl_2024-10-31_MEM_MIL,2024-10-31,22024,Memphis Grizzlies,Milwaukee Bucks,122.0,99.0,W,L,82.0,7.0,16.0,31.0,96.0,9.0,10.0,19.0
dl_2024-10-31_LAC_PHO,2024-10-31,22024,Los Angeles Clippers,PHO,119.0,125.0,L,W,93.0,15.0,14.0,21.0,82.0,8.0,12.0,28.0
dl_2024-10-31_DAL_HOU,2024-10-31,22024,Dallas Mavericks,Houston Rockets,102.0,108.0,L,W,85.0,10.0,10.0,20.0,97.0,18.0,8.0,27.0
dl_2024-11-01_ATL_SAC,2024-11-01,22024,Atlanta Hawks,Sacramento Kings,115.0,123.0,L,W,92.0,8.0,13.0,18.0,89.0,10.0,14.0,30.0
dl_2024-11-01_BRK_CHI,2024-11-01,22024,BRK,Chicago Bulls,120.0,112.0,W,L,94.0,9.0,10.0,13.0,88.0,10.0,16.0,24.0
dl_2024-11-01_CHO_BOS,2024-11-01,22024,CHO,Boston Celtics,109.0,124.0,L,W,91.0,12.0,14.0,12.0,86.0,11.0,10.0,35.0
dl_2024-11-01_CLE_ORL,2024-11-01,22024,Cleveland Cavaliers,Orlando Magic,120.0,109.0,W,L,87.0,7.0,12.0,20.0,90.0,7.0,14.0,24.0
dl_2024-11-01_DET_NYK,2024-11-01,22024,Detroit Pistons,New York Knicks,98.0,128.0,L,W,81.0,6.0,22.0,7.0,101.0,12.0,9.0,10.0
dl_2024-11-01_MIN_DEN,2024-11-01,22024,Minnesota Timberwolves,Denver Nuggets,119.0,116.0,W,L,83.0,8.0,16.0,18.0,92.0,17.0,13.0,29.0
dl_2024-11-01_NOP_IND,2024-11-01,22024,New Orleans Pelicans,Indiana Pacers,125.0,118.0,W,L,101.0,15.0,6.0,19.0,89.0,6.0,14.0,13.0
dl_2024-11-01_POR_OKC,2024-11-01,22024,Portland Trail Blazers,Oklahoma City Thunder,114.0,137.0,L,W,83.0,11.0,19.0,31.0,95.0,14.0,13.0,19.0
dl_2024-11-01_TOR_LAL,2024-11-01,22024,Toronto Raptors,Los Angeles Lakers,125.0,131.0,L,W,107.0,15.0,11.0,13.0,88.0,9.0,10.0,41.0
dl_2024-11-02_PHI_MEM,2024-11-02,22024,Philadelphia 76ers,Memphis Grizzlies,107.0,124.0,L,W,89.0,8.0,14.0,20.0,87.0,11.0,16.0,21.0
dl_2024-11-02_WAS_MIA,2024-11-02,22024,Washington Wizards,Miami Heat,98.0,118.0,L,W,91.0,8.0,11.0,21.0,102.0,21.0,13.0,24.0
dl_2024-11-02_TOR_SAC,2024-11-02,22024,Toronto Raptors,Sacramento Kings,131.0,128.0,W,L,95.0,12.0,19.0,31.0,100.0,15.0,18.0,32.0
dl_2024-11-02_SAS_MIN,2024-11-02,22024,San Antonio Spurs,Minnesota Timberwolves,113.0,103.0,W,L,83.0,7.0,11.0,17.0,82.0,6.0,12.0,20.0
dl_2024-11-02_PHO_POR,2024-11-02,22024,PHO,Portland Trail Blazers,103.0,97.0,W,L,93.0,13.0,12.0,22.0,111.0,14.0,6.0,11.0
dl_2024-11-02_HOU_GSW,2024-11-02,22024,Houston Rockets,Golden State Warriors,121.0,127.0,L,W,107.0,18.0,11.0,24.0,78.0,9.0,14.0,50.0
dl_2024-11-02_LAC_OKC,2024-11-02,22024,Los Angeles Clippers,Oklahoma City Thunder,92.0,105.0,L,W,79.0,10.0,20.0,26.0,84.0,3.0,12.0,19.0
dl_2024-11-02_DEN_UTA,2024-11-02,22024,Denver Nuggets,Utah Jazz,129.0,103.0,W,L,99.0,19.0,17.0,23.0,77.0,8.0,22.0,31.0
dl_2024-11-02_CHO_BOS,2024-11-02,22024,CHO,Boston Celtics,103.0,113.0,L,W,91.0,7.0,13.0,9.0,82.0,8.0,15.0,28.0
dl_2024-11-02_MIL_CLE,2024-11-02,22024,Milwaukee Bucks,Cleveland Cavaliers,113.0,114.0,L,W,89.0,10.0,13.0,15.0,91.0,10.0,7.0,15.0
dl_2024-11-03_BRK_DET,2024-11-03,22024,BRK,Detroit Pistons,92.0,106.0,L,W,71.0,4.0,13.0,31.0,77.0,9.0,17.0,26.0
dl_2024-11-03_DAL_ORL,2024-11-03,22024,Dallas Mavericks,Orlando Magic,108.0,85.0,W,L,85.0,12.0,18.0,23.0,93.0,13.0,14.0,19.0
dl_2024-11-03_NOP_ATL,2024-11-03,22024,New Orleans Pelicans,Atlanta Hawks,111.0,126.0,L,W,90.0,18.0,18.0,20.0,88.0,10.0,16.0,12.0
dl_2024-11-04_MIN_CHO,2024-11-04,22024,Minnesota Timberwolves,CHO,114.0,93.0,W,L,79.0,9.0,15.0,26.0,88.0,9.0,14.0,16.0
dl_2024-11-04_MIA_SAC,2024-11-04,22024,Miami Heat,Sacramento Kings,110.0,111.0,L,W,85.0,8.0,10.0,30.0,86.0,11.0,12.0,15.0
dl_2024-11-04_NOP_POR,2024-11-04,22024,New Orleans Pelicans,Portland Trail Blazers,100.0,118.0,L,W,84.0,10.0,12.0,16.0,84.0,11.0,11.0,24.0
dl_2024-11-04_DET_LAL,2024-11-04,22024,Detroit Pistons,Los Angeles Lakers,115.0,103.0,W,L,96.0,17.0,12.0,22.0,85.0,7.0,13.0,27.0
dl_2024-11-04_PHO_PHI,2024-11-04,22024,PHO,Philadelphia 76ers,118.0,116.0,W,L,82.0,9.0,14.0,26.0,87.0,9.0,14.0,18.0
dl_2024-11-04_WAS_GSW,2024-11-04,22024,Washington Wizards,Golden State Warriors,112.0,125.0,L,W,96.0,8.0,9.0,21.0,97.0,16.0,6.0,34.0
dl_2024-11-04_OKC_ORL,2024-11-04,22024,Oklahoma City Thunder,Orlando Magic,102.0,86.0,W,L,85.0,5.0,15.0,16.0,82.0,7.0,18.0,27.0
dl_2024-11-04_LAC_SAS,2024-11-04,22024,Los Angeles Clippers,San Antonio Spurs,113.0,104.0,W,L,90.0,16.0,10.0,17.0,86.0,12.0,10.0,19.0
dl_2024-11-04_DAL_IND,2024-11-04,22024,Dallas Mavericks,Indiana Pacers,127.0,134.0,L,W,89.0,5.0,8.0,25.0,95.0,7.0,9.0,20.0
dl_2024-11-04_DEN_TOR,2024-11-04,22024,Denver Nuggets,Toronto Raptors,121.0,119.0,W,L,83.0,14.0,17.0,38.0,103.0,14.0,13.0,18.0
dl_2024-11-04_CLE_MIL,2024-11-04,22024,Cleveland Cavaliers,Milwaukee Bucks,116.0,114.0,W,L,91.0,5.0,10.0,13.0,86.0,7.0,14.0,15.0
dl_2024-11-04_CHI_UTA,2024-11-04,22024,Chicago Bulls,Utah Jazz,126.0,135.0,L,W,95.0,10.0,9.0,25.0,89.0,12.0,12.0,30.0
dl_2024-11-04_BRK_MEM,2024-11-04,22024,BRK,Memphis Grizzlies,106.0,104.0,W,L,84.0,12.0,13.0,18.0,91.0,13.0,14.0,13.0
dl_2024-11-04_ATL_BOS,2024-11-04,22024,Atlanta Hawks,Boston Celtics,93.0,123.0,L,W,89.0,8.0,19.0,16.0,99.0,11.0,12.0,13.0
dl_2024-11-04_HOU_NYK,2024-11-04,22024,Houston Rockets,New York Knicks,109.0,97.0,W,L,88.0,11.0,10.0,18.0,88.0,13.0,10.0,21.0
dl_2024-11-06_SAC_TOR,2024-11-06,22024,Sacramento Kings,Toronto Raptors,122.0,107.0,W,L,90.0,15.0,9.0,32.0,88.0,8.0,11.0,15.0
dl_2024-11-06_PHO_MIA,2024-11-06,22024,PHO,Miami Heat,115.0,112.0,W,L,84.0,10.0,16.0,18.0,92.0,13.0,10.0,20.0
dl_2024-11-06_NOP_CLE,2024-11-06,22024,New Orleans Pelicans,Cleveland Cavaliers,122.0,131.0,L,W,88.0,8.0,9.0,28.0,96.0,12.0,11.0,13.0
dl_2024-11-06_MEM_LAL,2024-11-06,22024,Memphis Grizzlies,Los Angeles Lakers,131.0,114.0,W,L,93.0,12.0,18.0,23.0,93.0,9.0,11.0,21.0
dl_2024-11-06_LAC_PHI,2024-11-06,22024,Los Angeles Clippers,Philadelphia 76ers,110.0,98.0,W,L,72.0,8.0,17.0,19.0,73.0,10.0,20.0,19.0
dl_2024-11-06_IND_ORL,2024-11-06,22024,Indiana Pacers,Orlando Magic,118.0,111.0,W,L,76.0,4.0,11.0,26.0,82.0,10.0,16.0,26.0
dl_2024-11-06_HOU_SAS,2024-11-06,22024,Houston Rockets,San Antonio Spurs,127.0,100.0,W,L,96.0,11.0,11.0,15.0,83.0,8.0,19.0,16.0
dl_2024-11-06_DAL_CHI,2024-11-06,22024,Dallas Mavericks,Chicago Bulls,119.0,99.0,W,L,93.0,9.0,15.0,21.0,86.0,14.0,22.0,23.0
dl_2024-11-06_CHO_DET,2024-11-06,22024,CHO,Detroit Pistons,108.0,107.0,W,L,90.0,8.0,12.0,16.0,94.0,6.0,10.0,9.0
dl_2024-11-06_BOS_GSW,2024-11-06,22024,Boston Celtics,Golden State Warriors,112.0,118.0,L,W,90.0,13.0,12.0,21.0,91.0,15.0,11.0,24.0
dl_2024-11-06_ATL_NYK,2024-11-06,22024,Atlanta Hawks,New York Knicks,121.0,116.0,W,L,100.0,16.0,8.0,22.0,84.0,7.0,15.0,15.0
dl_2024-11-06_DEN_OKC,2024-11-06,22024,Denver Nuggets,Oklahoma City Thunder,124.0,122.0,W,L,89.0,13.0,18.0,33.0,100.0,13.0,14.0,23.0
dl_2024-11-07_CHI_MIN,2024-11-07,22024,Chicago Bulls,Minnesota Timberwolves,119.0,135.0,L,W,88.0,10.0,13.0,15.0,93.0,10.0,13.0,17.0
dl_2024-11-07_MIL_UTA,2024-11-07,22024,Milwaukee Bucks,Utah Jazz,123.0,100.0,W,L,84.0,11.0,10.0,30.0,77.0,8.0,21.0,18.0
dl_2024-11-07_SAS_POR,2024-11-07,22024,San Antonio Spurs,Portland Trail Blazers,118.0,105.0,W,L,82.0,12.0,15.0,18.0,86.0,14.0,14.0,22.0
dl_2024-11-08_MIN_POR,2024-11-08,22024,Minnesota Timberwolves,Portland Trail Blazers,127.0,102.0,W,L,97.0,10.0,17.0,14.0,91.0,12.0,16.0,24.0
dl_2024-11-08_NYK_MIL,2024-11-08,22024,New York Knicks,Milwaukee Bucks,116.0,94.0,W,L,91.0,14.0,7.0,19.0,83.0,11.0,12.0,23.0
dl_2024-11-08_MEM_WAS,2024-11-08,22024,Memphis Grizzlies,Washington Wizards,128.0,104.0,W,L,97.0,13.0,17.0,25.0,93.0,11.0,18.0,23.0
dl_2024-11-08_ORL_NOP,2024-11-08,22024,Orlando Magic,New Orleans Pelicans,115.0,88.0,W,L,86.0,11.0,13.0,21.0,84.0,6.0,15.0,17.0
dl_2024-11-08_SAC_LAC,2024-11-08,22024,Sacramento Kings,Los Angeles Clippers,98.0,107.0,L,W,78.0,5.0,13.0,24.0,81.0,12.0,18.0,23.0
dl_2024-11-08_OKC_HOU,2024-11-08,22024,Oklahoma City Thunder,Houston Rockets,126.0,107.0,W,L,90.0,7.0,10.0,23.0,90.0,14.0,17.0,26.0
dl_2024-11-08_LAL_PHI,2024-11-08,22024,Los Angeles Lakers,Philadelphia 76ers,116.0,106.0,W,L,85.0,5.0,11.0,14.0,96.0,13.0,5.0,23.0
dl_2024-11-08_DET_ATL,2024-11-08,22024,Detroit Pistons,Atlanta Hawks,122.0,121.0,W,L,86.0,11.0,20.0,31.0,97.0,15.0,17.0,23.0
dl_2024-11-08_DEN_MIA,2024-11-08,22024,Denver Nuggets,Miami Heat,135.0,122.0,W,L,81.0,6.0,17.0,19.0,94.0,9.0,11.0,13.0
dl_2024-11-08_DAL_PHO,2024-11-08,22024,Dallas Mavericks,PHO,113.0,114.0,L,W,80.0,8.0,11.0,22.0,86.0,11.0,8.0,18.0
dl_2024-11-08_CLE_GSW,2024-11-08,22024,Cleveland Cavaliers,Golden State Warriors,136.0,117.0,W,L,85.0,9.0,19.0,28.0,98.0,11.0,17.0,14.0
dl_2024-11-08_CHO_IND,2024-11-08,22024,CHO,Indiana Pacers,103.0,83.0,W,L,90.0,13.0,14.0,12.0,83.0,7.0,12.0,14.0
dl_2024-11-08_BOS_BRK,2024-11-08,22024,Boston Celtics,BRK,108.0,104.0,W,L,90.0,4.0,13.0,19.0,100.0,12.0,12.0,15.0
dl_2024-11-09_ATL_CHI,2024-11-09,22024,Atlanta Hawks,Chicago Bulls,113.0,125.0,L,W,89.0,10.0,13.0,30.0,92.0,13.0,17.0,23.0
dl_2024-11-09_CLE_BRK,2024-11-09,22024,Cleveland Cavaliers,BRK,105.0,100.0,W,L,74.0,4.0,14.0,19.0,76.0,10.0,17.0,18.0
dl_2024-11-09_LAC_TOR,2024-11-09,22024,Los Angeles Clippers,Toronto Raptors,105.0,103.0,W,L,76.0,7.0,12.0,32.0,95.0,12.0,10.0,21.0
dl_2024-11-09_SAS_UTA,2024-11-09,22024,San Antonio Spurs,Utah Jazz,110.0,111.0,L,W,85.0,6.0,20.0,19.0,82.0,9.0,17.0,35.0
dl_2024-11-10_POR_MEM,2024-11-10,22024,Portland Trail Blazers,Memphis Grizzlies,89.0,134.0,L,W,100.0,16.0,23.0,21.0,85.0,10.0,20.0,28.0
dl_2024-11-10_PHO_SAC,2024-11-10,22024,PHO,Sacramento Kings,118.0,127.0,L,W,105.0,8.0,11.0,15.0,102.0,8.0,14.0,19.0
dl_2024-11-10_PHI_CHO,2024-11-10,22024,Philadelphia 76ers,CHO,107.0,105.0,W,L,84.0,8.0,17.0,26.0,95.0,12.0,19.0,22.0
dl_2024-11-10_ORL_WAS,2024-11-10,22024,Orlando Magic,Washington Wizards,121.0,94.0,W,L,91.0,15.0,11.0,25.0,72.0,7.0,16.0,25.0
dl_2024-11-10_OKC_GSW,2024-11-10,22024,Oklahoma City Thunder,Golden State Warriors,116.0,127.0,L,W,94.0,14.0,11.0,26.0,89.0,13.0,14.0,23.0
dl_2024-11-10_MIL_BOS,2024-11-10,22024,Milwaukee Bucks,Boston Celtics,107.0,113.0,L,W,81.0,5.0,12.0,21.0,86.0,8.0,12.0,27.0
dl_2024-11-10_LAL_TOR,2024-11-10,22024,Los Angeles Lakers,Toronto Raptors,123.0,103.0,W,L,86.0,10.0,5.0,28.0,82.0,12.0,16.0,22.0
dl_2024-11-10_IND_NYK,2024-11-10,22024,Indiana Pacers,New York Knicks,132.0,121.0,W,L,88.0,5.0,6.0,25.0,83.0,8.0,13.0,27.0
dl_2024-11-10_DET_HOU,2024-11-10,22024,Detroit Pistons,Houston Rockets,99.0,101.0,L,W,84.0,11.0,18.0,23.0,93.0,17.0,11.0,24.0
dl_2024-11-10_DEN_DAL,2024-11-10,22024,Denver Nuggets,Dallas Mavericks,122.0,120.0,W,L,89.0,13.0,10.0,26.0,90.0,10.0,10.0,19.0
dl_2024-11-10_MIN_MIA,2024-11-10,22024,Minnesota Timberwolves,Miami Heat,94.0,95.0,L,W,88.0,16.0,19.0,13.0,77.0,6.0,22.0,22.0
dl_2024-11-11_CHI_CLE,2024-11-11,22024,Chicago Bulls,Cleveland Cavaliers,113.0,119.0,L,W,87.0,8.0,20.0,16.0,97.0,12.0,8.0,24.0
dl_2024-11-11_HOU_WAS,2024-11-11,22024,Houston Rockets,Washington Wizards,107.0,92.0,W,L,87.0,17.0,19.0,25.0,88.0,8.0,18.0,13.0
dl_2024-11-11_NOP_BRK,2024-11-11,22024,New Orleans Pelicans,BRK,105.0,107.0,L,W,94.0,14.0,10.0,12.0,84.0,14.0,16.0,19.0
dl_2024-11-11_OKC_LAC,2024-11-11,22024,Oklahoma City Thunder,Los Angeles Clippers,134.0,128.0,W,L,91.0,9.0,11.0,23.0,80.0,15.0,23.0,29.0
dl_2024-11-11_SAS_SAC,2024-11-11,22024,San Antonio Spurs,Sacramento Kings,116.0,96.0,W,L,85.0,8.0,16.0,8.0,91.0,9.0,11.0,9.0
dl_2024-11-12_POR_MIN,2024-11-12,22024,Portland Trail Blazers,Minnesota Timberwolves,122.0,108.0,W,L,84.0,11.0,19.0,20.0,73.0,4.0,21.0,23.0
dl_2024-11-12_UTA_PHO,2024-11-12,22024,Utah Jazz,PHO,112.0,120.0,L,W,92.0,12.0,10.0,9.0,86.0,10.0,8.0,22.0
dl_2024-11-12_PHI_NYK,2024-11-12,22024,Philadelphia 76ers,New York Knicks,99.0,111.0,L,W,83.0,9.0,13.0,24.0,89.0,8.0,15.0,15.0
dl_2024-11-12_ORL_CHO,2024-11-12,22024,Orlando Magic,CHO,114.0,89.0,W,L,93.0,8.0,11.0,19.0,84.0,8.0,22.0,14.0
dl_2024-11-12_GSW_DAL,2024-11-12,22024,Golden State Warriors,Dallas Mavericks,120.0,117.0,W,L,94.0,18.0,12.0,27.0,84.0,8.0,17.0,24.0
dl_2024-11-12_DET_MIA,2024-11-12,22024,Detroit Pistons,Miami Heat,123.0,121.0,W,L,92.0,15.0,19.0,28.0,101.0,12.0,10.0,13.0
dl_2024-11-12_BOS_ATL,2024-11-12,22024,Boston Celtics,Atlanta Hawks,116.0,117.0,L,W,75.0,6.0,20.0,27.0,99.0,19.0,16.0,13.0
dl_2024-11-12_MIL_TOR,2024-11-12,22024,Milwaukee Bucks,Toronto Raptors,99.0,85.0,W,L,94.0,12.0,16.0,12.0,86.0,17.0,21.0,20.0
dl_2024-11-13_SAS_WAS,2024-11-13,22024,San Antonio Spurs,Washington Wizards,139.0,130.0,W,L,92.0,8.0,9.0,32.0,95.0,11.0,18.0,16.0
dl_2024-11-13_POR_MIN,2024-11-13,22024,Portland Trail Blazers,Minnesota Timberwolves,106.0,98.0,W,L,83.0,11.0,19.0,23.0,94.0,13.0,13.0,22.0
dl_2024-11-13_PHI_CLE,2024-11-13,22024,Philadelphia 76ers,Cleveland Cavaliers,106.0,114.0,L,W,92.0,12.0,11.0,11.0,85.0,9.0,11.0,17.0
dl_2024-11-13_ORL_IND,2024-11-13,22024,Orlando Magic,Indiana Pacers,94.0,90.0,W,L,84.0,13.0,17.0,15.0,84.0,7.0,16.0,18.0
dl_2024-11-13_OKC_NOP,2024-11-13,22024,Oklahoma City Thunder,New Orleans Pelicans,106.0,88.0,W,L,88.0,5.0,5.0,16.0,86.0,21.0,23.0,17.0
dl_2024-11-13_SAC_PHO,2024-11-13,22024,Sacramento Kings,PHO,127.0,104.0,W,L,78.0,6.0,17.0,17.0,97.0,19.0,10.0,26.0
dl_2024-11-13_MIL_DET,2024-11-13,22024,Milwaukee Bucks,Detroit Pistons,127.0,120.0,W,L,95.0,9.0,11.0,25.0,100.0,11.0,14.0,13.0
dl_2024-11-13_LAL_MEM,2024-11-13,22024,Los Angeles Lakers,Memphis Grizzlies,128.0,123.0,W,L,85.0,7.0,18.0,32.0,89.0,12.0,13.0,33.0
dl_2024-11-13_HOU_LAC,2024-11-13,22024,Houston Rockets,Los Angeles Clippers,111.0,103.0,W,L,97.0,18.0,13.0,17.0,96.0,10.0,9.0,16.0
dl_2024-11-13_BRK_BOS,2024-11-13,22024,BRK,Boston Celtics,114.0,139.0,L,W,79.0,3.0,12.0,18.0,93.0,12.0,7.0,24.0
dl_2024-11-13_NYK_CHI,2024-11-13,22024,New York Knicks,Chicago Bulls,123.0,124.0,L,W,94.0,10.0,15.0,18.0,82.0,7.0,18.0,27.0
dl_2024-11-14_UTA_DAL,2024-11-14,22024,Utah Jazz,Dallas Mavericks,115.0,113.0,W,L,85.0,16.0,18.0,21.0,85.0,11.0,17.0,20.0
dl_2024-11-15_SAC_MIN,2024-11-15,22024,Sacramento Kings,Minnesota Timberwolves,126.0,130.0,L,W,96.0,11.0,13.0,20.0,101.0,10.0,11.0,16.0
dl_2024-11-15_ORL_PHI,2024-11-15,22024,Orlando Magic,Philadelphia 76ers,98.0,86.0,W,L,78.0,11.0,17.0,22.0,72.0,6.0,16.0,21.0
dl_2024-11-15_OKC_PHO,2024-11-15,22024,Oklahoma City Thunder,PHO,99.0,83.0,W,L,91.0,13.0,10.0,18.0,75.0,11.0,14.0,40.0
dl_2024-11-15_NYK_BRK,2024-11-15,22024,New York Knicks,BRK,124.0,122.0,W,L,83.0,8.0,13.0,28.0,89.0,10.0,9.0,28.0
dl_2024-11-15_NOP_DEN,2024-11-15,22024,New Orleans Pelicans,Denver Nuggets,101.0,94.0,W,L,87.0,17.0,14.0,18.0,87.0,5.0,7.0,11.0
dl_2024-11-15_GSW_MEM,2024-11-15,22024,Golden State Warriors,Memphis Grizzlies,123.0,118.0,W,L,98.0,14.0,19.0,25.0,103.0,18.0,15.0,33.0
dl_2024-11-15_HOU_LAC,2024-11-15,22024,Houston Rockets,Los Angeles Clippers,125.0,104.0,W,L,95.0,9.0,12.0,18.0,90.0,13.0,14.0,33.0
dl_2024-11-15_CLE_CHI,2024-11-15,22024,Cleveland Cavaliers,Chicago Bulls,144.0,126.0,W,L,93.0,4.0,13.0,24.0,88.0,3.0,17.0,20.0
dl_2024-11-15_ATL_WAS,2024-11-15,22024,Atlanta Hawks,Washington Wizards,129.0,117.0,W,L,98.0,15.0,16.0,30.0,106.0,13.0,15.0,21.0
dl_2024-11-15_SAS_LAL,2024-11-15,22024,San Antonio Spurs,Los Angeles Lakers,115.0,120.0,L,W,88.0,11.0,13.0,16.0,88.0,10.0,10.0,23.0
dl_2024-11-15_IND_MIA,2024-11-15,22024,Indiana Pacers,Miami Heat,111.0,124.0,L,W,86.0,8.0,20.0,11.0,87.0,4.0,10.0,23.0
dl_2024-11-15_TOR_DET,2024-11-15,22024,Toronto Raptors,Detroit Pistons,95.0,99.0,L,W,97.0,17.0,14.0,22.0,95.0,14.0,13.0,20.0
dl_2024-11-16_SAC_UTA,2024-11-16,22024,Sacramento Kings,Utah Jazz,121.0,117.0,W,L,83.0,9.0,14.0,25.0,75.0,11.0,13.0,42.0
dl_2024-11-16_NOP_LAL,2024-11-16,22024,New Orleans Pelicans,Los Angeles Lakers,99.0,104.0,L,W,83.0,18.0,17.0,23.0,89.0,17.0,11.0,18.0
dl_2024-11-16_BOS_TOR,2024-11-16,22024,Boston Celtics,Toronto Raptors,126.0,123.0,W,L,99.0,14.0,9.0,19.0,98.0,15.0,9.0,21.0
dl_2024-11-16_CHO_MIL,2024-11-16,22024,CHO,Milwaukee Bucks,115.0,114.0,W,L,93.0,16.0,10.0,21.0,92.0,8.0,9.0,11.0
dl_2024-11-16_DAL_SAS,2024-11-16,22024,Dallas Mavericks,San Antonio Spurs,110.0,93.0,W,L,94.0,13.0,14.0,18.0,88.0,13.0,11.0,30.0
dl_2024-11-17_CHI_HOU,2024-11-17,22024,Chicago Bulls,Houston Rockets,107.0,143.0,L,W,107.0,13.0,13.0,22.0,105.0,14.0,10.0,32.0
dl_2024-11-17_CLE_CHO,2024-11-17,22024,Cleveland Cavaliers,CHO,128.0,114.0,W,L,77.0,9.0,20.0,28.0,103.0,17.0,9.0,12.0
dl_2024-11-17_IND_MIA,2024-11-17,22024,Indiana Pacers,Miami Heat,119.0,110.0,W,L,85.0,10.0,10.0,20.0,90.0,15.0,10.0,20.0
dl_2024-11-17_LAC_UTA,2024-11-17,22024,Los Angeles Clippers,Utah Jazz,116.0,105.0,W,L,94.0,14.0,9.0,17.0,79.0,9.0,18.0,18.0
dl_2024-11-17_MEM_DEN,2024-11-17,22024,Memphis Grizzlies,Denver Nuggets,105.0,90.0,W,L,91.0,10.0,12.0,12.0,84.0,6.0,14.0,14.0
dl_2024-11-17_MIN_PHO,2024-11-17,22024,Minnesota Timberwolves,PHO,120.0,117.0,W,L,80.0,9.0,14.0,26.0,85.0,12.0,19.0,15.0
dl_2024-11-17_NYK_BRK,2024-11-17,22024,New York Knicks,BRK,114.0,104.0,W,L,88.0,10.0,6.0,19.0,76.0,7.0,9.0,30.0
dl_2024-11-17_OKC_DAL,2024-11-17,22024,Oklahoma City Thunder,Dallas Mavericks,119.0,121.0,L,W,87.0,7.0,6.0,25.0,84.0,18.0,16.0,36.0
dl_2024-11-17_POR_ATL,2024-11-17,22024,Portland Trail Blazers,Atlanta Hawks,114.0,110.0,W,L,95.0,18.0,20.0,19.0,85.0,16.0,25.0,25.0
dl_2024-11-17_WAS_DET,2024-11-17,22024,Washington Wizards,Detroit Pistons,104.0,124.0,L,W,83.0,5.0,17.0,20.0,97.0,13.0,8.0,19.0
dl_2024-11-18_TOR_IND,2024-11-18,22024,Toronto Raptors,Indiana Pacers,130.0,119.0,W,L,82.0,10.0,23.0,28.0,99.0,12.0,10.0,20.0
dl_2024-11-18_SAC_ATL,2024-11-18,22024,Sacramento Kings,Atlanta Hawks,108.0,109.0,L,W,85.0,9.0,17.0,19.0,83.0,6.0,14.0,18.0
dl_2024-11-18_PHO_ORL,2024-11-18,22024,PHO,Orlando Magic,99.0,109.0,L,W,83.0,16.0,13.0,25.0,76.0,8.0,10.0,25.0
dl_2024-11-18_NYK_WAS,2024-11-18,22024,New York Knicks,Washington Wizards,134.0,106.0,W,L,91.0,7.0,8.0,13.0,91.0,12.0,10.0,16.0
dl_2024-11-18_MIA_PHI,2024-11-18,22024,Miami Heat,Philadelphia 76ers,106.0,89.0,W,L,87.0,9.0,13.0,23.0,84.0,2.0,14.0,12.0
dl_2024-11-18_LAC_GSW,2024-11-18,22024,Los Angeles Clippers,Golden State Warriors,102.0,99.0,W,L,82.0,5.0,17.0,18.0,84.0,9.0,19.0,19.0
dl_2024-11-18_DET_CHI,2024-11-18,22024,Detroit Pistons,Chicago Bulls,112.0,122.0,L,W,98.0,16.0,9.0,19.0,91.0,10.0,10.0,14.0
dl_2024-11-18_MIL_HOU,2024-11-18,22024,Milwaukee Bucks,Houston Rockets,101.0,100.0,W,L,83.0,4.0,15.0,19.0,100.0,16.0,12.0,13.0
dl_2024-11-19_BOS_CLE,2024-11-19,22024,Boston Celtics,Cleveland Cavaliers,120.0,117.0,W,L,86.0,9.0,13.0,14.0,93.0,12.0,7.0,17.0
dl_2024-11-19_BRK_CHO,2024-11-19,22024,BRK,CHO,116.0,115.0,W,L,85.0,10.0,13.0,19.0,82.0,13.0,21.0,22.0
dl_2024-11-19_DAL_NOP,2024-11-19,22024,Dallas Mavericks,New Orleans Pelicans,132.0,91.0,W,L,94.0,14.0,11.0,25.0,78.0,7.0,21.0,21.0
dl_2024-11-19_LAL_UTA,2024-11-19,22024,Los Angeles Lakers,Utah Jazz,124.0,118.0,W,L,76.0,6.0,14.0,36.0,90.0,11.0,14.0,19.0
dl_2024-11-19_MEM_DEN,2024-11-19,22024,Memphis Grizzlies,Denver Nuggets,110.0,122.0,L,W,103.0,19.0,22.0,31.0,100.0,13.0,18.0,22.0
dl_2024-11-19_SAS_OKC,2024-11-19,22024,San Antonio Spurs,Oklahoma City Thunder,110.0,104.0,W,L,83.0,8.0,21.0,19.0,100.0,13.0,13.0,7.0
dl_2024-11-20_MIL_CHI,2024-11-20,22024,Milwaukee Bucks,Chicago Bulls,122.0,106.0,W,L,80.0,10.0,11.0,31.0,88.0,5.0,14.0,7.0
dl_2024-11-20_OKC_POR,2024-11-20,22024,Oklahoma City Thunder,Portland Trail Blazers,109.0,99.0,W,L,91.0,15.0,13.0,23.0,79.0,16.0,22.0,28.0
dl_2024-11-20_PHO_NYK,2024-11-20,22024,PHO,New York Knicks,122.0,138.0,L,W,92.0,11.0,14.0,17.0,86.0,10.0,13.0,21.0
dl_2024-11-20_MEM_PHI,2024-11-20,22024,Memphis Grizzlies,Philadelphia 76ers,117.0,111.0,W,L,85.0,9.0,19.0,16.0,87.0,14.0,14.0,24.0
dl_2024-11-20_GSW_ATL,2024-11-20,22024,Golden State Warriors,Atlanta Hawks,120.0,97.0,W,L,101.0,9.0,15.0,18.0,105.0,21.0,17.0,24.0
dl_2024-11-20_HOU_IND,2024-11-20,22024,Houston Rockets,Indiana Pacers,130.0,113.0,W,L,102.0,13.0,13.0,33.0,83.0,3.0,23.0,25.0
dl_2024-11-20_CLE_NOP,2024-11-20,22024,Cleveland Cavaliers,New Orleans Pelicans,128.0,100.0,W,L,93.0,16.0,11.0,14.0,92.0,16.0,11.0,22.0
dl_2024-11-20_LAC_ORL,2024-11-20,22024,Los Angeles Clippers,Orlando Magic,104.0,93.0,W,L,77.0,15.0,22.0,21.0,75.0,2.0,14.0,24.0
dl_2024-11-21_CHO_DET,2024-11-21,22024,CHO,Detroit Pistons,123.0,121.0,W,L,93.0,11.0,15.0,21.0,99.0,21.0,19.0,25.0
dl_2024-11-21_LAL_ORL,2024-11-21,22024,Los Angeles Lakers,Orlando Magic,118.0,119.0,L,W,87.0,9.0,10.0,26.0,91.0,15.0,16.0,21.0
dl_2024-11-21_SAS_UTA,2024-11-21,22024,San Antonio Spurs,Utah Jazz,126.0,118.0,W,L,88.0,11.0,11.0,46.0,98.0,12.0,14.0,26.0
dl_2024-11-21_TOR_MIN,2024-11-21,22024,Toronto Raptors,Minnesota Timberwolves,110.0,105.0,W,L,72.0,10.0,17.0,39.0,80.0,10.0,17.0,33.0
dl_2024-11-22_WAS_BOS,2024-11-22,22024,Washington Wizards,Boston Celtics,96.0,108.0,L,W,90.0,10.0,19.0,16.0,85.0,10.0,12.0,32.0
dl_2024-11-22_PHI_BRK,2024-11-22,22024,Philadelphia 76ers,BRK,113.0,98.0,W,L,92.0,15.0,11.0,20.0,79.0,7.0,19.0,7.0
dl_2024-11-22_NOP_GSW,2024-11-22,22024,New Orleans Pelicans,Golden State Warriors,108.0,112.0,L,W,92.0,13.0,9.0,22.0,87.0,14.0,16.0,29.0
dl_2024-11-22_MIL_IND,2024-11-22,22024,Milwaukee Bucks,Indiana Pacers,129.0,117.0,W,L,90.0,10.0,17.0,20.0,91.0,14.0,15.0,27.0
dl_2024-11-22_HOU_POR,2024-11-22,22024,Houston Rockets,Portland Trail Blazers,116.0,88.0,W,L,93.0,13.0,17.0,25.0,91.0,13.0,20.0,22.0
dl_2024-11-22_DEN_DAL,2024-11-22,22024,Denver Nuggets,Dallas Mavericks,120.0,123.0,L,W,90.0,15.0,13.0,29.0,91.0,12.0,13.0,27.0
dl_2024-11-22_CHI_ATL,2024-11-22,22024,Chicago Bulls,Atlanta Hawks,136.0,122.0,W,L,86.0,5.0,19.0,21.0,107.0,14.0,11.0,19.0
dl_2024-11-22_LAC_SAC,2024-11-22,22024,Los Angeles Clippers,Sacramento Kings,104.0,88.0,W,L,94.0,11.0,12.0,16.0,83.0,8.0,15.0,24.0
dl_2024-11-23_CHI_MEM,2024-11-23,22024,Chicago Bulls,Memphis Grizzlies,131.0,142.0,L,W,97.0,10.0,11.0,19.0,96.0,13.0,11.0,20.0
dl_2024-11-23_HOU_POR,2024-11-23,22024,Houston Rockets,Portland Trail Blazers,98.0,104.0,L,W,90.0,14.0,9.0,33.0,90.0,16.0,16.0,23.0
dl_2024-11-23_LAL_DEN,2024-11-23,22024,Los Angeles Lakers,Denver Nuggets,102.0,127.0,L,W,88.0,6.0,15.0,14.0,82.0,8.0,17.0,19.0
dl_2024-11-23_MIL_CHO,2024-11-23,22024,Milwaukee Bucks,CHO,125.0,119.0,W,L,89.0,10.0,14.0,26.0,100.0,14.0,10.0,21.0
dl_2024-11-23_ORL_DET,2024-11-23,22024,Orlando Magic,Detroit Pistons,111.0,100.0,W,L,87.0,17.0,13.0,22.0,75.0,10.0,17.0,22.0
dl_2024-11-23_SAS_GSW,2024-11-23,22024,San Antonio Spurs,Golden State Warriors,104.0,94.0,W,L,85.0,9.0,8.0,19.0,95.0,17.0,10.0,13.0
dl_2024-11-23_UTA_NYK,2024-11-23,22024,Utah Jazz,New York Knicks,121.0,106.0,W,L,87.0,9.0,18.0,19.0,100.0,11.0,9.0,12.0
dl_2024-11-24_PHI_LAC,2024-11-24,22024,Philadelphia 76ers,Los Angeles Clippers,99.0,125.0,L,W,86.0,13.0,13.0,26.0,81.0,10.0,17.0,25.0
dl_2024-11-24_MIA_DAL,2024-11-24,22024,Miami Heat,Dallas Mavericks,123.0,118.0,W,L,107.0,12.0,9.0,27.0,105.0,15.0,13.0,25.0
dl_2024-11-24_SAC_BRK,2024-11-24,22024,Sacramento Kings,BRK,103.0,108.0,L,W,77.0,11.0,16.0,31.0,75.0,6.0,12.0,25.0
dl_2024-11-24_CLE_TOR,2024-11-24,22024,Cleveland Cavaliers,Toronto Raptors,122.0,108.0,W,L,97.0,14.0,13.0,14.0,92.0,19.0,14.0,34.0
dl_2024-11-24_BOS_MIN,2024-11-24,22024,Boston Celtics,Minnesota Timberwolves,107.0,105.0,W,L,87.0,8.0,6.0,15.0,88.0,11.0,8.0,21.0
dl_2024-11-24_IND_WAS,2024-11-24,22024,Indiana Pacers,Washington Wizards,115.0,103.0,W,L,86.0,12.0,11.0,27.0,79.0,8.0,16.0,25.0
dl_2024-11-25_MEM_POR,2024-11-25,22024,Memphis Grizzlies,Portland Trail Blazers,123.0,98.0,W,L,87.0,16.0,18.0,34.0,102.0,19.0,11.0,28.0
dl_2024-11-25_IND_NOP,2024-11-25,22024,Indiana Pacers,New Orleans Pelicans,114.0,110.0,W,L,91.0,7.0,13.0,16.0,87.0,8.0,15.0,19.0
dl_2024-11-25_GSW_BRK,2024-11-25,22024,Golden State Warriors,BRK,120.0,128.0,L,W,93.0,11.0,12.0,17.0,83.0,7.0,11.0,30.0
dl_2024-11-25_DET_TOR,2024-11-25,22024,Detroit Pistons,Toronto Raptors,102.0,100.0,W,L,76.0,6.0,14.0,31.0,104.0,23.0,9.0,10.0
dl_2024-11-25_SAC_OKC,2024-11-25,22024,Sacramento Kings,Oklahoma City Thunder,109.0,130.0,L,W,87.0,9.0,12.0,23.0,86.0,11.0,15.0,25.0
dl_2024-11-25_CHO_ORL,2024-11-25,22024,CHO,Orlando Magic,84.0,95.0,L,W,75.0,13.0,26.0,19.0,94.0,13.0,8.0,17.0
dl_2024-11-25_BOS_LAC,2024-11-25,22024,Boston Celtics,Los Angeles Clippers,126.0,94.0,W,L,88.0,8.0,11.0,20.0,90.0,10.0,13.0,13.0
dl_2024-11-25_ATL_DAL,2024-11-25,22024,Atlanta Hawks,Dallas Mavericks,119.0,129.0,L,W,101.0,9.0,14.0,16.0,94.0,10.0,17.0,22.0
dl_2024-11-25_DEN_NYK,2024-11-25,22024,Denver Nuggets,New York Knicks,118.0,145.0,L,W,92.0,10.0,11.0,27.0,92.0,8.0,9.0,16.0
dl_2024-11-26_MIA_MIL,2024-11-26,22024,Miami Heat,Milwaukee Bucks,103.0,106.0,L,W,77.0,9.0,8.0,30.0,77.0,9.0,10.0,17.0
dl_2024-11-26_MIN_HOU,2024-11-26,22024,Minnesota Timberwolves,Houston Rockets,111.0,117.0,L,W,98.0,14.0,17.0,20.0,99.0,7.0,10.0,13.0
dl_2024-11-26_PHO_LAL,2024-11-26,22024,PHO,Los Angeles Lakers,127.0,100.0,W,L,99.0,8.0,9.0,10.0,85.0,7.0,12.0,25.0
dl_2024-11-26_UTA_SAS,2024-11-26,22024,Utah Jazz,San Antonio Spurs,115.0,128.0,L,W,84.0,10.0,21.0,20.0,93.0,13.0,10.0,26.0
dl_2024-11-26_WAS_CHI,2024-11-26,22024,Washington Wizards,Chicago Bulls,108.0,127.0,L,W,91.0,5.0,12.0,31.0,94.0,8.0,10.0,22.0
dl_2024-11-27_ORL_CHI,2024-11-27,22024,Orlando Magic,Chicago Bulls,133.0,119.0,W,L,90.0,7.0,11.0,28.0,87.0,7.0,18.0,16.0
dl_2024-11-27_WAS_LAC,2024-11-27,22024,Washington Wizards,Los Angeles Clippers,96.0,121.0,L,W,85.0,11.0,20.0,22.0,89.0,13.0,13.0,25.0
dl_2024-11-27_UTA_DEN,2024-11-27,22024,Utah Jazz,Denver Nuggets,103.0,122.0,L,W,90.0,21.0,18.0,18.0,84.0,10.0,10.0,23.0
dl_2024-11-27_SAS_LAL,2024-11-27,22024,San Antonio Spurs,Los Angeles Lakers,101.0,119.0,L,W,85.0,11.0,15.0,16.0,90.0,11.0,13.0,10.0
dl_2024-11-27_PHO_BRK,2024-11-27,22024,PHO,BRK,117.0,127.0,L,W,77.0,3.0,17.0,28.0,87.0,7.0,12.0,22.0
dl_2024-11-27_PHI_HOU,2024-11-27,22024,Philadelphia 76ers,Houston Rockets,115.0,122.0,L,W,96.0,10.0,14.0,23.0,88.0,14.0,20.0,38.0
dl_2024-11-27_NOP_TOR,2024-11-27,22024,New Orleans Pelicans,Toronto Raptors,93.0,119.0,L,W,93.0,10.0,15.0,16.0,95.0,12.0,15.0,12.0
dl_2024-11-27_CHO_MIA,2024-11-27,22024,CHO,Miami Heat,94.0,98.0,L,W,98.0,16.0,13.0,8.0,73.0,4.0,18.0,22.0
dl_2024-11-27_MEM_DET,2024-11-27,22024,Memphis Grizzlies,Detroit Pistons,131.0,111.0,W,L,93.0,10.0,16.0,16.0,85.0,9.0,18.0,25.0
dl_2024-11-27_IND_POR,2024-11-27,22024,Indiana Pacers,Portland Trail Blazers,121.0,114.0,W,L,94.0,19.0,12.0,20.0,87.0,13.0,14.0,17.0
dl_2024-11-27_GSW_OKC,2024-11-27,22024,Golden State Warriors,Oklahoma City Thunder,101.0,105.0,L,W,98.0,18.0,14.0,21.0,85.0,8.0,14.0,26.0
dl_2024-11-27_DAL_NYK,2024-11-27,22024,Dallas Mavericks,New York Knicks,129.0,114.0,W,L,85.0,10.0,13.0,21.0,86.0,7.0,8.0,30.0
dl_2024-11-27_CLE_ATL,2024-11-27,22024,Cleveland Cavaliers,Atlanta Hawks,124.0,135.0,L,W,95.0,12.0,12.0,28.0,97.0,14.0,13.0,25.0
dl_2024-11-27_MIN_SAC,2024-11-27,22024,Minnesota Timberwolves,Sacramento Kings,104.0,115.0,L,W,74.0,4.0,15.0,27.0,94.0,12.0,16.0,15.0
dl_2024-11-29_MEM_NOP,2024-11-29,22024,Memphis Grizzlies,New Orleans Pelicans,120.0,109.0,W,L,96.0,14.0,15.0,17.0,91.0,14.0,14.0,30.0
dl_2024-11-29_POR_SAC,2024-11-29,22024,Portland Trail Blazers,Sacramento Kings,115.0,106.0,W,L,90.0,8.0,11.0,15.0,78.0,11.0,20.0,28.0
dl_2024-11-29_MIN_LAC,2024-11-29,22024,Minnesota Timberwolves,Los Angeles Clippers,93.0,92.0,W,L,75.0,11.0,21.0,20.0,84.0,8.0,15.0,13.0
dl_2024-11-29_MIA_TOR,2024-11-29,22024,Miami Heat,Toronto Raptors,121.0,111.0,W,L,94.0,9.0,8.0,17.0,80.0,10.0,18.0,17.0
dl_2024-11-29_LAL_OKC,2024-11-29,22024,Los Angeles Lakers,Oklahoma City Thunder,93.0,101.0,L,W,73.0,8.0,17.0,21.0,93.0,15.0,9.0,16.0
dl_2024-11-29_BRK_ORL,2024-11-29,22024,BRK,Orlando Magic,100.0,123.0,L,W,77.0,5.0,20.0,14.0,83.0,11.0,17.0,22.0
dl_2024-11-29_CHO_NYK,2024-11-29,22024,CHO,New York Knicks,98.0,99.0,L,W,89.0,14.0,13.0,15.0,81.0,12.0,19.0,19.0
dl_2024-11-29_CHI_BOS,2024-11-29,22024,Chicago Bulls,Boston Celtics,129.0,138.0,L,W,93.0,5.0,8.0,16.0,98.0,11.0,9.0,23.0
dl_2024-11-29_ATL_CLE,2024-11-29,22024,Atlanta Hawks,Cleveland Cavaliers,117.0,101.0,W,L,85.0,10.0,18.0,18.0,93.0,11.0,13.0,17.0
dl_2024-11-29_IND_DET,2024-11-29,22024,Indiana Pacers,Detroit Pistons,106.0,130.0,L,W,85.0,7.0,16.0,13.0,83.0,7.0,18.0,20.0
dl_2024-11-30_CHO_ATL,2024-11-30,22024,CHO,Atlanta Hawks,104.0,107.0,L,W,94.0,18.0,14.0,19.0,78.0,14.0,20.0,27.0
dl_2024-11-30_DET_PHI,2024-11-30,22024,Detroit Pistons,Philadelphia 76ers,96.0,111.0,L,W,91.0,10.0,16.0,18.0,85.0,12.0,14.0,22.0
dl_2024-11-30_MIL_WAS,2024-11-30,22024,Milwaukee Bucks,Washington Wizards,124.0,114.0,W,L,86.0,7.0,11.0,25.0,87.0,8.0,12.0,24.0
dl_2024-11-30_PHO_GSW,2024-11-30,22024,PHO,Golden State Warriors,113.0,105.0,W,L,79.0,6.0,12.0,22.0,92.0,9.0,9.0,18.0
dl_2024-11-30_UTA_DAL,2024-11-30,22024,Utah Jazz,Dallas Mavericks,94.0,106.0,L,W,95.0,19.0,15.0,21.0,90.0,12.0,15.0,15.0
dl_2024-12-01_UTA_LAL,2024-12-01,22024,Utah Jazz,Los Angeles Lakers,104.0,105.0,L,W,79.0,8.0,15.0,16.0,88.0,10.0,5.0,25.0
dl_2024-12-01_TOR_MIA,2024-12-01,22024,Toronto Raptors,Miami Heat,119.0,116.0,W,L,88.0,10.0,14.0,20.0,88.0,12.0,14.0,28.0
dl_2024-12-01_SAC_SAS,2024-12-01,22024,Sacramento Kings,San Antonio Spurs,125.0,127.0,L,W,101.0,21.0,10.0,24.0,82.0,8.0,15.0,24.0
dl_2024-12-01_POR_DAL,2024-12-01,22024,Portland Trail Blazers,Dallas Mavericks,131.0,137.0,L,W,84.0,10.0,21.0,18.0,87.0,8.0,13.0,29.0
dl_2024-12-01_NYK_NOP,2024-12-01,22024,New York Knicks,New Orleans Pelicans,118.0,85.0,W,L,92.0,14.0,17.0,16.0,94.0,13.0,14.0,17.0
dl_2024-12-01_MEM_IND,2024-12-01,22024,Memphis Grizzlies,Indiana Pacers,136.0,121.0,W,L,93.0,8.0,10.0,27.0,90.0,6.0,15.0,26.0
dl_2024-12-01_HOU_OKC,2024-12-01,22024,Houston Rockets,Oklahoma City Thunder,119.0,116.0,W,L,92.0,15.0,10.0,39.0,94.0,11.0,7.0,25.0
dl_2024-12-01_CLE_BOS,2024-12-01,22024,Cleveland Cavaliers,Boston Celtics,115.0,111.0,W,L,80.0,6.0,17.0,25.0,95.0,10.0,8.0,19.0
dl_2024-12-01_BRK_ORL,2024-12-01,22024,BRK,Orlando Magic,92.0,100.0,L,W,79.0,8.0,16.0,31.0,74.0,14.0,22.0,32.0
dl_2024-12-01_LAC_DEN,2024-12-01,22024,Los Angeles Clippers,Denver Nuggets,126.0,122.0,W,L,90.0,13.0,14.0,27.0,88.0,8.0,14.0,19.0
dl_2024-12-02_ATL_NOP,2024-12-02,22024,Atlanta Hawks,New Orleans Pelicans,124.0,112.0,W,L,96.0,11.0,18.0,20.0,100.0,15.0,16.0,17.0
dl_2024-12-02_BOS_MIA,2024-12-02,22024,Boston Celtics,Miami Heat,108.0,89.0,W,L,89.0,14.0,14.0,13.0,87.0,11.0,10.0,23.0
dl_2024-12-02_CHI_BRK,2024-12-02,22024,Chicago Bulls,BRK,128.0,102.0,W,L,92.0,11.0,16.0,19.0,95.0,10.0,10.0,15.0
dl_2024-12-02_MIN_LAL,2024-12-02,22024,Minnesota Timberwolves,Los Angeles Lakers,109.0,80.0,W,L,81.0,7.0,15.0,15.0,79.0,9.0,20.0,14.0
dl_2024-12-03_OKC_UTA,2024-12-03,22024,Oklahoma City Thunder,Utah Jazz,133.0,106.0,W,L,102.0,15.0,8.0,11.0,70.0,11.0,29.0,22.0
dl_2024-12-03_TOR_IND,2024-12-03,22024,Toronto Raptors,Indiana Pacers,122.0,111.0,W,L,81.0,6.0,21.0,29.0,84.0,9.0,20.0,28.0
dl_2024-12-03_SAC_HOU,2024-12-03,22024,Sacramento Kings,Houston Rockets,120.0,111.0,W,L,91.0,10.0,10.0,20.0,93.0,18.0,15.0,21.0
dl_2024-12-03_PHO_SAS,2024-12-03,22024,PHO,San Antonio Spurs,104.0,93.0,W,L,78.0,2.0,12.0,21.0,100.0,18.0,14.0,20.0
dl_2024-12-03_NYK_ORL,2024-12-03,22024,New York Knicks,Orlando Magic,121.0,106.0,W,L,85.0,5.0,17.0,20.0,87.0,9.0,15.0,25.0
dl_2024-12-03_CHO_PHI,2024-12-03,22024,CHO,Philadelphia 76ers,104.0,110.0,L,W,77.0,15.0,15.0,28.0,82.0,8.0,12.0,20.0
dl_2024-12-03_DET_MIL,2024-12-03,22024,Detroit Pistons,Milwaukee Bucks,107.0,128.0,L,W,87.0,13.0,18.0,22.0,80.0,4.0,16.0,21.0
dl_2024-12-03_DEN_GSW,2024-12-03,22024,Denver Nuggets,Golden State Warriors,119.0,115.0,W,L,79.0,4.0,15.0,35.0,95.0,11.0,14.0,21.0
dl_2024-12-03_DAL_MEM,2024-12-03,22024,Dallas Mavericks,Memphis Grizzlies,121.0,116.0,W,L,81.0,14.0,25.0,44.0,97.0,13.0,19.0,14.0
dl_2024-12-03_CLE_WAS,2024-12-03,22024,Cleveland Cavaliers,Washington Wizards,118.0,87.0,W,L,89.0,7.0,11.0,25.0,83.0,13.0,20.0,25.0
dl_2024-12-03_LAC_POR,2024-12-03,22024,Los Angeles Clippers,Portland Trail Blazers,127.0,105.0,W,L,85.0,11.0,13.0,17.0,80.0,11.0,15.0,16.0
dl_2024-12-04_BOS_DET,2024-12-04,22024,Boston Celtics,Detroit Pistons,130.0,120.0,W,L,94.0,14.0,16.0,25.0,84.0,8.0,18.0,18.0
dl_2024-12-04_BRK_IND,2024-12-04,22024,BRK,Indiana Pacers,99.0,90.0,W,L,81.0,7.0,12.0,23.0,75.0,5.0,16.0,22.0
dl_2024-12-04_LAC_MIN,2024-12-04,22024,Los Angeles Clippers,Minnesota Timberwolves,80.0,108.0,L,W,83.0,10.0,21.0,13.0,85.0,7.0,14.0,18.0
dl_2024-12-04_MIA_LAL,2024-12-04,22024,Miami Heat,Los Angeles Lakers,134.0,93.0,W,L,90.0,13.0,15.0,9.0,88.0,12.0,13.0,19.0
dl_2024-12-04_MIL_ATL,2024-12-04,22024,Milwaukee Bucks,Atlanta Hawks,104.0,119.0,L,W,78.0,8.0,18.0,35.0,102.0,15.0,11.0,22.0
dl_2024-12-04_PHI_ORL,2024-12-04,22024,Philadelphia 76ers,Orlando Magic,102.0,106.0,L,W,82.0,10.0,14.0,19.0,84.0,16.0,13.0,21.0
dl_2024-12-05_WAS_DAL,2024-12-05,22024,Washington Wizards,Dallas Mavericks,101.0,137.0,L,W,99.0,12.0,12.0,15.0,89.0,13.0,15.0,27.0
dl_2024-12-05_TOR_OKC,2024-12-05,22024,Toronto Raptors,Oklahoma City Thunder,92.0,129.0,L,W,90.0,12.0,20.0,20.0,102.0,13.0,6.0,17.0
dl_2024-12-05_SAS_CHI,2024-12-05,22024,San Antonio Spurs,Chicago Bulls,124.0,139.0,L,W,95.0,15.0,11.0,39.0,90.0,11.0,17.0,23.0
dl_2024-12-05_NYK_CHO,2024-12-05,22024,New York Knicks,CHO,125.0,101.0,W,L,76.0,6.0,9.0,32.0,89.0,10.0,10.0,10.0
dl_2024-12-05_NOP_PHO,2024-12-05,22024,New Orleans Pelicans,PHO,126.0,124.0,W,L,95.0,12.0,13.0,25.0,85.0,10.0,17.0,26.0
dl_2024-12-05_GSW_HOU,2024-12-05,22024,Golden State Warriors,Houston Rockets,99.0,93.0,W,L,86.0,11.0,10.0,27.0,93.0,11.0,8.0,17.0
dl_2024-12-05_CLE_DEN,2024-12-05,22024,Cleveland Cavaliers,Denver Nuggets,126.0,114.0,W,L,94.0,9.0,15.0,16.0,96.0,9.0,15.0,22.0
dl_2024-12-05_MEM_SAC,2024-12-05,22024,Memphis Grizzlies,Sacramento Kings,115.0,110.0,W,L,80.0,9.0,22.0,32.0,98.0,14.0,13.0,28.0
dl_2024-12-06_ATL_LAL,2024-12-06,22024,Atlanta Hawks,Los Angeles Lakers,134.0,132.0,W,L,100.0,11.0,17.0,22.0,99.0,6.0,13.0,16.0
dl_2024-12-06_BOS_MIL,2024-12-06,22024,Boston Celtics,Milwaukee Bucks,111.0,105.0,W,L,87.0,7.0,6.0,16.0,94.0,12.0,9.0,17.0
dl_2024-12-06_CHI_IND,2024-12-06,22024,Chicago Bulls,Indiana Pacers,123.0,132.0,L,W,97.0,8.0,12.0,12.0,92.0,7.0,12.0,12.0
dl_2024-12-06_GSW_MIN,2024-12-06,22024,Golden State Warriors,Minnesota Timberwolves,90.0,107.0,L,W,82.0,10.0,22.0,17.0,88.0,9.0,17.0,14.0
dl_2024-12-06_PHI_ORL,2024-12-06,22024,Philadelphia 76ers,Orlando Magic,102.0,94.0,W,L,79.0,10.0,15.0,29.0,78.0,8.0,19.0,17.0
dl_2024-12-06_POR_UTA,2024-12-06,22024,Portland Trail Blazers,Utah Jazz,99.0,141.0,L,W,95.0,6.0,10.0,17.0,96.0,11.0,12.0,23.0
dl_2024-12-06_SAS_SAC,2024-12-06,22024,San Antonio Spurs,Sacramento Kings,113.0,140.0,L,W,91.0,12.0,14.0,30.0,90.0,7.0,11.0,24.0
dl_2024-12-07_WAS_DEN,2024-12-07,22024,Washington Wizards,Denver Nuggets,122.0,113.0,W,L,93.0,15.0,17.0,22.0,95.0,16.0,15.0,27.0
dl_2024-12-07_TOR_DAL,2024-12-07,22024,Toronto Raptors,Dallas Mavericks,118.0,125.0,L,W,93.0,8.0,13.0,18.0,81.0,14.0,18.0,37.0
dl_2024-12-07_NYK_DET,2024-12-07,22024,New York Knicks,Detroit Pistons,111.0,120.0,L,W,79.0,4.0,15.0,27.0,83.0,9.0,18.0,19.0
dl_2024-12-07_CHO_CLE,2024-12-07,22024,CHO,Cleveland Cavaliers,102.0,116.0,L,W,86.0,10.0,10.0,19.0,84.0,14.0,11.0,24.0
dl_2024-12-07_MIA_PHO,2024-12-07,22024,Miami Heat,PHO,121.0,111.0,W,L,86.0,11.0,11.0,23.0,82.0,13.0,14.0,25.0
dl_2024-12-07_BOS_MEM,2024-12-07,22024,Boston Celtics,Memphis Grizzlies,121.0,127.0,L,W,105.0,15.0,13.0,28.0,94.0,11.0,13.0,23.0
dl_2024-12-07_NOP_OKC,2024-12-07,22024,New Orleans Pelicans,Oklahoma City Thunder,109.0,119.0,L,W,79.0,8.0,18.0,27.0,85.0,10.0,18.0,21.0
dl_2024-12-08_WAS_MEM,2024-12-08,22024,Washington Wizards,Memphis Grizzlies,112.0,140.0,L,W,100.0,20.0,21.0,22.0,96.0,12.0,16.0,29.0
dl_2024-12-08_SAS_NOP,2024-12-08,22024,San Antonio Spurs,New Orleans Pelicans,121.0,116.0,W,L,93.0,16.0,13.0,31.0,99.0,13.0,8.0,21.0
dl_2024-12-08_ORL_PHO,2024-12-08,22024,Orlando Magic,PHO,115.0,110.0,W,L,88.0,14.0,13.0,30.0,83.0,9.0,19.0,22.0
dl_2024-12-08_MIA_CLE,2024-12-08,22024,Miami Heat,Cleveland Cavaliers,122.0,113.0,W,L,86.0,10.0,11.0,26.0,86.0,5.0,9.0,18.0
dl_2024-12-08_LAL_POR,2024-12-08,22024,Los Angeles Lakers,Portland Trail Blazers,107.0,98.0,W,L,83.0,8.0,11.0,21.0,84.0,12.0,17.0,21.0
dl_2024-12-08_SAC_UTA,2024-12-08,22024,Sacramento Kings,Utah Jazz,141.0,97.0,W,L,100.0,9.0,8.0,8.0,80.0,9.0,20.0,21.0
dl_2024-12-08_IND_CHO,2024-12-08,22024,Indiana Pacers,CHO,109.0,113.0,L,W,82.0,3.0,17.0,15.0,78.0,10.0,24.0,26.0
dl_2024-12-08_GSW_MIN,2024-12-08,22024,Golden State Warriors,Minnesota Timberwolves,114.0,106.0,W,L,90.0,14.0,11.0,20.0,79.0,7.0,14.0,20.0
dl_2024-12-08_CHI_PHI,2024-12-08,22024,Chicago Bulls,Philadelphia 76ers,100.0,108.0,L,W,86.0,2.0,15.0,12.0,92.0,10.0,15.0,14.0
dl_2024-12-08_BRK_MIL,2024-12-08,22024,BRK,Milwaukee Bucks,113.0,118.0,L,W,81.0,7.0,9.0,16.0,68.0,3.0,16.0,32.0
dl_2024-12-08_ATL_DEN,2024-12-08,22024,Atlanta Hawks,Denver Nuggets,111.0,141.0,L,W,101.0,19.0,12.0,27.0,89.0,7.0,18.0,24.0
dl_2024-12-08_LAC_HOU,2024-12-08,22024,Los Angeles Clippers,Houston Rockets,106.0,117.0,L,W,92.0,7.0,7.0,16.0,82.0,12.0,15.0,26.0
dl_2024-12-09_TOR_NYK,2024-12-09,22024,Toronto Raptors,New York Knicks,108.0,113.0,L,W,96.0,17.0,12.0,11.0,82.0,6.0,10.0,19.0
dl_2024-12-10_OKC_DAL,2024-12-10,22024,Oklahoma City Thunder,Dallas Mavericks,118.0,104.0,W,L,101.0,17.0,13.0,7.0,80.0,7.0,18.0,19.0
dl_2024-12-10_MIL_ORL,2024-12-10,22024,Milwaukee Bucks,Orlando Magic,114.0,109.0,W,L,77.0,5.0,16.0,25.0,93.0,15.0,13.0,27.0
dl_2024-12-11_HOU_GSW,2024-12-11,22024,Houston Rockets,Golden State Warriors,91.0,90.0,W,L,83.0,7.0,16.0,10.0,84.0,11.0,15.0,9.0
dl_2024-12-11_NYK_ATL,2024-12-11,22024,New York Knicks,Atlanta Hawks,100.0,108.0,L,W,93.0,12.0,12.0,15.0,104.0,22.0,10.0,20.0
dl_2024-12-12_BOS_DET,2024-12-12,22024,Boston Celtics,Detroit Pistons,123.0,99.0,W,L,90.0,8.0,14.0,13.0,98.0,9.0,8.0,10.0
dl_2024-12-12_MIA_TOR,2024-12-12,22024,Miami Heat,Toronto Raptors,114.0,104.0,W,L,83.0,11.0,15.0,32.0,92.0,9.0,11.0,15.0
dl_2024-12-12_NOP_SAC,2024-12-12,22024,New Orleans Pelicans,Sacramento Kings,109.0,111.0,L,W,83.0,10.0,17.0,20.0,92.0,17.0,11.0,29.0
dl_2024-12-13_POR_SAS,2024-12-13,22024,Portland Trail Blazers,San Antonio Spurs,116.0,118.0,L,W,82.0,8.0,13.0,17.0,85.0,13.0,14.0,21.0
dl_2024-12-13_UTA_PHO,2024-12-13,22024,Utah Jazz,PHO,126.0,134.0,L,W,77.0,6.0,15.0,22.0,89.0,9.0,7.0,20.0
dl_2024-12-13_MIN_LAL,2024-12-13,22024,Minnesota Timberwolves,Los Angeles Lakers,97.0,87.0,W,L,87.0,11.0,13.0,24.0,86.0,15.0,21.0,17.0
dl_2024-12-13_PHI_IND,2024-12-13,22024,Philadelphia 76ers,Indiana Pacers,107.0,121.0,L,W,85.0,15.0,15.0,32.0,91.0,8.0,10.0,17.0
dl_2024-12-13_DEN_LAC,2024-12-13,22024,Denver Nuggets,Los Angeles Clippers,120.0,98.0,W,L,77.0,5.0,21.0,32.0,83.0,5.0,19.0,18.0
dl_2024-12-13_CHI_CHO,2024-12-13,22024,Chicago Bulls,CHO,109.0,95.0,W,L,93.0,14.0,16.0,25.0,98.0,17.0,16.0,21.0
dl_2024-12-13_MEM_BRK,2024-12-13,22024,Memphis Grizzlies,BRK,135.0,119.0,W,L,99.0,12.0,13.0,21.0,92.0,8.0,16.0,19.0
dl_2024-12-13_CLE_WAS,2024-12-13,22024,Cleveland Cavaliers,Washington Wizards,115.0,105.0,W,L,91.0,16.0,11.0,40.0,86.0,6.0,17.0,11.0
dl_2024-12-14_MIL_ATL,2024-12-14,22024,Milwaukee Bucks,Atlanta Hawks,110.0,102.0,W,L,86.0,6.0,12.0,27.0,82.0,7.0,13.0,34.0
dl_2024-12-14_OKC_HOU,2024-12-14,22024,Oklahoma City Thunder,Houston Rockets,111.0,96.0,W,L,80.0,4.0,12.0,32.0,96.0,19.0,16.0,25.0
dl_2024-12-15_SAS_MIN,2024-12-15,22024,San Antonio Spurs,Minnesota Timberwolves,92.0,106.0,L,W,91.0,12.0,18.0,9.0,100.0,14.0,12.0,16.0
dl_2024-12-15_GSW_DAL,2024-12-15,22024,Golden State Warriors,Dallas Mavericks,133.0,143.0,L,W,103.0,15.0,10.0,11.0,87.0,10.0,15.0,25.0
dl_2024-12-15_IND_NOP,2024-12-15,22024,Indiana Pacers,New Orleans Pelicans,119.0,104.0,W,L,81.0,7.0,17.0,24.0,97.0,19.0,18.0,23.0
dl_2024-12-15_LAL_MEM,2024-12-15,22024,Los Angeles Lakers,Memphis Grizzlies,116.0,110.0,W,L,82.0,10.0,21.0,39.0,97.0,17.0,20.0,30.0
dl_2024-12-15_ORL_NYK,2024-12-15,22024,Orlando Magic,New York Knicks,91.0,100.0,L,W,86.0,10.0,15.0,13.0,71.0,7.0,17.0,30.0
dl_2024-12-15_PHO_POR,2024-12-15,22024,PHO,Portland Trail Blazers,116.0,109.0,W,L,89.0,12.0,11.0,19.0,94.0,12.0,13.0,13.0
dl_2024-12-15_WAS_BOS,2024-12-15,22024,Washington Wizards,Boston Celtics,98.0,112.0,L,W,99.0,17.0,16.0,8.0,93.0,16.0,18.0,24.0
dl_2024-12-16_TOR_CHI,2024-12-16,22024,Toronto Raptors,Chicago Bulls,121.0,122.0,L,W,92.0,10.0,18.0,30.0,93.0,8.0,12.0,28.0
dl_2024-12-16_SAC_DEN,2024-12-16,22024,Sacramento Kings,Denver Nuggets,129.0,130.0,L,W,102.0,11.0,11.0,20.0,102.0,15.0,15.0,24.0
dl_2024-12-16_LAC_UTA,2024-12-16,22024,Los Angeles Clippers,Utah Jazz,144.0,107.0,W,L,82.0,7.0,14.0,32.0,80.0,10.0,22.0,30.0
dl_2024-12-16_CHO_PHI,2024-12-16,22024,CHO,Philadelphia 76ers,108.0,121.0,L,W,83.0,9.0,20.0,21.0,80.0,9.0,20.0,30.0
dl_2024-12-16_BRK_CLE,2024-12-16,22024,BRK,Cleveland Cavaliers,101.0,130.0,L,W,81.0,9.0,20.0,24.0,81.0,12.0,17.0,29.0
dl_2024-12-16_DET_MIA,2024-12-16,22024,Detroit Pistons,Miami Heat,125.0,124.0,W,L,90.0,7.0,21.0,23.0,99.0,9.0,13.0,24.0
dl_2024-12-17_OKC_MIL,2024-12-17,22024,Oklahoma City Thunder,Milwaukee Bucks,81.0,97.0,L,W,86.0,7.0,10.0,22.0,81.0,9.0,17.0,18.0
dl_2024-12-19_SAS_ATL,2024-12-19,22024,San Antonio Spurs,Atlanta Hawks,133.0,126.0,W,L,101.0,8.0,17.0,23.0,97.0,12.0,22.0,21.0
dl_2024-12-19_SAC_LAL,2024-12-19,22024,Sacramento Kings,Los Angeles Lakers,100.0,113.0,L,W,82.0,4.0,15.0,22.0,94.0,14.0,10.0,30.0
dl_2024-12-19_WAS_CHO,2024-12-19,22024,Washington Wizards,CHO,123.0,114.0,W,L,83.0,12.0,18.0,31.0,106.0,22.0,8.0,27.0
dl_2024-12-19_PHO_IND,2024-12-19,22024,PHO,Indiana Pacers,111.0,120.0,L,W,82.0,7.0,16.0,28.0,89.0,9.0,9.0,31.0
dl_2024-12-19_TOR_BRK,2024-12-19,22024,Toronto Raptors,BRK,94.0,101.0,L,W,86.0,10.0,12.0,14.0,82.0,15.0,15.0,31.0
dl_2024-12-19_ORL_OKC,2024-12-19,22024,Orlando Magic,Oklahoma City Thunder,99.0,105.0,L,W,78.0,10.0,18.0,25.0,83.0,4.0,13.0,16.0
dl_2024-12-19_POR_DEN,2024-12-19,22024,Portland Trail Blazers,Denver Nuggets,126.0,124.0,W,L,97.0,15.0,10.0,24.0,87.0,8.0,11.0,21.0
dl_2024-12-19_MEM_GSW,2024-12-19,22024,Memphis Grizzlies,Golden State Warriors,144.0,93.0,W,L,98.0,15.0,16.0,15.0,90.0,10.0,17.0,24.0
dl_2024-12-19_HOU_NOP,2024-12-19,22024,Houston Rockets,New Orleans Pelicans,133.0,113.0,W,L,87.0,6.0,11.0,19.0,92.0,11.0,12.0,25.0
dl_2024-12-19_DET_UTA,2024-12-19,22024,Detroit Pistons,Utah Jazz,119.0,126.0,L,W,105.0,13.0,10.0,18.0,83.0,15.0,27.0,31.0
dl_2024-12-19_DAL_LAC,2024-12-19,22024,Dallas Mavericks,Los Angeles Clippers,95.0,118.0,L,W,86.0,8.0,13.0,28.0,85.0,8.0,13.0,17.0
dl_2024-12-19_BOS_CHI,2024-12-19,22024,Boston Celtics,Chicago Bulls,108.0,117.0,L,W,97.0,11.0,4.0,21.0,94.0,11.0,10.0,16.0
dl_2024-12-19_MIN_NYK,2024-12-19,22024,Minnesota Timberwolves,New York Knicks,107.0,133.0,L,W,89.0,6.0,13.0,13.0,97.0,16.0,15.0,16.0
dl_2024-12-20_CLE_MIL,2024-12-20,22024,Cleveland Cavaliers,Milwaukee Bucks,124.0,101.0,W,L,91.0,9.0,15.0,14.0,85.0,10.0,20.0,18.0
dl_2024-12-20_MIA_OKC,2024-12-20,22024,Miami Heat,Oklahoma City Thunder,97.0,104.0,L,W,83.0,7.0,18.0,20.0,86.0,12.0,14.0,17.0
dl_2024-12-20_PHI_CHO,2024-12-20,22024,Philadelphia 76ers,CHO,108.0,98.0,W,L,83.0,11.0,14.0,18.0,78.0,13.0,17.0,21.0
dl_2024-12-21_SAS_POR,2024-12-21,22024,San Antonio Spurs,Portland Trail Blazers,114.0,94.0,W,L,93.0,12.0,12.0,18.0,96.0,11.0,13.0,9.0
dl_2024-12-21_SAC_LAL,2024-12-21,22024,Sacramento Kings,Los Angeles Lakers,99.0,103.0,L,W,90.0,11.0,13.0,14.0,83.0,9.0,13.0,21.0
dl_2024-12-21_PHO_DET,2024-12-21,22024,PHO,Detroit Pistons,125.0,133.0,L,W,78.0,6.0,19.0,23.0,89.0,10.0,13.0,22.0
dl_2024-12-21_ORL_MIA,2024-12-21,22024,Orlando Magic,Miami Heat,121.0,114.0,W,L,87.0,10.0,13.0,27.0,75.0,7.0,14.0,42.0
dl_2024-12-21_NOP_NYK,2024-12-21,22024,New Orleans Pelicans,New York Knicks,93.0,104.0,L,W,83.0,16.0,19.0,19.0,87.0,15.0,16.0,15.0
dl_2024-12-21_MIN_GSW,2024-12-21,22024,Minnesota Timberwolves,Golden State Warriors,103.0,113.0,L,W,86.0,11.0,15.0,25.0,87.0,11.0,10.0,23.0
dl_2024-12-21_MIL_WAS,2024-12-21,22024,Milwaukee Bucks,Washington Wizards,112.0,101.0,W,L,98.0,10.0,11.0,5.0,81.0,8.0,19.0,16.0
dl_2024-12-21_CLE_PHI,2024-12-21,22024,Cleveland Cavaliers,Philadelphia 76ers,126.0,99.0,W,L,90.0,13.0,13.0,15.0,85.0,11.0,13.0,27.0
dl_2024-12-21_CHI_BOS,2024-12-21,22024,Chicago Bulls,Boston Celtics,98.0,123.0,L,W,98.0,10.0,12.0,11.0,100.0,17.0,12.0,14.0
dl_2024-12-21_BRK_UTA,2024-12-21,22024,BRK,Utah Jazz,94.0,105.0,L,W,94.0,16.0,17.0,12.0,86.0,10.0,18.0,17.0
dl_2024-12-21_ATL_MEM,2024-12-21,22024,Atlanta Hawks,Memphis Grizzlies,112.0,128.0,L,W,80.0,6.0,25.0,24.0,97.0,8.0,18.0,13.0
dl_2024-12-21_DAL_LAC,2024-12-21,22024,Dallas Mavericks,Los Angeles Clippers,113.0,97.0,W,L,88.0,11.0,11.0,22.0,81.0,8.0,17.0,22.0
dl_2024-12-22_NOP_DEN,2024-12-22,22024,New Orleans Pelicans,Denver Nuggets,129.0,132.0,L,W,108.0,9.0,13.0,23.0,97.0,14.0,22.0,32.0
dl_2024-12-22_SAC_IND,2024-12-22,22024,Sacramento Kings,Indiana Pacers,95.0,122.0,L,W,96.0,15.0,10.0,17.0,86.0,6.0,10.0,8.0
dl_2024-12-22_TOR_HOU,2024-12-22,22024,Toronto Raptors,Houston Rockets,110.0,114.0,L,W,92.0,11.0,21.0,13.0,89.0,18.0,21.0,33.0
dl_2024-12-23_MEM_LAC,2024-12-23,22024,Memphis Grizzlies,Los Angeles Clippers,110.0,114.0,L,W,99.0,19.0,20.0,26.0,96.0,15.0,17.0,26.0
dl_2024-12-23_ORL_BOS,2024-12-23,22024,Orlando Magic,Boston Celtics,108.0,104.0,W,L,83.0,7.0,20.0,21.0,84.0,8.0,18.0,27.0
dl_2024-12-23_OKC_WAS,2024-12-23,22024,Oklahoma City Thunder,Washington Wizards,123.0,105.0,W,L,106.0,19.0,12.0,22.0,91.0,13.0,19.0,20.0
dl_2024-12-23_NYK_TOR,2024-12-23,22024,New York Knicks,Toronto Raptors,139.0,125.0,W,L,86.0,8.0,14.0,29.0,77.0,4.0,15.0,37.0
dl_2024-12-23_MIA_BRK,2024-12-23,22024,Miami Heat,BRK,110.0,95.0,W,L,73.0,5.0,15.0,24.0,84.0,11.0,14.0,20.0
dl_2024-12-23_PHI_SAS,2024-12-23,22024,Philadelphia 76ers,San Antonio Spurs,111.0,106.0,W,L,93.0,9.0,9.0,23.0,81.0,3.0,18.0,18.0
dl_2024-12-23_LAL_DET,2024-12-23,22024,Los Angeles Lakers,Detroit Pistons,114.0,117.0,L,W,74.0,6.0,18.0,25.0,92.0,10.0,12.0,12.0
dl_2024-12-23_DEN_PHO,2024-12-23,22024,Denver Nuggets,PHO,117.0,90.0,W,L,90.0,11.0,12.0,11.0,83.0,9.0,13.0,15.0
dl_2024-12-23_DAL_POR,2024-12-23,22024,Dallas Mavericks,Portland Trail Blazers,132.0,108.0,W,L,90.0,13.0,10.0,34.0,93.0,16.0,18.0,19.0
dl_2024-12-23_CLE_UTA,2024-12-23,22024,Cleveland Cavaliers,Utah Jazz,124.0,113.0,W,L,91.0,10.0,9.0,23.0,92.0,18.0,16.0,26.0
dl_2024-12-23_CHO_HOU,2024-12-23,22024,CHO,Houston Rockets,101.0,114.0,L,W,89.0,11.0,11.0,24.0,99.0,21.0,11.0,19.0
dl_2024-12-23_CHI_MIL,2024-12-23,22024,Chicago Bulls,Milwaukee Bucks,91.0,112.0,L,W,90.0,9.0,15.0,12.0,87.0,7.0,13.0,17.0
dl_2024-12-23_ATL_MIN,2024-12-23,22024,Atlanta Hawks,Minnesota Timberwolves,117.0,104.0,W,L,73.0,6.0,21.0,26.0,91.0,16.0,21.0,13.0
dl_2024-12-23_GSW_IND,2024-12-23,22024,Golden State Warriors,Indiana Pacers,105.0,111.0,L,W,90.0,11.0,11.0,21.0,92.0,8.0,11.0,11.0
dl_2024-12-25_BOS_PHI,2024-12-25,22024,Boston Celtics,Philadelphia 76ers,114.0,118.0,L,W,95.0,13.0,13.0,13.0,88.0,5.0,6.0,19.0
dl_2024-12-25_DAL_MIN,2024-12-25,22024,Dallas Mavericks,Minnesota Timberwolves,99.0,105.0,L,W,87.0,11.0,12.0,11.0,86.0,8.0,10.0,13.0
dl_2024-12-25_GSW_LAL,2024-12-25,22024,Golden State Warriors,Los Angeles Lakers,113.0,115.0,L,W,89.0,12.0,12.0,17.0,91.0,11.0,9.0,18.0
dl_2024-12-25_NYK_SAS,2024-12-25,22024,New York Knicks,San Antonio Spurs,117.0,114.0,W,L,100.0,17.0,5.0,16.0,83.0,8.0,15.0,17.0
dl_2024-12-25_PHO_DEN,2024-12-25,22024,PHO,Denver Nuggets,110.0,100.0,W,L,88.0,12.0,7.0,20.0,78.0,14.0,16.0,28.0
dl_2024-12-26_WAS_CHO,2024-12-26,22024,Washington Wizards,CHO,113.0,110.0,W,L,91.0,8.0,11.0,28.0,94.0,11.0,18.0,14.0
dl_2024-12-26_SAC_DET,2024-12-26,22024,Sacramento Kings,Detroit Pistons,113.0,114.0,L,W,82.0,8.0,14.0,26.0,91.0,10.0,10.0,25.0
dl_2024-12-26_POR_UTA,2024-12-26,22024,Portland Trail Blazers,Utah Jazz,122.0,120.0,W,L,89.0,9.0,11.0,22.0,86.0,11.0,13.0,25.0
dl_2024-12-26_ORL_MIA,2024-12-26,22024,Orlando Magic,Miami Heat,88.0,89.0,L,W,77.0,9.0,21.0,18.0,76.0,7.0,20.0,14.0
dl_2024-12-26_NOP_HOU,2024-12-26,22024,New Orleans Pelicans,Houston Rockets,111.0,128.0,L,W,99.0,17.0,13.0,18.0,97.0,18.0,15.0,23.0
dl_2024-12-26_MIL_BRK,2024-12-26,22024,Milwaukee Bucks,BRK,105.0,111.0,L,W,83.0,8.0,22.0,12.0,82.0,9.0,21.0,22.0
dl_2024-12-26_MEM_TOR,2024-12-26,22024,Memphis Grizzlies,Toronto Raptors,155.0,126.0,W,L,109.0,24.0,17.0,29.0,108.0,13.0,15.0,18.0
dl_2024-12-26_IND_OKC,2024-12-26,22024,Indiana Pacers,Oklahoma City Thunder,114.0,120.0,L,W,89.0,11.0,11.0,22.0,95.0,9.0,3.0,24.0
dl_2024-12-26_ATL_CHI,2024-12-26,22024,Atlanta Hawks,Chicago Bulls,141.0,133.0,W,L,89.0,12.0,12.0,34.0,98.0,9.0,14.0,6.0
dl_2024-12-27_BOS_IND,2024-12-27,22024,Boston Celtics,Indiana Pacers,142.0,105.0,W,L,92.0,18.0,10.0,29.0,91.0,13.0,12.0,25.0
dl_2024-12-27_BRK_SAS,2024-12-27,22024,BRK,San Antonio Spurs,87.0,96.0,L,W,90.0,12.0,16.0,8.0,78.0,11.0,13.0,27.0
dl_2024-12-27_DEN_CLE,2024-12-27,22024,Denver Nuggets,Cleveland Cavaliers,135.0,149.0,L,W,94.0,8.0,13.0,18.0,96.0,9.0,10.0,22.0
dl_2024-12-27_HOU_MIN,2024-12-27,22024,Houston Rockets,Minnesota Timberwolves,112.0,113.0,L,W,92.0,16.0,13.0,19.0,83.0,10.0,14.0,16.0
dl_2024-12-27_LAC_GSW,2024-12-27,22024,Los Angeles Clippers,Golden State Warriors,102.0,92.0,W,L,75.0,6.0,21.0,15.0,95.0,19.0,14.0,20.0
dl_2024-12-27_NOP_MEM,2024-12-27,22024,New Orleans Pelicans,Memphis Grizzlies,124.0,132.0,L,W,96.0,12.0,17.0,29.0,89.0,9.0,16.0,35.0
dl_2024-12-27_ORL_NYK,2024-12-27,22024,Orlando Magic,New York Knicks,85.0,108.0,L,W,87.0,11.0,17.0,12.0,75.0,12.0,18.0,34.0
dl_2024-12-27_PHO_DAL,2024-12-27,22024,PHO,Dallas Mavericks,89.0,98.0,L,W,83.0,12.0,13.0,18.0,80.0,7.0,15.0,17.0
dl_2024-12-28_WAS_NYK,2024-12-28,22024,Washington Wizards,New York Knicks,132.0,136.0,L,W,99.0,11.0,15.0,15.0,97.0,10.0,15.0,26.0
dl_2024-12-28_UTA_PHI,2024-12-28,22024,Utah Jazz,Philadelphia 76ers,111.0,114.0,L,W,89.0,14.0,21.0,15.0,83.0,10.0,8.0,37.0
dl_2024-12-28_POR_DAL,2024-12-28,22024,Portland Trail Blazers,Dallas Mavericks,126.0,122.0,W,L,92.0,14.0,14.0,29.0,89.0,10.0,13.0,26.0
dl_2024-12-28_LAL_SAC,2024-12-28,22024,Los Angeles Lakers,Sacramento Kings,132.0,122.0,W,L,77.0,4.0,11.0,33.0,98.0,13.0,9.0,15.0
dl_2024-12-28_ATL_MIA,2024-12-28,22024,Atlanta Hawks,Miami Heat,120.0,110.0,W,L,86.0,9.0,11.0,22.0,90.0,8.0,8.0,18.0
dl_2024-12-28_DEN_DET,2024-12-28,22024,Denver Nuggets,Detroit Pistons,134.0,121.0,W,L,82.0,8.0,13.0,36.0,95.0,15.0,12.0,23.0
dl_2024-12-28_CHO_OKC,2024-12-28,22024,CHO,Oklahoma City Thunder,94.0,106.0,L,W,80.0,8.0,18.0,28.0,88.0,9.0,15.0,14.0
dl_2024-12-28_CHI_MIL,2024-12-28,22024,Chicago Bulls,Milwaukee Bucks,116.0,111.0,W,L,95.0,11.0,11.0,17.0,102.0,6.0,7.0,14.0
dl_2024-12-28_GSW_PHO,2024-12-28,22024,Golden State Warriors,PHO,109.0,105.0,W,L,98.0,18.0,11.0,19.0,92.0,14.0,13.0,22.0
dl_2024-12-29_BOS_IND,2024-12-29,22024,Boston Celtics,Indiana Pacers,114.0,123.0,L,W,93.0,8.0,8.0,19.0,87.0,11.0,9.0,27.0
dl_2024-12-29_HOU_MIA,2024-12-29,22024,Houston Rockets,Miami Heat,100.0,104.0,L,W,97.0,19.0,12.0,13.0,84.0,15.0,14.0,28.0
dl_2024-12-29_MIN_SAS,2024-12-29,22024,Minnesota Timberwolves,San Antonio Spurs,112.0,110.0,W,L,100.0,18.0,10.0,19.0,87.0,8.0,9.0,28.0
dl_2024-12-29_OKC_MEM,2024-12-29,22024,Oklahoma City Thunder,Memphis Grizzlies,130.0,106.0,W,L,103.0,9.0,10.0,12.0,97.0,16.0,21.0,21.0
dl_2024-12-29_ORL_BRK,2024-12-29,22024,Orlando Magic,BRK,102.0,101.0,W,L,83.0,16.0,13.0,25.0,73.0,9.0,14.0,28.0
dl_2024-12-29_TOR_ATL,2024-12-29,22024,Toronto Raptors,Atlanta Hawks,107.0,136.0,L,W,85.0,15.0,31.0,27.0,95.0,14.0,14.0,35.0
dl_2024-12-30_WAS_NYK,2024-12-30,22024,Washington Wizards,New York Knicks,106.0,126.0,L,W,92.0,12.0,13.0,22.0,98.0,15.0,7.0,25.0
dl_2024-12-30_UTA_DEN,2024-12-30,22024,Utah Jazz,Denver Nuggets,121.0,132.0,L,W,86.0,7.0,16.0,22.0,105.0,17.0,7.0,19.0
dl_2024-12-30_SAC_DAL,2024-12-30,22024,Sacramento Kings,Dallas Mavericks,110.0,100.0,W,L,100.0,18.0,15.0,19.0,76.0,2.0,17.0,29.0
dl_2024-12-30_NOP_LAC,2024-12-30,22024,New Orleans Pelicans,Los Angeles Clippers,113.0,116.0,L,W,82.0,6.0,16.0,14.0,86.0,14.0,16.0,27.0
dl_2024-12-30_GSW_CLE,2024-12-30,22024,Golden State Warriors,Cleveland Cavaliers,95.0,113.0,L,W,99.0,14.0,14.0,26.0,96.0,11.0,16.0,10.0
dl_2024-12-30_CHO_CHI,2024-12-30,22024,CHO,Chicago Bulls,108.0,115.0,L,W,101.0,9.0,14.0,20.0,104.0,14.0,13.0,27.0
dl_2024-12-30_POR_PHI,2024-12-30,22024,Portland Trail Blazers,Philadelphia 76ers,103.0,125.0,L,W,77.0,12.0,24.0,30.0,75.0,8.0,19.0,31.0
dl_2024-12-31_BOS_TOR,2024-12-31,22024,Boston Celtics,Toronto Raptors,125.0,71.0,W,L,87.0,11.0,13.0,15.0,86.0,14.0,21.0,11.0
dl_2024-12-31_IND_MIL,2024-12-31,22024,Indiana Pacers,Milwaukee Bucks,112.0,120.0,L,W,90.0,9.0,16.0,30.0,97.0,13.0,12.0,24.0
dl_2024-12-31_LAL_CLE,2024-12-31,22024,Los Angeles Lakers,Cleveland Cavaliers,110.0,122.0,L,W,95.0,8.0,8.0,19.0,93.0,10.0,11.0,17.0
dl_2024-12-31_OKC_MIN,2024-12-31,22024,Oklahoma City Thunder,Minnesota Timberwolves,113.0,105.0,W,L,89.0,9.0,9.0,23.0,79.0,10.0,23.0,12.0
dl_2024-12-31_PHO_MEM,2024-12-31,22024,PHO,Memphis Grizzlies,112.0,117.0,L,W,92.0,10.0,17.0,25.0,94.0,16.0,17.0,33.0
dl_2024-12-31_SAS_LAC,2024-12-31,22024,San Antonio Spurs,Los Angeles Clippers,122.0,86.0,W,L,98.0,15.0,9.0,19.0,87.0,10.0,13.0,18.0
dl_2025-01-01_WAS_CHI,2025-01-01,22024,Washington Wizards,Chicago Bulls,125.0,107.0,W,L,99.0,8.0,15.0,12.0,92.0,8.0,20.0,14.0
dl_2025-01-01_TOR_BRK,2025-01-01,22024,Toronto Raptors,BRK,130.0,113.0,W,L,88.0,8.0,10.0,13.0,87.0,4.0,11.0,20.0
dl_2025-01-01_NYK_UTA,2025-01-01,22024,New York Knicks,Utah Jazz,119.0,103.0,W,L,85.0,6.0,13.0,23.0,96.0,14.0,16.0,15.0
dl_2025-01-01_SAC_PHI,2025-01-01,22024,Sacramento Kings,Philadelphia 76ers,113.0,107.0,W,L,84.0,14.0,17.0,24.0,84.0,8.0,18.0,14.0
dl_2025-01-01_HOU_DAL,2025-01-01,22024,Houston Rockets,Dallas Mavericks,110.0,99.0,W,L,89.0,4.0,12.0,23.0,75.0,6.0,20.0,16.0
dl_2025-01-01_DEN_ATL,2025-01-01,22024,Denver Nuggets,Atlanta Hawks,139.0,120.0,W,L,94.0,4.0,12.0,21.0,100.0,12.0,13.0,21.0
dl_2025-01-01_MIA_NOP,2025-01-01,22024,Miami Heat,New Orleans Pelicans,119.0,108.0,W,L,83.0,5.0,10.0,21.0,80.0,5.0,10.0,22.0
dl_2025-01-01_DET_ORL,2025-01-01,22024,Detroit Pistons,Orlando Magic,105.0,96.0,W,L,79.0,9.0,23.0,17.0,91.0,9.0,12.0,20.0
dl_2025-01-02_GSW_PHI,2025-01-02,22024,Golden State Warriors,Philadelphia 76ers,139.0,105.0,W,L,87.0,5.0,11.0,15.0,81.0,6.0,11.0,34.0
dl_2025-01-02_LAL_POR,2025-01-02,22024,Los Angeles Lakers,Portland Trail Blazers,114.0,106.0,W,L,94.0,15.0,12.0,14.0,80.0,8.0,18.0,21.0
dl_2025-01-02_MIA_IND,2025-01-02,22024,Miami Heat,Indiana Pacers,115.0,128.0,L,W,75.0,5.0,14.0,21.0,96.0,13.0,6.0,16.0
dl_2025-01-02_MIL_BRK,2025-01-02,22024,Milwaukee Bucks,BRK,110.0,113.0,L,W,90.0,13.0,14.0,28.0,88.0,14.0,14.0,28.0
dl_2025-01-02_MIN_BOS,2025-01-02,22024,Minnesota Timberwolves,Boston Celtics,115.0,118.0,L,W,74.0,11.0,15.0,22.0,92.0,10.0,3.0,6.0
dl_2025-01-02_OKC_LAC,2025-01-02,22024,Oklahoma City Thunder,Los Angeles Clippers,116.0,98.0,W,L,86.0,4.0,9.0,20.0,81.0,10.0,19.0,17.0
dl_2025-01-03_TOR_ORL,2025-01-03,22024,Toronto Raptors,Orlando Magic,97.0,106.0,L,W,80.0,7.0,11.0,13.0,79.0,12.0,11.0,17.0
dl_2025-01-03_SAC_MEM,2025-01-03,22024,Sacramento Kings,Memphis Grizzlies,138.0,133.0,W,L,99.0,10.0,9.0,23.0,89.0,14.0,17.0,36.0
dl_2025-01-03_NOP_WAS,2025-01-03,22024,New Orleans Pelicans,Washington Wizards,132.0,120.0,W,L,96.0,13.0,7.0,22.0,84.0,14.0,21.0,27.0
dl_2025-01-03_LAL_ATL,2025-01-03,22024,Los Angeles Lakers,Atlanta Hawks,119.0,102.0,W,L,88.0,17.0,18.0,25.0,100.0,13.0,8.0,18.0
dl_2025-01-03_OKC_NYK,2025-01-03,22024,Oklahoma City Thunder,New York Knicks,117.0,107.0,W,L,84.0,7.0,13.0,21.0,90.0,11.0,12.0,17.0
dl_2025-01-03_DET_CHO,2025-01-03,22024,Detroit Pistons,CHO,98.0,94.0,W,L,93.0,14.0,13.0,13.0,80.0,9.0,17.0,30.0
dl_2025-01-03_DEN_SAS,2025-01-03,22024,Denver Nuggets,San Antonio Spurs,110.0,113.0,L,W,97.0,10.0,8.0,16.0,99.0,14.0,13.0,13.0
dl_2025-01-03_DAL_CLE,2025-01-03,22024,Dallas Mavericks,Cleveland Cavaliers,122.0,134.0,L,W,100.0,21.0,12.0,30.0,98.0,10.0,7.0,20.0
dl_2025-01-03_HOU_BOS,2025-01-03,22024,Houston Rockets,Boston Celtics,86.0,109.0,L,W,88.0,14.0,11.0,12.0,77.0,12.0,14.0,18.0
dl_2025-01-04_BRK_PHI,2025-01-04,22024,BRK,Philadelphia 76ers,94.0,123.0,L,W,82.0,6.0,22.0,19.0,82.0,8.0,17.0,30.0
dl_2025-01-04_CHI_NYK,2025-01-04,22024,Chicago Bulls,New York Knicks,139.0,126.0,W,L,94.0,9.0,12.0,18.0,97.0,18.0,13.0,28.0
dl_2025-01-04_DET_MIN,2025-01-04,22024,Detroit Pistons,Minnesota Timberwolves,119.0,105.0,W,L,93.0,13.0,12.0,20.0,80.0,7.0,17.0,26.0
dl_2025-01-04_GSW_MEM,2025-01-04,22024,Golden State Warriors,Memphis Grizzlies,121.0,113.0,W,L,84.0,9.0,18.0,16.0,88.0,12.0,22.0,16.0
dl_2025-01-04_IND_PHO,2025-01-04,22024,Indiana Pacers,PHO,126.0,108.0,W,L,96.0,13.0,6.0,21.0,78.0,5.0,11.0,21.0
dl_2025-01-04_LAC_ATL,2025-01-04,22024,Los Angeles Clippers,Atlanta Hawks,131.0,105.0,W,L,96.0,7.0,17.0,17.0,88.0,8.0,22.0,17.0
dl_2025-01-04_MIA_UTA,2025-01-04,22024,Miami Heat,Utah Jazz,100.0,136.0,L,W,80.0,5.0,15.0,30.0,100.0,16.0,14.0,16.0
dl_2025-01-04_MIL_POR,2025-01-04,22024,Milwaukee Bucks,Portland Trail Blazers,102.0,105.0,L,W,95.0,7.0,11.0,9.0,85.0,8.0,17.0,13.0
dl_2025-01-04_SAS_DEN,2025-01-04,22024,San Antonio Spurs,Denver Nuggets,111.0,122.0,L,W,104.0,13.0,12.0,18.0,108.0,14.0,7.0,23.0
dl_2025-01-05_ORL_UTA,2025-01-05,22024,Orlando Magic,Utah Jazz,92.0,105.0,L,W,98.0,14.0,11.0,13.0,81.0,11.0,22.0,18.0
dl_2025-01-05_WAS_NOP,2025-01-05,22024,Washington Wizards,New Orleans Pelicans,98.0,110.0,L,W,89.0,9.0,15.0,14.0,90.0,11.0,11.0,20.0
dl_2025-01-05_OKC_BOS,2025-01-05,22024,Oklahoma City Thunder,Boston Celtics,105.0,92.0,W,L,87.0,9.0,15.0,13.0,85.0,12.0,16.0,24.0
dl_2025-01-05_HOU_LAL,2025-01-05,22024,Houston Rockets,Los Angeles Lakers,119.0,115.0,W,L,99.0,18.0,6.0,19.0,78.0,10.0,10.0,28.0
dl_2025-01-05_GSW_SAC,2025-01-05,22024,Golden State Warriors,Sacramento Kings,99.0,129.0,L,W,81.0,9.0,22.0,18.0,87.0,10.0,15.0,22.0
dl_2025-01-05_CLE_CHO,2025-01-05,22024,Cleveland Cavaliers,CHO,115.0,105.0,W,L,92.0,9.0,12.0,16.0,91.0,13.0,15.0,19.0
dl_2025-01-06_BRK_IND,2025-01-06,22024,BRK,Indiana Pacers,99.0,113.0,L,W,98.0,20.0,14.0,11.0,79.0,5.0,10.0,23.0
dl_2025-01-06_CHI_SAS,2025-01-06,22024,Chicago Bulls,San Antonio Spurs,114.0,110.0,W,L,102.0,14.0,13.0,15.0,95.0,13.0,17.0,12.0
dl_2025-01-06_DET_POR,2025-01-06,22024,Detroit Pistons,Portland Trail Blazers,118.0,115.0,W,L,94.0,17.0,14.0,22.0,90.0,7.0,16.0,5.0
dl_2025-01-06_MEM_DAL,2025-01-06,22024,Memphis Grizzlies,Dallas Mavericks,119.0,104.0,W,L,88.0,13.0,13.0,35.0,98.0,13.0,15.0,15.0
dl_2025-01-06_MIN_LAC,2025-01-06,22024,Minnesota Timberwolves,Los Angeles Clippers,108.0,106.0,W,L,92.0,17.0,14.0,17.0,89.0,14.0,13.0,25.0
dl_2025-01-06_NYK_ORL,2025-01-06,22024,New York Knicks,Orlando Magic,94.0,103.0,L,W,81.0,11.0,12.0,22.0,78.0,9.0,9.0,18.0
dl_2025-01-06_PHI_PHO,2025-01-06,22024,Philadelphia 76ers,PHO,99.0,109.0,L,W,87.0,12.0,10.0,26.0,81.0,4.0,12.0,19.0
dl_2025-01-06_SAC_MIA,2025-01-06,22024,Sacramento Kings,Miami Heat,123.0,118.0,W,L,108.0,18.0,15.0,26.0,102.0,12.0,13.0,27.0
dl_2025-01-06_TOR_MIL,2025-01-06,22024,Toronto Raptors,Milwaukee Bucks,104.0,128.0,L,W,91.0,10.0,15.0,21.0,82.0,7.0,21.0,15.0
dl_2025-01-07_WAS_HOU,2025-01-07,22024,Washington Wizards,Houston Rockets,112.0,135.0,L,W,89.0,16.0,18.0,20.0,97.0,19.0,10.0,23.0
dl_2025-01-07_UTA_ATL,2025-01-07,22024,Utah Jazz,Atlanta Hawks,121.0,124.0,L,W,96.0,13.0,15.0,25.0,98.0,12.0,10.0,15.0
dl_2025-01-07_NOP_MIN,2025-01-07,22024,New Orleans Pelicans,Minnesota Timberwolves,97.0,104.0,L,W,94.0,13.0,14.0,24.0,89.0,11.0,16.0,19.0
dl_2025-01-07_GSW_MIA,2025-01-07,22024,Golden State Warriors,Miami Heat,98.0,114.0,L,W,98.0,11.0,10.0,5.0,91.0,9.0,9.0,17.0
dl_2025-01-07_DEN_BOS,2025-01-07,22024,Denver Nuggets,Boston Celtics,106.0,118.0,L,W,87.0,13.0,16.0,15.0,88.0,11.0,11.0,20.0
dl_2025-01-07_DAL_LAL,2025-01-07,22024,Dallas Mavericks,Los Angeles Lakers,118.0,97.0,W,L,86.0,11.0,10.0,14.0,75.0,5.0,10.0,24.0
dl_2025-01-07_CHO_PHO,2025-01-07,22024,CHO,PHO,115.0,104.0,W,L,98.0,20.0,11.0,29.0,92.0,8.0,11.0,19.0
dl_2025-01-08_BRK_DET,2025-01-08,22024,BRK,Detroit Pistons,98.0,113.0,L,W,86.0,9.0,15.0,21.0,86.0,7.0,13.0,12.0
dl_2025-01-08_CLE_OKC,2025-01-08,22024,Cleveland Cavaliers,Oklahoma City Thunder,129.0,122.0,W,L,90.0,12.0,15.0,27.0,90.0,9.0,13.0,17.0
dl_2025-01-08_DEN_LAC,2025-01-08,22024,Denver Nuggets,Los Angeles Clippers,126.0,103.0,W,L,89.0,7.0,11.0,17.0,80.0,9.0,11.0,40.0
dl_2025-01-08_IND_CHI,2025-01-08,22024,Indiana Pacers,Chicago Bulls,129.0,113.0,W,L,100.0,15.0,8.0,24.0,86.0,9.0,18.0,19.0
dl_2025-01-08_MIL_SAS,2025-01-08,22024,Milwaukee Bucks,San Antonio Spurs,121.0,105.0,W,L,92.0,10.0,10.0,20.0,95.0,12.0,9.0,20.0
dl_2025-01-08_NOP_POR,2025-01-08,22024,New Orleans Pelicans,Portland Trail Blazers,100.0,119.0,L,W,90.0,18.0,17.0,11.0,88.0,15.0,13.0,13.0
dl_2025-01-08_NYK_TOR,2025-01-08,22024,New York Knicks,Toronto Raptors,112.0,98.0,W,L,88.0,15.0,12.0,20.0,77.0,8.0,16.0,15.0
dl_2025-01-08_PHI_WAS,2025-01-08,22024,Philadelphia 76ers,Washington Wizards,109.0,103.0,W,L,88.0,10.0,7.0,19.0,94.0,18.0,17.0,9.0
dl_2025-01-09_PHO_ATL,2025-01-09,22024,PHO,Atlanta Hawks,123.0,115.0,W,L,85.0,12.0,16.0,15.0,86.0,8.0,11.0,17.0
dl_2025-01-09_ORL_MIN,2025-01-09,22024,Orlando Magic,Minnesota Timberwolves,89.0,104.0,L,W,87.0,13.0,14.0,19.0,85.0,14.0,8.0,31.0
dl_2025-01-09_UTA_MIA,2025-01-09,22024,Utah Jazz,Miami Heat,92.0,97.0,L,W,83.0,11.0,16.0,17.0,91.0,13.0,14.0,15.0
dl_2025-01-09_MEM_HOU,2025-01-09,22024,Memphis Grizzlies,Houston Rockets,115.0,119.0,L,W,84.0,10.0,19.0,30.0,96.0,16.0,12.0,41.0
dl_2025-01-09_DAL_POR,2025-01-09,22024,Dallas Mavericks,Portland Trail Blazers,117.0,111.0,W,L,88.0,16.0,14.0,30.0,93.0,14.0,12.0,20.0
dl_2025-01-09_CLE_TOR,2025-01-09,22024,Cleveland Cavaliers,Toronto Raptors,132.0,126.0,W,L,89.0,16.0,11.0,25.0,89.0,9.0,12.0,13.0
dl_2025-01-09_DET_GSW,2025-01-09,22024,Detroit Pistons,Golden State Warriors,104.0,107.0,L,W,86.0,7.0,14.0,16.0,89.0,15.0,15.0,16.0
dl_2025-01-10_PHI_NOP,2025-01-10,22024,Philadelphia 76ers,New Orleans Pelicans,115.0,123.0,L,W,91.0,11.0,9.0,19.0,91.0,12.0,12.0,26.0
dl_2025-01-10_NYK_OKC,2025-01-10,22024,New York Knicks,Oklahoma City Thunder,101.0,126.0,L,W,96.0,16.0,10.0,23.0,89.0,8.0,15.0,18.0
dl_2025-01-10_IND_GSW,2025-01-10,22024,Indiana Pacers,Golden State Warriors,108.0,96.0,W,L,82.0,8.0,15.0,19.0,91.0,11.0,13.0,13.0
dl_2025-01-10_ORL_MIL,2025-01-10,22024,Orlando Magic,Milwaukee Bucks,106.0,109.0,L,W,86.0,12.0,10.0,26.0,83.0,7.0,11.0,23.0
dl_2025-01-10_CHI_WAS,2025-01-10,22024,Chicago Bulls,Washington Wizards,138.0,105.0,W,L,95.0,11.0,13.0,14.0,98.0,13.0,15.0,13.0
dl_2025-01-10_BOS_SAC,2025-01-10,22024,Boston Celtics,Sacramento Kings,97.0,114.0,L,W,84.0,8.0,15.0,22.0,102.0,16.0,9.0,9.0
dl_2025-01-10_DEN_BRK,2025-01-10,22024,Denver Nuggets,BRK,124.0,105.0,W,L,87.0,12.0,14.0,33.0,90.0,10.0,17.0,19.0
dl_2025-01-11_DET_TOR,2025-01-11,22024,Detroit Pistons,Toronto Raptors,123.0,114.0,W,L,84.0,7.0,15.0,21.0,92.0,15.0,12.0,27.0
dl_2025-01-11_MIN_MEM,2025-01-11,22024,Minnesota Timberwolves,Memphis Grizzlies,125.0,127.0,L,W,83.0,7.0,18.0,19.0,108.0,21.0,13.0,19.0
dl_2025-01-11_PHO_UTA,2025-01-11,22024,PHO,Utah Jazz,114.0,106.0,W,L,86.0,12.0,11.0,19.0,96.0,21.0,13.0,18.0
dl_2025-01-11_POR_MIA,2025-01-11,22024,Portland Trail Blazers,Miami Heat,98.0,119.0,L,W,95.0,16.0,16.0,19.0,92.0,8.0,10.0,16.0
dl_2025-01-12_PHO_CHO,2025-01-12,22024,PHO,CHO,120.0,113.0,W,L,87.0,8.0,12.0,22.0,92.0,15.0,16.0,20.0
dl_2025-01-12_UTA_BRK,2025-01-12,22024,Utah Jazz,BRK,112.0,111.0,W,L,90.0,6.0,9.0,20.0,92.0,15.0,8.0,35.0
dl_2025-01-12_WAS_OKC,2025-01-12,22024,Washington Wizards,Oklahoma City Thunder,95.0,136.0,L,W,83.0,8.0,16.0,33.0,95.0,15.0,13.0,35.0
dl_2025-01-12_ORL_PHI,2025-01-12,22024,Orlando Magic,Philadelphia 76ers,104.0,99.0,W,L,80.0,12.0,16.0,28.0,72.0,3.0,16.0,22.0
dl_2025-01-12_CHI_SAC,2025-01-12,22024,Chicago Bulls,Sacramento Kings,119.0,124.0,L,W,93.0,8.0,7.0,20.0,95.0,11.0,8.0,21.0
dl_2025-01-12_DAL_DEN,2025-01-12,22024,Dallas Mavericks,Denver Nuggets,101.0,112.0,L,W,85.0,8.0,12.0,25.0,94.0,15.0,13.0,20.0
dl_2025-01-12_CLE_IND,2025-01-12,22024,Cleveland Cavaliers,Indiana Pacers,93.0,108.0,L,W,83.0,6.0,13.0,18.0,92.0,9.0,10.0,18.0
dl_2025-01-12_BOS_NOP,2025-01-12,22024,Boston Celtics,New Orleans Pelicans,120.0,119.0,W,L,101.0,18.0,11.0,23.0,86.0,6.0,9.0,26.0
dl_2025-01-12_NYK_MIL,2025-01-12,22024,New York Knicks,Milwaukee Bucks,140.0,106.0,W,L,88.0,10.0,11.0,24.0,94.0,15.0,14.0,17.0
dl_2025-01-13_HOU_MEM,2025-01-13,22024,Houston Rockets,Memphis Grizzlies,120.0,118.0,W,L,81.0,15.0,22.0,31.0,84.0,8.0,17.0,21.0
dl_2025-01-13_LAC_MIA,2025-01-13,22024,Los Angeles Clippers,Miami Heat,109.0,98.0,W,L,93.0,7.0,11.0,10.0,85.0,9.0,15.0,18.0
dl_2025-01-13_LAL_SAS,2025-01-13,22024,Los Angeles Lakers,San Antonio Spurs,102.0,126.0,L,W,87.0,15.0,19.0,16.0,90.0,12.0,10.0,20.0
dl_2025-01-13_NYK_DET,2025-01-13,22024,New York Knicks,Detroit Pistons,119.0,124.0,L,W,80.0,10.0,17.0,29.0,92.0,11.0,11.0,18.0
dl_2025-01-13_TOR_GSW,2025-01-13,22024,Toronto Raptors,Golden State Warriors,104.0,101.0,W,L,86.0,14.0,14.0,15.0,88.0,14.0,14.0,22.0
dl_2025-01-13_WAS_MIN,2025-01-13,22024,Washington Wizards,Minnesota Timberwolves,106.0,120.0,L,W,91.0,8.0,11.0,15.0,83.0,14.0,18.0,31.0
dl_2025-01-14_POR_BRK,2025-01-14,22024,Portland Trail Blazers,BRK,114.0,132.0,L,W,86.0,13.0,17.0,24.0,90.0,10.0,11.0,18.0
dl_2025-01-14_PHI_OKC,2025-01-14,22024,Philadelphia 76ers,Oklahoma City Thunder,102.0,118.0,L,W,84.0,11.0,21.0,20.0,81.0,10.0,17.0,18.0
dl_2025-01-14_MIL_SAC,2025-01-14,22024,Milwaukee Bucks,Sacramento Kings,130.0,115.0,W,L,99.0,11.0,7.0,18.0,95.0,9.0,9.0,18.0
dl_2025-01-14_CHI_NOP,2025-01-14,22024,Chicago Bulls,New Orleans Pelicans,113.0,119.0,L,W,102.0,18.0,15.0,12.0,96.0,13.0,10.0,26.0
dl_2025-01-14_DAL_DEN,2025-01-14,22024,Dallas Mavericks,Denver Nuggets,99.0,118.0,L,W,90.0,8.0,12.0,22.0,83.0,11.0,18.0,22.0
dl_2025-01-14_ATL_PHO,2025-01-14,22024,Atlanta Hawks,PHO,122.0,117.0,W,L,98.0,20.0,12.0,26.0,84.0,6.0,13.0,27.0
dl_2025-01-14_IND_CLE,2025-01-14,22024,Indiana Pacers,Cleveland Cavaliers,117.0,127.0,L,W,91.0,9.0,11.0,22.0,89.0,14.0,14.0,31.0
dl_2025-01-15_TOR_BOS,2025-01-15,22024,Toronto Raptors,Boston Celtics,110.0,97.0,W,L,89.0,13.0,10.0,15.0,91.0,13.0,9.0,18.0
dl_2025-01-15_SAS_MEM,2025-01-15,22024,San Antonio Spurs,Memphis Grizzlies,115.0,129.0,L,W,89.0,7.0,11.0,27.0,103.0,14.0,8.0,17.0
dl_2025-01-15_PHI_NYK,2025-01-15,22024,Philadelphia 76ers,New York Knicks,119.0,125.0,L,W,92.0,11.0,12.0,14.0,86.0,15.0,13.0,24.0
dl_2025-01-15_NOP_DAL,2025-01-15,22024,New Orleans Pelicans,Dallas Mavericks,119.0,116.0,W,L,97.0,15.0,10.0,24.0,90.0,8.0,15.0,25.0
dl_2025-01-15_MIN_GSW,2025-01-15,22024,Minnesota Timberwolves,Golden State Warriors,115.0,116.0,L,W,86.0,16.0,9.0,29.0,82.0,14.0,12.0,21.0
dl_2025-01-15_UTA_CHO,2025-01-15,22024,Utah Jazz,CHO,112.0,117.0,L,W,93.0,9.0,10.0,17.0,85.0,11.0,18.0,21.0
dl_2025-01-15_LAL_MIA,2025-01-15,22024,Los Angeles Lakers,Miami Heat,117.0,108.0,W,L,90.0,6.0,6.0,14.0,73.0,3.0,19.0,15.0
dl_2025-01-15_LAC_BRK,2025-01-15,22024,Los Angeles Clippers,BRK,126.0,67.0,W,L,79.0,6.0,14.0,30.0,83.0,15.0,20.0,22.0
dl_2025-01-15_DEN_HOU,2025-01-15,22024,Denver Nuggets,Houston Rockets,108.0,128.0,L,W,75.0,9.0,18.0,21.0,94.0,14.0,8.0,17.0
dl_2025-01-15_CHI_ATL,2025-01-15,22024,Chicago Bulls,Atlanta Hawks,94.0,110.0,L,W,88.0,8.0,20.0,10.0,100.0,14.0,9.0,22.0
dl_2025-01-15_MIL_ORL,2025-01-15,22024,Milwaukee Bucks,Orlando Magic,122.0,93.0,W,L,72.0,3.0,21.0,35.0,95.0,9.0,13.0,21.0
dl_2025-01-16_SAC_HOU,2025-01-16,22024,Sacramento Kings,Houston Rockets,132.0,127.0,W,L,98.0,12.0,12.0,22.0,93.0,12.0,14.0,24.0
dl_2025-01-16_POR_LAC,2025-01-16,22024,Portland Trail Blazers,Los Angeles Clippers,89.0,118.0,L,W,91.0,14.0,16.0,13.0,78.0,8.0,15.0,27.0
dl_2025-01-16_WAS_PHO,2025-01-16,22024,Washington Wizards,PHO,123.0,130.0,L,W,92.0,12.0,13.0,27.0,85.0,10.0,16.0,31.0
dl_2025-01-16_DET_IND,2025-01-16,22024,Detroit Pistons,Indiana Pacers,100.0,111.0,L,W,91.0,14.0,19.0,22.0,89.0,3.0,9.0,22.0
dl_2025-01-16_OKC_CLE,2025-01-16,22024,Oklahoma City Thunder,Cleveland Cavaliers,134.0,114.0,W,L,105.0,8.0,6.0,11.0,90.0,11.0,21.0,21.0
dl_2025-01-17_NYK_MIN,2025-01-17,22024,New York Knicks,Minnesota Timberwolves,99.0,116.0,L,W,90.0,15.0,9.0,17.0,79.0,11.0,15.0,14.0
dl_2025-01-17_BOS_ORL,2025-01-17,22024,Boston Celtics,Orlando Magic,121.0,94.0,W,L,80.0,11.0,10.0,22.0,82.0,12.0,8.0,31.0
dl_2025-01-17_CHI_CHO,2025-01-17,22024,Chicago Bulls,CHO,123.0,125.0,L,W,95.0,12.0,13.0,14.0,96.0,13.0,12.0,20.0
dl_2025-01-17_DAL_OKC,2025-01-17,22024,Dallas Mavericks,Oklahoma City Thunder,106.0,98.0,W,L,75.0,6.0,17.0,22.0,91.0,14.0,15.0,12.0
dl_2025-01-17_LAL_BRK,2025-01-17,22024,Los Angeles Lakers,BRK,102.0,101.0,W,L,82.0,6.0,10.0,18.0,82.0,12.0,17.0,13.0
dl_2025-01-17_MIA_DEN,2025-01-17,22024,Miami Heat,Denver Nuggets,113.0,133.0,L,W,91.0,6.0,8.0,14.0,92.0,7.0,5.0,19.0
dl_2025-01-17_MIL_TOR,2025-01-17,22024,Milwaukee Bucks,Toronto Raptors,130.0,112.0,W,L,81.0,11.0,13.0,41.0,91.0,13.0,12.0,24.0
dl_2025-01-17_NOP_UTA,2025-01-17,22024,New Orleans Pelicans,Utah Jazz,136.0,123.0,W,L,100.0,21.0,13.0,31.0,86.0,7.0,15.0,30.0
dl_2025-01-17_SAS_MEM,2025-01-17,22024,San Antonio Spurs,Memphis Grizzlies,112.0,140.0,L,W,84.0,10.0,17.0,23.0,97.0,10.0,7.0,15.0
dl_2025-01-18_MIN_CLE,2025-01-18,22024,Minnesota Timberwolves,Cleveland Cavaliers,117.0,124.0,L,W,90.0,9.0,7.0,19.0,92.0,13.0,7.0,25.0
dl_2025-01-18_IND_PHI,2025-01-18,22024,Indiana Pacers,Philadelphia 76ers,115.0,102.0,W,L,83.0,14.0,17.0,23.0,89.0,10.0,9.0,22.0
dl_2025-01-18_POR_HOU,2025-01-18,22024,Portland Trail Blazers,Houston Rockets,103.0,125.0,L,W,86.0,8.0,19.0,18.0,108.0,23.0,12.0,22.0
dl_2025-01-18_DET_PHO,2025-01-18,22024,Detroit Pistons,PHO,121.0,125.0,L,W,94.0,15.0,9.0,36.0,86.0,13.0,9.0,40.0
dl_2025-01-18_GSW_WAS,2025-01-18,22024,Golden State Warriors,Washington Wizards,122.0,114.0,W,L,96.0,17.0,9.0,24.0,86.0,11.0,13.0,23.0
dl_2025-01-18_BOS_ATL,2025-01-18,22024,Boston Celtics,Atlanta Hawks,115.0,119.0,L,W,104.0,17.0,14.0,23.0,93.0,13.0,17.0,28.0
dl_2025-01-19_LAC_LAL,2025-01-19,22024,Los Angeles Clippers,Los Angeles Lakers,116.0,102.0,W,L,89.0,11.0,12.0,14.0,76.0,5.0,15.0,19.0
dl_2025-01-19_MIA_SAS,2025-01-19,22024,Miami Heat,San Antonio Spurs,128.0,107.0,W,L,95.0,12.0,11.0,10.0,91.0,13.0,14.0,16.0
dl_2025-01-19_MIL_PHI,2025-01-19,22024,Milwaukee Bucks,Philadelphia 76ers,123.0,109.0,W,L,87.0,7.0,6.0,30.0,86.0,5.0,7.0,22.0
dl_2025-01-19_OKC_BRK,2025-01-19,22024,Oklahoma City Thunder,BRK,127.0,101.0,W,L,87.0,8.0,11.0,13.0,87.0,12.0,13.0,19.0
dl_2025-01-19_ORL_DEN,2025-01-19,22024,Orlando Magic,Denver Nuggets,100.0,113.0,L,W,102.0,16.0,7.0,16.0,77.0,13.0,20.0,31.0
dl_2025-01-19_POR_CHI,2025-01-19,22024,Portland Trail Blazers,Chicago Bulls,113.0,102.0,W,L,89.0,14.0,17.0,25.0,81.0,8.0,14.0,26.0
dl_2025-01-19_SAC_WAS,2025-01-19,22024,Sacramento Kings,Washington Wizards,123.0,100.0,W,L,95.0,10.0,11.0,24.0,89.0,10.0,16.0,32.0
dl_2025-01-20_NYK_ATL,2025-01-20,22024,New York Knicks,Atlanta Hawks,119.0,110.0,W,L,90.0,12.0,15.0,21.0,85.0,16.0,23.0,22.0
dl_2025-01-20_NOP_UTA,2025-01-20,22024,New Orleans Pelicans,Utah Jazz,123.0,119.0,W,L,92.0,6.0,13.0,29.0,106.0,19.0,13.0,30.0
dl_2025-01-20_MEM_MIN,2025-01-20,22024,Memphis Grizzlies,Minnesota Timberwolves,108.0,106.0,W,L,86.0,13.0,13.0,34.0,93.0,17.0,16.0,27.0
dl_2025-01-20_LAC_CHI,2025-01-20,22024,Los Angeles Clippers,Chicago Bulls,99.0,112.0,L,W,94.0,10.0,9.0,17.0,94.0,17.0,10.0,26.0
dl_2025-01-20_CHO_DAL,2025-01-20,22024,CHO,Dallas Mavericks,110.0,105.0,W,L,98.0,17.0,13.0,18.0,88.0,16.0,14.0,26.0
dl_2025-01-20_GSW_BOS,2025-01-20,22024,Golden State Warriors,Boston Celtics,85.0,125.0,L,W,92.0,10.0,12.0,11.0,92.0,8.0,9.0,8.0
dl_2025-01-20_CLE_PHO,2025-01-20,22024,Cleveland Cavaliers,PHO,118.0,92.0,W,L,95.0,15.0,8.0,23.0,77.0,1.0,17.0,13.0
dl_2025-01-20_HOU_DET,2025-01-20,22024,Houston Rockets,Detroit Pistons,96.0,107.0,L,W,94.0,15.0,16.0,16.0,88.0,13.0,22.0,15.0
dl_2025-01-21_TOR_ORL,2025-01-21,22024,Toronto Raptors,Orlando Magic,109.0,93.0,W,L,73.0,5.0,12.0,28.0,85.0,14.0,14.0,19.0
dl_2025-01-21_MIA_POR,2025-01-21,22024,Miami Heat,Portland Trail Blazers,107.0,116.0,L,W,93.0,12.0,8.0,12.0,87.0,11.0,6.0,23.0
dl_2025-01-21_BRK_NYK,2025-01-21,22024,BRK,New York Knicks,95.0,99.0,L,W,86.0,14.0,16.0,25.0,87.0,9.0,10.0,14.0
dl_2025-01-21_DEN_PHI,2025-01-21,22024,Denver Nuggets,Philadelphia 76ers,144.0,109.0,W,L,85.0,14.0,13.0,25.0,96.0,8.0,10.0,8.0
dl_2025-01-21_LAL_WAS,2025-01-21,22024,Los Angeles Lakers,Washington Wizards,111.0,88.0,W,L,90.0,7.0,10.0,18.0,95.0,9.0,11.0,13.0
dl_2025-01-22_ATL_DET,2025-01-22,22024,Atlanta Hawks,Detroit Pistons,104.0,114.0,L,W,103.0,15.0,13.0,26.0,84.0,7.0,20.0,19.0
dl_2025-01-22_BRK_PHO,2025-01-22,22024,BRK,PHO,84.0,108.0,L,W,91.0,20.0,16.0,14.0,88.0,11.0,11.0,13.0
dl_2025-01-22_DAL_MIN,2025-01-22,22024,Dallas Mavericks,Minnesota Timberwolves,114.0,115.0,L,W,90.0,7.0,13.0,19.0,81.0,9.0,11.0,34.0
dl_2025-01-22_HOU_CLE,2025-01-22,22024,Houston Rockets,Cleveland Cavaliers,109.0,108.0,W,L,91.0,20.0,22.0,20.0,97.0,20.0,13.0,19.0
dl_2025-01-22_LAC_BOS,2025-01-22,22024,Los Angeles Clippers,Boston Celtics,113.0,117.0,L,W,90.0,9.0,22.0,13.0,90.0,8.0,19.0,20.0
dl_2025-01-22_MEM_CHO,2025-01-22,22024,Memphis Grizzlies,CHO,132.0,120.0,W,L,98.0,13.0,16.0,14.0,86.0,11.0,16.0,32.0
dl_2025-01-22_OKC_UTA,2025-01-22,22024,Oklahoma City Thunder,Utah Jazz,123.0,114.0,W,L,95.0,13.0,10.0,25.0,90.0,23.0,27.0,24.0
dl_2025-01-22_SAC_GSW,2025-01-22,22024,Sacramento Kings,Golden State Warriors,123.0,117.0,W,L,81.0,5.0,8.0,32.0,92.0,12.0,19.0,13.0
dl_2025-01-23_MIL_MIA,2025-01-23,22024,Milwaukee Bucks,Miami Heat,125.0,96.0,W,L,98.0,11.0,6.0,20.0,92.0,13.0,10.0,21.0
dl_2025-01-23_ORL_POR,2025-01-23,22024,Orlando Magic,Portland Trail Blazers,79.0,101.0,L,W,76.0,14.0,19.0,31.0,82.0,8.0,13.0,19.0
dl_2025-01-23_OKC_DAL,2025-01-23,22024,Oklahoma City Thunder,Dallas Mavericks,115.0,121.0,L,W,88.0,8.0,12.0,22.0,74.0,8.0,20.0,36.0
dl_2025-01-23_LAL_BOS,2025-01-23,22024,Los Angeles Lakers,Boston Celtics,117.0,96.0,W,L,89.0,10.0,6.0,20.0,91.0,11.0,7.0,18.0
dl_2025-01-23_DEN_SAC,2025-01-23,22024,Denver Nuggets,Sacramento Kings,132.0,123.0,W,L,101.0,15.0,10.0,31.0,107.0,17.0,13.0,19.0
dl_2025-01-23_IND_SAS,2025-01-23,22024,Indiana Pacers,San Antonio Spurs,110.0,140.0,L,W,97.0,9.0,11.0,12.0,96.0,15.0,19.0,6.0
dl_2025-01-23_GSW_CHI,2025-01-23,22024,Golden State Warriors,Chicago Bulls,131.0,106.0,W,L,102.0,15.0,10.0,14.0,87.0,10.0,11.0,27.0
dl_2025-01-23_ATL_TOR,2025-01-23,22024,Atlanta Hawks,Toronto Raptors,119.0,122.0,L,W,87.0,9.0,14.0,30.0,81.0,6.0,19.0,24.0
dl_2025-01-23_LAC_WAS,2025-01-23,22024,Los Angeles Clippers,Washington Wizards,110.0,93.0,W,L,88.0,11.0,18.0,18.0,94.0,14.0,15.0,21.0
dl_2025-01-24_CHO_POR,2025-01-24,22024,CHO,Portland Trail Blazers,97.0,102.0,L,W,85.0,16.0,16.0,28.0,79.0,15.0,16.0,39.0
dl_2025-01-24_MEM_NOP,2025-01-24,22024,Memphis Grizzlies,New Orleans Pelicans,139.0,126.0,W,L,101.0,16.0,12.0,8.0,83.0,8.0,12.0,32.0
dl_2025-01-24_PHI_CLE,2025-01-24,22024,Philadelphia 76ers,Cleveland Cavaliers,132.0,129.0,W,L,87.0,16.0,18.0,27.0,90.0,10.0,16.0,19.0
dl_2025-01-25_SAS_IND,2025-01-25,22024,San Antonio Spurs,Indiana Pacers,98.0,136.0,L,W,85.0,15.0,22.0,25.0,102.0,16.0,10.0,14.0
dl_2025-01-25_PHO_WAS,2025-01-25,22024,PHO,Washington Wizards,119.0,109.0,W,L,90.0,12.0,10.0,28.0,90.0,5.0,8.0,9.0
dl_2025-01-25_ORL_DET,2025-01-25,22024,Orlando Magic,Detroit Pistons,121.0,113.0,W,L,83.0,8.0,14.0,38.0,86.0,11.0,16.0,28.0
dl_2025-01-25_NYK_SAC,2025-01-25,22024,New York Knicks,Sacramento Kings,143.0,120.0,W,L,105.0,17.0,11.0,23.0,95.0,9.0,12.0,16.0
dl_2025-01-25_MIN_DEN,2025-01-25,22024,Minnesota Timberwolves,Denver Nuggets,133.0,104.0,W,L,95.0,18.0,16.0,15.0,88.0,14.0,19.0,13.0
dl_2025-01-25_MEM_UTA,2025-01-25,22024,Memphis Grizzlies,Utah Jazz,125.0,103.0,W,L,84.0,13.0,16.0,34.0,92.0,14.0,17.0,16.0
dl_2025-01-25_LAC_MIL,2025-01-25,22024,Los Angeles Clippers,Milwaukee Bucks,127.0,117.0,W,L,97.0,12.0,6.0,28.0,79.0,5.0,13.0,34.0
dl_2025-01-25_GSW_LAL,2025-01-25,22024,Golden State Warriors,Los Angeles Lakers,108.0,118.0,L,W,89.0,11.0,11.0,16.0,86.0,10.0,12.0,17.0
dl_2025-01-25_CLE_HOU,2025-01-25,22024,Cleveland Cavaliers,Houston Rockets,131.0,135.0,L,W,91.0,10.0,11.0,26.0,82.0,14.0,11.0,45.0
dl_2025-01-25_CHO_NOP,2025-01-25,22024,CHO,New Orleans Pelicans,123.0,92.0,W,L,84.0,9.0,14.0,25.0,84.0,9.0,13.0,26.0
dl_2025-01-25_CHI_PHI,2025-01-25,22024,Chicago Bulls,Philadelphia 76ers,97.0,109.0,L,W,85.0,13.0,19.0,20.0,92.0,6.0,8.0,17.0
dl_2025-01-25_BRK_MIA,2025-01-25,22024,BRK,Miami Heat,97.0,106.0,L,W,80.0,8.0,14.0,26.0,79.0,12.0,22.0,24.0
dl_2025-01-25_ATL_TOR,2025-01-25,22024,Atlanta Hawks,Toronto Raptors,94.0,117.0,L,W,84.0,8.0,22.0,25.0,90.0,9.0,21.0,25.0
dl_2025-01-25_DAL_BOS,2025-01-25,22024,Dallas Mavericks,Boston Celtics,107.0,122.0,L,W,88.0,13.0,12.0,28.0,103.0,17.0,5.0,19.0
dl_2025-01-26_POR_OKC,2025-01-26,22024,Portland Trail Blazers,Oklahoma City Thunder,108.0,118.0,L,W,81.0,13.0,15.0,28.0,89.0,14.0,7.0,29.0
dl_2025-01-27_MIN_ATL,2025-01-27,22024,Minnesota Timberwolves,Atlanta Hawks,100.0,92.0,W,L,86.0,14.0,16.0,29.0,86.0,14.0,21.0,18.0
dl_2025-01-27_UTA_MIL,2025-01-27,22024,Utah Jazz,Milwaukee Bucks,110.0,125.0,L,W,100.0,15.0,10.0,13.0,86.0,5.0,12.0,17.0
dl_2025-01-27_TOR_NOP,2025-01-27,22024,Toronto Raptors,New Orleans Pelicans,113.0,104.0,W,L,100.0,13.0,13.0,23.0,89.0,6.0,12.0,30.0
dl_2025-01-27_PHO_LAC,2025-01-27,22024,PHO,Los Angeles Clippers,111.0,109.0,W,L,85.0,11.0,17.0,11.0,83.0,10.0,15.0,20.0
dl_2025-01-27_NYK_MEM,2025-01-27,22024,New York Knicks,Memphis Grizzlies,143.0,106.0,W,L,108.0,17.0,10.0,18.0,91.0,18.0,26.0,17.0
dl_2025-01-27_MIA_ORL,2025-01-27,22024,Miami Heat,Orlando Magic,125.0,119.0,W,L,92.0,5.0,16.0,21.0,98.0,12.0,14.0,25.0
dl_2025-01-27_CLE_DET,2025-01-27,22024,Cleveland Cavaliers,Detroit Pistons,110.0,91.0,W,L,91.0,12.0,9.0,23.0,96.0,12.0,10.0,11.0
dl_2025-01-27_CHO_LAL,2025-01-27,22024,CHO,Los Angeles Lakers,107.0,112.0,L,W,87.0,10.0,14.0,18.0,86.0,12.0,16.0,24.0
dl_2025-01-27_CHI_DEN,2025-01-27,22024,Chicago Bulls,Denver Nuggets,129.0,121.0,W,L,98.0,13.0,17.0,8.0,100.0,12.0,14.0,11.0
dl_2025-01-27_BRK_SAC,2025-01-27,22024,BRK,Sacramento Kings,96.0,110.0,L,W,82.0,16.0,14.0,30.0,82.0,11.0,17.0,17.0
dl_2025-01-27_BOS_HOU,2025-01-27,22024,Boston Celtics,Houston Rockets,112.0,114.0,L,W,80.0,7.0,14.0,20.0,92.0,12.0,7.0,21.0
dl_2025-01-27_DAL_WAS,2025-01-27,22024,Dallas Mavericks,Washington Wizards,130.0,108.0,W,L,92.0,13.0,11.0,17.0,101.0,14.0,11.0,17.0
dl_2025-01-28_ATL_HOU,2025-01-28,22024,Atlanta Hawks,Houston Rockets,96.0,100.0,L,W,89.0,9.0,16.0,16.0,79.0,6.0,21.0,20.0
dl_2025-01-28_GSW_UTA,2025-01-28,22024,Golden State Warriors,Utah Jazz,114.0,103.0,W,L,92.0,16.0,9.0,31.0,76.0,5.0,15.0,24.0
dl_2025-01-28_PHI_LAL,2025-01-28,22024,Philadelphia 76ers,Los Angeles Lakers,118.0,104.0,W,L,91.0,12.0,9.0,25.0,72.0,4.0,22.0,23.0
dl_2025-01-28_POR_MIL,2025-01-28,22024,Portland Trail Blazers,Milwaukee Bucks,125.0,112.0,W,L,88.0,17.0,13.0,28.0,87.0,9.0,11.0,18.0
dl_2025-01-29_MIA_CLE,2025-01-29,22024,Miami Heat,Cleveland Cavaliers,106.0,126.0,L,W,83.0,6.0,12.0,15.0,100.0,13.0,7.0,6.0
dl_2025-01-29_WAS_TOR,2025-01-29,22024,Washington Wizards,Toronto Raptors,82.0,106.0,L,W,72.0,10.0,25.0,29.0,88.0,7.0,14.0,15.0
dl_2025-01-29_SAS_LAC,2025-01-29,22024,San Antonio Spurs,Los Angeles Clippers,116.0,128.0,L,W,87.0,7.0,9.0,25.0,91.0,17.0,15.0,23.0
dl_2025-01-29_PHO_MIN,2025-01-29,22024,PHO,Minnesota Timberwolves,113.0,121.0,L,W,85.0,10.0,15.0,20.0,75.0,4.0,14.0,27.0
dl_2025-01-29_PHI_SAC,2025-01-29,22024,Philadelphia 76ers,Sacramento Kings,117.0,104.0,W,L,82.0,5.0,9.0,22.0,90.0,14.0,12.0,17.0
dl_2025-01-29_NYK_DEN,2025-01-29,22024,New York Knicks,Denver Nuggets,122.0,112.0,W,L,93.0,6.0,5.0,18.0,84.0,11.0,14.0,23.0
dl_2025-01-29_CHO_BRK,2025-01-29,22024,CHO,BRK,83.0,104.0,L,W,83.0,18.0,17.0,25.0,80.0,7.0,8.0,20.0
dl_2025-01-29_IND_DET,2025-01-29,22024,Indiana Pacers,Detroit Pistons,133.0,119.0,W,L,81.0,5.0,13.0,31.0,89.0,9.0,12.0,26.0
dl_2025-01-29_GSW_OKC,2025-01-29,22024,Golden State Warriors,Oklahoma City Thunder,116.0,109.0,W,L,81.0,7.0,15.0,28.0,99.0,17.0,11.0,25.0
dl_2025-01-29_BOS_CHI,2025-01-29,22024,Boston Celtics,Chicago Bulls,122.0,100.0,W,L,87.0,6.0,8.0,27.0,92.0,10.0,14.0,12.0
dl_2025-01-29_NOP_DAL,2025-01-29,22024,New Orleans Pelicans,Dallas Mavericks,136.0,137.0,L,W,96.0,10.0,8.0,22.0,96.0,16.0,18.0,17.0
dl_2025-01-30_UTA_MIN,2025-01-30,22024,Utah Jazz,Minnesota Timberwolves,113.0,138.0,L,W,77.0,3.0,15.0,25.0,82.0,9.0,12.0,24.0
dl_2025-01-30_POR_ORL,2025-01-30,22024,Portland Trail Blazers,Orlando Magic,119.0,90.0,W,L,78.0,9.0,12.0,31.0,81.0,13.0,13.0,20.0
dl_2025-01-30_WAS_LAL,2025-01-30,22024,Washington Wizards,Los Angeles Lakers,96.0,134.0,L,W,91.0,12.0,13.0,34.0,90.0,9.0,11.0,22.0
dl_2025-01-30_CLE_ATL,2025-01-30,22024,Cleveland Cavaliers,Atlanta Hawks,137.0,115.0,W,L,91.0,10.0,11.0,20.0,90.0,10.0,11.0,27.0
dl_2025-01-30_MEM_HOU,2025-01-30,22024,Memphis Grizzlies,Houston Rockets,120.0,119.0,W,L,93.0,9.0,11.0,20.0,97.0,19.0,12.0,28.0
dl_2025-01-31_TOR_CHI,2025-01-31,22024,Toronto Raptors,Chicago Bulls,106.0,122.0,L,W,92.0,7.0,7.0,27.0,89.0,9.0,10.0,17.0
dl_2025-01-31_SAS_MIL,2025-01-31,22024,San Antonio Spurs,Milwaukee Bucks,144.0,118.0,W,L,102.0,13.0,4.0,25.0,100.0,17.0,10.0,26.0
dl_2025-01-31_NOP_BOS,2025-01-31,22024,New Orleans Pelicans,Boston Celtics,116.0,118.0,L,W,90.0,10.0,18.0,19.0,84.0,5.0,13.0,26.0
dl_2025-01-31_PHI_DEN,2025-01-31,22024,Philadelphia 76ers,Denver Nuggets,134.0,137.0,L,W,90.0,11.0,11.0,16.0,82.0,9.0,19.0,18.0
dl_2025-01-31_DET_DAL,2025-01-31,22024,Detroit Pistons,Dallas Mavericks,117.0,102.0,W,L,106.0,18.0,6.0,16.0,87.0,16.0,16.0,21.0
dl_2025-01-31_CHO_LAC,2025-01-31,22024,CHO,Los Angeles Clippers,104.0,112.0,L,W,96.0,13.0,9.0,15.0,81.0,9.0,16.0,20.0
dl_2025-01-31_GSW_PHO,2025-01-31,22024,Golden State Warriors,PHO,105.0,130.0,L,W,96.0,14.0,12.0,25.0,89.0,4.0,14.0,16.0
dl_2025-02-01_UTA_ORL,2025-02-01,22024,Utah Jazz,Orlando Magic,113.0,99.0,W,L,84.0,8.0,16.0,24.0,91.0,11.0,8.0,35.0
dl_2025-02-01_POR_PHO,2025-02-01,22024,Portland Trail Blazers,PHO,127.0,108.0,W,L,89.0,10.0,9.0,31.0,84.0,11.0,18.0,26.0
dl_2025-02-01_OKC_SAC,2025-02-01,22024,Oklahoma City Thunder,Sacramento Kings,144.0,110.0,W,L,107.0,20.0,11.0,16.0,100.0,9.0,7.0,26.0
dl_2025-02-01_NYK_LAL,2025-02-01,22024,New York Knicks,Los Angeles Lakers,112.0,128.0,L,W,95.0,16.0,14.0,19.0,81.0,3.0,15.0,18.0
dl_2025-02-01_SAS_MIA,2025-02-01,22024,San Antonio Spurs,Miami Heat,103.0,105.0,L,W,91.0,13.0,10.0,21.0,89.0,12.0,13.0,17.0
dl_2025-02-01_IND_ATL,2025-02-01,22024,Indiana Pacers,Atlanta Hawks,132.0,127.0,W,L,90.0,7.0,11.0,25.0,90.0,11.0,12.0,32.0
dl_2025-02-01_HOU_BRK,2025-02-01,22024,Houston Rockets,BRK,98.0,110.0,L,W,95.0,14.0,10.0,15.0,87.0,13.0,10.0,21.0
dl_2025-02-01_CHO_DEN,2025-02-01,22024,CHO,Denver Nuggets,104.0,107.0,L,W,95.0,13.0,12.0,17.0,88.0,8.0,11.0,20.0
dl_2025-02-01_MIN_WAS,2025-02-01,22024,Minnesota Timberwolves,Washington Wizards,103.0,105.0,L,W,93.0,11.0,14.0,18.0,83.0,7.0,16.0,17.0
dl_2025-02-02_CLE_DAL,2025-02-02,22024,Cleveland Cavaliers,Dallas Mavericks,144.0,101.0,W,L,93.0,3.0,8.0,16.0,103.0,10.0,9.0,15.0
dl_2025-02-02_DET_CHI,2025-02-02,22024,Detroit Pistons,Chicago Bulls,127.0,119.0,W,L,99.0,8.0,11.0,13.0,89.0,11.0,19.0,20.0
dl_2025-02-02_MIL_MEM,2025-02-02,22024,Milwaukee Bucks,Memphis Grizzlies,119.0,132.0,L,W,91.0,8.0,13.0,19.0,107.0,22.0,11.0,22.0
dl_2025-02-02_PHI_BOS,2025-02-02,22024,Philadelphia 76ers,Boston Celtics,110.0,118.0,L,W,82.0,8.0,10.0,28.0,84.0,5.0,9.0,16.0
dl_2025-02-02_TOR_LAC,2025-02-02,22024,Toronto Raptors,Los Angeles Clippers,115.0,108.0,W,L,85.0,10.0,12.0,16.0,88.0,13.0,10.0,21.0
dl_2025-02-03_NYK_HOU,2025-02-03,22024,New York Knicks,Houston Rockets,124.0,118.0,W,L,93.0,12.0,11.0,30.0,104.0,20.0,15.0,15.0
dl_2025-02-03_UTA_IND,2025-02-03,22024,Utah Jazz,Indiana Pacers,111.0,112.0,L,W,91.0,17.0,18.0,30.0,91.0,6.0,9.0,20.0
dl_2025-02-03_OKC_MIL,2025-02-03,22024,Oklahoma City Thunder,Milwaukee Bucks,125.0,96.0,W,L,99.0,14.0,17.0,8.0,93.0,9.0,14.0,21.0
dl_2025-02-03_MIN_SAC,2025-02-03,22024,Minnesota Timberwolves,Sacramento Kings,114.0,116.0,L,W,94.0,11.0,8.0,16.0,92.0,11.0,10.0,20.0
dl_2025-02-03_POR_PHO,2025-02-03,22024,Portland Trail Blazers,PHO,121.0,119.0,W,L,89.0,14.0,12.0,30.0,85.0,10.0,14.0,28.0
dl_2025-02-03_GSW_ORL,2025-02-03,22024,Golden State Warriors,Orlando Magic,104.0,99.0,W,L,78.0,9.0,13.0,34.0,99.0,18.0,11.0,10.0
dl_2025-02-03_DET_ATL,2025-02-03,22024,Detroit Pistons,Atlanta Hawks,130.0,132.0,L,W,83.0,10.0,14.0,38.0,81.0,5.0,12.0,39.0
dl_2025-02-03_DEN_NOP,2025-02-03,22024,Denver Nuggets,New Orleans Pelicans,125.0,113.0,W,L,92.0,14.0,5.0,26.0,88.0,14.0,10.0,22.0
dl_2025-02-03_CHO_WAS,2025-02-03,22024,CHO,Washington Wizards,114.0,124.0,L,W,89.0,9.0,10.0,28.0,99.0,18.0,10.0,23.0
dl_2025-02-03_MEM_SAS,2025-02-03,22024,Memphis Grizzlies,San Antonio Spurs,128.0,109.0,W,L,99.0,10.0,15.0,20.0,91.0,9.0,23.0,20.0
dl_2025-02-04_TOR_NYK,2025-02-04,22024,Toronto Raptors,New York Knicks,115.0,121.0,L,W,82.0,10.0,14.0,19.0,94.0,17.0,11.0,23.0
dl_2025-02-04_POR_IND,2025-02-04,22024,Portland Trail Blazers,Indiana Pacers,112.0,89.0,W,L,92.0,16.0,18.0,17.0,81.0,14.0,19.0,21.0
dl_2025-02-04_PHI_DAL,2025-02-04,22024,Philadelphia 76ers,Dallas Mavericks,118.0,116.0,W,L,86.0,9.0,12.0,19.0,85.0,15.0,12.0,31.0
dl_2025-02-04_CLE_BOS,2025-02-04,22024,Cleveland Cavaliers,Boston Celtics,105.0,112.0,L,W,91.0,14.0,13.0,26.0,98.0,15.0,12.0,18.0
dl_2025-02-04_CHI_MIA,2025-02-04,22024,Chicago Bulls,Miami Heat,133.0,124.0,W,L,91.0,7.0,10.0,22.0,90.0,11.0,13.0,26.0
dl_2025-02-04_BRK_HOU,2025-02-04,22024,BRK,Houston Rockets,99.0,97.0,W,L,82.0,10.0,13.0,17.0,83.0,16.0,16.0,27.0
dl_2025-02-04_LAC_LAL,2025-02-04,22024,Los Angeles Clippers,Los Angeles Lakers,97.0,122.0,L,W,89.0,10.0,9.0,19.0,81.0,10.0,14.0,23.0
dl_2025-02-05_UTA_GSW,2025-02-05,22024,Utah Jazz,Golden State Warriors,131.0,128.0,W,L,92.0,12.0,12.0,27.0,100.0,12.0,9.0,27.0
dl_2025-02-05_TOR_MEM,2025-02-05,22024,Toronto Raptors,Memphis Grizzlies,107.0,138.0,L,W,98.0,14.0,9.0,19.0,89.0,24.0,16.0,38.0
dl_2025-02-05_SAC_ORL,2025-02-05,22024,Sacramento Kings,Orlando Magic,111.0,130.0,L,W,80.0,14.0,17.0,28.0,88.0,9.0,8.0,15.0
dl_2025-02-05_PHI_MIA,2025-02-05,22024,Philadelphia 76ers,Miami Heat,101.0,108.0,L,W,96.0,11.0,4.0,20.0,83.0,13.0,22.0,20.0
dl_2025-02-05_OKC_PHO,2025-02-05,22024,Oklahoma City Thunder,PHO,140.0,109.0,W,L,102.0,17.0,5.0,27.0,70.0,3.0,18.0,33.0
dl_2025-02-05_MIN_CHI,2025-02-05,22024,Minnesota Timberwolves,Chicago Bulls,127.0,108.0,W,L,98.0,23.0,11.0,28.0,83.0,6.0,9.0,22.0
dl_2025-02-05_DET_CLE,2025-02-05,22024,Detroit Pistons,Cleveland Cavaliers,115.0,118.0,L,W,98.0,17.0,11.0,28.0,85.0,11.0,23.0,24.0
dl_2025-02-05_DEN_NOP,2025-02-05,22024,Denver Nuggets,New Orleans Pelicans,144.0,119.0,W,L,100.0,13.0,7.0,15.0,93.0,10.0,11.0,26.0
dl_2025-02-05_CHO_MIL,2025-02-05,22024,CHO,Milwaukee Bucks,102.0,112.0,L,W,88.0,9.0,8.0,20.0,81.0,6.0,9.0,13.0
dl_2025-02-05_BRK_WAS,2025-02-05,22024,BRK,Washington Wizards,102.0,119.0,L,W,83.0,12.0,10.0,23.0,81.0,7.0,14.0,14.0
dl_2025-02-05_ATL_SAS,2025-02-05,22024,Atlanta Hawks,San Antonio Spurs,125.0,126.0,L,W,91.0,8.0,20.0,18.0,101.0,11.0,10.0,16.0
dl_2025-02-06_POR_SAC,2025-02-06,22024,Portland Trail Blazers,Sacramento Kings,108.0,102.0,W,L,90.0,10.0,13.0,18.0,88.0,11.0,10.0,22.0
dl_2025-02-06_MIN_HOU,2025-02-06,22024,Minnesota Timberwolves,Houston Rockets,127.0,114.0,W,L,94.0,18.0,13.0,24.0,84.0,12.0,10.0,28.0
dl_2025-02-06_LAL_GSW,2025-02-06,22024,Los Angeles Lakers,Golden State Warriors,120.0,112.0,W,L,78.0,7.0,13.0,36.0,101.0,10.0,12.0,20.0
dl_2025-02-06_DEN_ORL,2025-02-06,22024,Denver Nuggets,Orlando Magic,112.0,90.0,W,L,83.0,12.0,18.0,21.0,84.0,13.0,13.0,30.0
dl_2025-02-06_BOS_DAL,2025-02-06,22024,Boston Celtics,Dallas Mavericks,120.0,127.0,L,W,89.0,11.0,14.0,15.0,88.0,8.0,8.0,18.0
dl_2025-02-06_LAC_IND,2025-02-06,22024,Los Angeles Clippers,Indiana Pacers,112.0,119.0,L,W,88.0,11.0,19.0,18.0,95.0,12.0,7.0,24.0
dl_2025-02-07_ATL_MIL,2025-02-07,22024,Atlanta Hawks,Milwaukee Bucks,115.0,110.0,W,L,92.0,11.0,11.0,18.0,96.0,7.0,10.0,10.0
dl_2025-02-07_BRK_MIA,2025-02-07,22024,BRK,Miami Heat,102.0,86.0,W,L,93.0,18.0,14.0,18.0,90.0,11.0,14.0,12.0
dl_2025-02-07_CHO_SAS,2025-02-07,22024,CHO,San Antonio Spurs,117.0,116.0,W,L,101.0,16.0,11.0,6.0,92.0,13.0,8.0,24.0
dl_2025-02-07_DET_PHI,2025-02-07,22024,Detroit Pistons,Philadelphia 76ers,125.0,112.0,W,L,97.0,21.0,14.0,26.0,83.0,7.0,13.0,20.0
dl_2025-02-07_OKC_TOR,2025-02-07,22024,Oklahoma City Thunder,Toronto Raptors,121.0,109.0,W,L,84.0,11.0,12.0,31.0,91.0,14.0,12.0,19.0
dl_2025-02-07_PHO_UTA,2025-02-07,22024,PHO,Utah Jazz,135.0,127.0,W,L,104.0,12.0,7.0,21.0,117.0,25.0,10.0,20.0
dl_2025-02-07_WAS_CLE,2025-02-07,22024,Washington Wizards,Cleveland Cavaliers,124.0,134.0,L,W,94.0,16.0,13.0,25.0,94.0,15.0,14.0,24.0
dl_2025-02-08_ORL_SAS,2025-02-08,22024,Orlando Magic,San Antonio Spurs,112.0,111.0,W,L,88.0,13.0,14.0,20.0,77.0,4.0,14.0,20.0
dl_2025-02-08_WAS_ATL,2025-02-08,22024,Washington Wizards,Atlanta Hawks,111.0,125.0,L,W,93.0,14.0,17.0,21.0,97.0,8.0,11.0,17.0
dl_2025-02-08_SAC_NOP,2025-02-08,22024,Sacramento Kings,New Orleans Pelicans,123.0,118.0,W,L,91.0,11.0,18.0,33.0,90.0,5.0,16.0,25.0
dl_2025-02-08_PHO_DEN,2025-02-08,22024,PHO,Denver Nuggets,105.0,122.0,L,W,98.0,17.0,6.0,15.0,92.0,15.0,9.0,17.0
dl_2025-02-08_NYK_BOS,2025-02-08,22024,New York Knicks,Boston Celtics,104.0,131.0,L,W,83.0,7.0,9.0,29.0,85.0,11.0,10.0,24.0
dl_2025-02-08_LAL_IND,2025-02-08,22024,Los Angeles Lakers,Indiana Pacers,124.0,117.0,W,L,88.0,9.0,14.0,23.0,87.0,11.0,10.0,32.0
dl_2025-02-08_MEM_OKC,2025-02-08,22024,Memphis Grizzlies,Oklahoma City Thunder,112.0,125.0,L,W,81.0,10.0,13.0,39.0,105.0,21.0,8.0,21.0
dl_2025-02-08_LAC_UTA,2025-02-08,22024,Los Angeles Clippers,Utah Jazz,130.0,110.0,W,L,88.0,8.0,14.0,21.0,83.0,12.0,19.0,18.0
dl_2025-02-08_DAL_HOU,2025-02-08,22024,Dallas Mavericks,Houston Rockets,116.0,105.0,W,L,83.0,12.0,5.0,34.0,100.0,19.0,8.0,22.0
dl_2025-02-08_CHI_GSW,2025-02-08,22024,Chicago Bulls,Golden State Warriors,111.0,132.0,L,W,79.0,6.0,17.0,31.0,90.0,16.0,14.0,27.0
dl_2025-02-08_MIN_POR,2025-02-08,22024,Minnesota Timberwolves,Portland Trail Blazers,114.0,98.0,W,L,82.0,8.0,14.0,28.0,92.0,16.0,17.0,22.0
dl_2025-02-09_DET_CHO,2025-02-09,22024,Detroit Pistons,CHO,112.0,102.0,W,L,90.0,14.0,11.0,16.0,78.0,9.0,14.0,23.0
dl_2025-02-09_HOU_TOR,2025-02-09,22024,Houston Rockets,Toronto Raptors,94.0,87.0,W,L,86.0,10.0,15.0,28.0,90.0,7.0,10.0,17.0
dl_2025-02-09_MIL_PHI,2025-02-09,22024,Milwaukee Bucks,Philadelphia 76ers,135.0,127.0,W,L,105.0,19.0,12.0,20.0,89.0,8.0,14.0,19.0
dl_2025-02-10_WAS_SAS,2025-02-10,22024,Washington Wizards,San Antonio Spurs,121.0,131.0,L,W,93.0,10.0,14.0,19.0,88.0,11.0,11.0,29.0
dl_2025-02-10_ORL_ATL,2025-02-10,22024,Orlando Magic,Atlanta Hawks,106.0,112.0,L,W,78.0,7.0,17.0,24.0,77.0,6.0,16.0,28.0
dl_2025-02-10_OKC_NOP,2025-02-10,22024,Oklahoma City Thunder,New Orleans Pelicans,137.0,101.0,W,L,95.0,10.0,10.0,16.0,82.0,12.0,22.0,28.0
dl_2025-02-10_MIA_BOS,2025-02-10,22024,Miami Heat,Boston Celtics,85.0,103.0,L,W,92.0,12.0,4.0,13.0,85.0,3.0,6.0,8.0
dl_2025-02-10_MIL_GSW,2025-02-10,22024,Milwaukee Bucks,Golden State Warriors,111.0,125.0,L,W,76.0,5.0,20.0,34.0,93.0,15.0,9.0,38.0
dl_2025-02-10_DEN_POR,2025-02-10,22024,Denver Nuggets,Portland Trail Blazers,146.0,117.0,W,L,91.0,6.0,8.0,20.0,88.0,10.0,16.0,26.0
dl_2025-02-10_DAL_SAC,2025-02-10,22024,Dallas Mavericks,Sacramento Kings,128.0,129.0,L,W,95.0,5.0,11.0,24.0,96.0,13.0,20.0,19.0
dl_2025-02-10_CLE_MIN,2025-02-10,22024,Cleveland Cavaliers,Minnesota Timberwolves,128.0,107.0,W,L,94.0,14.0,16.0,20.0,90.0,15.0,16.0,30.0
dl_2025-02-10_BRK_CHO,2025-02-10,22024,BRK,CHO,97.0,89.0,W,L,93.0,19.0,16.0,14.0,78.0,11.0,17.0,28.0
dl_2025-02-10_LAL_UTA,2025-02-10,22024,Los Angeles Lakers,Utah Jazz,132.0,113.0,W,L,92.0,10.0,11.0,18.0,84.0,11.0,19.0,27.0
dl_2025-02-11_CHI_DET,2025-02-11,22024,Chicago Bulls,Detroit Pistons,92.0,132.0,L,W,100.0,14.0,14.0,19.0,96.0,8.0,14.0,13.0
dl_2025-02-11_IND_NYK,2025-02-11,22024,Indiana Pacers,New York Knicks,115.0,128.0,L,W,89.0,9.0,10.0,26.0,91.0,13.0,14.0,23.0
dl_2025-02-11_PHI_TOR,2025-02-11,22024,Philadelphia 76ers,Toronto Raptors,103.0,106.0,L,W,91.0,14.0,14.0,24.0,82.0,10.0,17.0,23.0
dl_2025-02-11_PHO_MEM,2025-02-11,22024,PHO,Memphis Grizzlies,112.0,119.0,L,W,92.0,7.0,11.0,22.0,100.0,20.0,13.0,27.0
dl_2025-02-12_NYK_ATL,2025-02-12,22024,New York Knicks,Atlanta Hawks,149.0,148.0,W,L,94.0,8.0,17.0,37.0,110.0,19.0,12.0,35.0
dl_2025-02-12_WAS_IND,2025-02-12,22024,Washington Wizards,Indiana Pacers,130.0,134.0,L,W,97.0,7.0,16.0,16.0,107.0,10.0,7.0,20.0
dl_2025-02-12_UTA_LAL,2025-02-12,22024,Utah Jazz,Los Angeles Lakers,131.0,119.0,W,L,86.0,11.0,12.0,33.0,92.0,14.0,14.0,30.0
dl_2025-02-12_TOR_CLE,2025-02-12,22024,Toronto Raptors,Cleveland Cavaliers,108.0,131.0,L,W,91.0,9.0,15.0,21.0,99.0,13.0,13.0,20.0
dl_2025-02-12_ORL_CHO,2025-02-12,22024,Orlando Magic,CHO,102.0,86.0,W,L,90.0,13.0,8.0,19.0,81.0,6.0,12.0,15.0
dl_2025-02-12_OKC_MIA,2025-02-12,22024,Oklahoma City Thunder,Miami Heat,115.0,101.0,W,L,88.0,11.0,13.0,20.0,79.0,10.0,16.0,25.0
dl_2025-02-12_NOP_SAC,2025-02-12,22024,New Orleans Pelicans,Sacramento Kings,111.0,119.0,L,W,94.0,12.0,8.0,18.0,87.0,12.0,11.0,29.0
dl_2025-02-12_BOS_SAS,2025-02-12,22024,Boston Celtics,San Antonio Spurs,116.0,103.0,W,L,91.0,15.0,15.0,21.0,96.0,9.0,8.0,12.0
dl_2025-02-12_LAC_MEM,2025-02-12,22024,Los Angeles Clippers,Memphis Grizzlies,128.0,114.0,W,L,93.0,13.0,15.0,22.0,89.0,9.0,21.0,15.0
dl_2025-02-12_HOU_PHO,2025-02-12,22024,Houston Rockets,PHO,119.0,111.0,W,L,97.0,17.0,11.0,24.0,89.0,11.0,17.0,11.0
dl_2025-02-12_DEN_POR,2025-02-12,22024,Denver Nuggets,Portland Trail Blazers,132.0,121.0,W,L,96.0,12.0,12.0,24.0,94.0,14.0,11.0,29.0
dl_2025-02-12_DAL_GSW,2025-02-12,22024,Dallas Mavericks,Golden State Warriors,111.0,107.0,W,L,87.0,9.0,14.0,15.0,96.0,18.0,15.0,18.0
dl_2025-02-12_CHI_DET,2025-02-12,22024,Chicago Bulls,Detroit Pistons,110.0,128.0,L,W,86.0,10.0,16.0,30.0,88.0,12.0,16.0,35.0
dl_2025-02-12_BRK_PHI,2025-02-12,22024,BRK,Philadelphia 76ers,100.0,96.0,W,L,85.0,16.0,16.0,15.0,81.0,9.0,14.0,22.0
dl_2025-02-12_MIN_MIL,2025-02-12,22024,Minnesota Timberwolves,Milwaukee Bucks,101.0,103.0,L,W,103.0,15.0,13.0,15.0,88.0,6.0,12.0,16.0
dl_2025-02-13_DAL_MIA,2025-02-13,22024,Dallas Mavericks,Miami Heat,118.0,113.0,W,L,90.0,11.0,13.0,16.0,91.0,16.0,13.0,26.0
dl_2025-02-13_HOU_GSW,2025-02-13,22024,Houston Rockets,Golden State Warriors,98.0,105.0,L,W,93.0,15.0,20.0,18.0,89.0,9.0,10.0,27.0
dl_2025-02-13_MIN_OKC,2025-02-13,22024,Minnesota Timberwolves,Oklahoma City Thunder,116.0,101.0,W,L,99.0,20.0,8.0,22.0,88.0,12.0,9.0,24.0
dl_2025-02-13_NOP_SAC,2025-02-13,22024,New Orleans Pelicans,Sacramento Kings,140.0,133.0,W,L,92.0,7.0,10.0,34.0,112.0,21.0,14.0,21.0
dl_2025-02-13_UTA_LAC,2025-02-13,22024,Utah Jazz,Los Angeles Clippers,116.0,120.0,L,W,78.0,9.0,26.0,26.0,94.0,13.0,10.0,36.0
dl_2025-02-19_LAL_CHO,2025-02-19,22024,Los Angeles Lakers,CHO,97.0,100.0,L,W,90.0,12.0,18.0,12.0,91.0,9.0,17.0,17.0
dl_2025-02-20_ATL_ORL,2025-02-20,22024,Atlanta Hawks,Orlando Magic,108.0,114.0,L,W,100.0,16.0,9.0,28.0,85.0,11.0,7.0,38.0
dl_2025-02-20_BRK_CLE,2025-02-20,22024,BRK,Cleveland Cavaliers,97.0,110.0,L,W,95.0,14.0,15.0,19.0,94.0,17.0,16.0,27.0
dl_2025-02-20_DEN_CHO,2025-02-20,22024,Denver Nuggets,CHO,129.0,115.0,W,L,98.0,16.0,13.0,16.0,99.0,14.0,10.0,17.0
dl_2025-02-20_IND_MEM,2025-02-20,22024,Indiana Pacers,Memphis Grizzlies,127.0,113.0,W,L,91.0,9.0,10.0,22.0,99.0,12.0,13.0,22.0
dl_2025-02-20_MIL_LAC,2025-02-20,22024,Milwaukee Bucks,Los Angeles Clippers,116.0,110.0,W,L,80.0,8.0,17.0,27.0,88.0,11.0,11.0,19.0
dl_2025-02-20_NYK_CHI,2025-02-20,22024,New York Knicks,Chicago Bulls,113.0,111.0,W,L,107.0,10.0,11.0,10.0,103.0,11.0,15.0,12.0
dl_2025-02-20_PHI_BOS,2025-02-20,22024,Philadelphia 76ers,Boston Celtics,104.0,124.0,L,W,93.0,10.0,10.0,17.0,89.0,11.0,10.0,15.0
dl_2025-02-20_POR_LAL,2025-02-20,22024,Portland Trail Blazers,Los Angeles Lakers,102.0,110.0,L,W,86.0,6.0,17.0,21.0,82.0,11.0,22.0,25.0
dl_2025-02-20_SAS_PHO,2025-02-20,22024,San Antonio Spurs,PHO,120.0,109.0,W,L,93.0,6.0,9.0,22.0,81.0,5.0,18.0,20.0
dl_2025-02-21_UTA_OKC,2025-02-21,22024,Utah Jazz,Oklahoma City Thunder,107.0,130.0,L,W,90.0,14.0,19.0,18.0,97.0,17.0,12.0,20.0
dl_2025-02-21_TOR_MIA,2025-02-21,22024,Toronto Raptors,Miami Heat,111.0,120.0,L,W,91.0,14.0,13.0,23.0,90.0,8.0,12.0,18.0
dl_2025-02-21_WAS_MIL,2025-02-21,22024,Washington Wizards,Milwaukee Bucks,101.0,104.0,L,W,87.0,8.0,14.0,27.0,82.0,8.0,16.0,26.0
dl_2025-02-21_SAS_DET,2025-02-21,22024,San Antonio Spurs,Detroit Pistons,110.0,125.0,L,W,84.0,8.0,15.0,22.0,94.0,20.0,16.0,22.0
dl_2025-02-21_HOU_MIN,2025-02-21,22024,Houston Rockets,Minnesota Timberwolves,121.0,115.0,W,L,84.0,9.0,20.0,32.0,92.0,7.0,9.0,26.0
dl_2025-02-21_ORL_MEM,2025-02-21,22024,Orlando Magic,Memphis Grizzlies,104.0,105.0,L,W,88.0,13.0,12.0,33.0,92.0,15.0,14.0,29.0
dl_2025-02-21_DAL_NOP,2025-02-21,22024,Dallas Mavericks,New Orleans Pelicans,111.0,103.0,W,L,86.0,8.0,13.0,27.0,92.0,14.0,14.0,25.0
dl_2025-02-21_CLE_NYK,2025-02-21,22024,Cleveland Cavaliers,New York Knicks,142.0,105.0,W,L,92.0,11.0,15.0,15.0,89.0,9.0,16.0,18.0
dl_2025-02-21_SAC_GSW,2025-02-21,22024,Sacramento Kings,Golden State Warriors,108.0,132.0,L,W,79.0,11.0,21.0,18.0,93.0,11.0,12.0,12.0
dl_2025-02-22_CHI_PHO,2025-02-22,22024,Chicago Bulls,PHO,117.0,121.0,L,W,98.0,11.0,9.0,17.0,89.0,8.0,11.0,28.0
dl_2025-02-22_DEN_LAL,2025-02-22,22024,Denver Nuggets,Los Angeles Lakers,100.0,123.0,L,W,85.0,12.0,20.0,21.0,86.0,9.0,8.0,25.0
dl_2025-02-22_PHI_BRK,2025-02-22,22024,Philadelphia 76ers,BRK,103.0,105.0,L,W,85.0,15.0,13.0,24.0,81.0,9.0,16.0,19.0
dl_2025-02-22_POR_CHO,2025-02-22,22024,Portland Trail Blazers,CHO,141.0,88.0,W,L,87.0,11.0,18.0,27.0,98.0,12.0,15.0,21.0
dl_2025-02-22_UTA_HOU,2025-02-22,22024,Utah Jazz,Houston Rockets,124.0,115.0,W,L,98.0,16.0,8.0,27.0,100.0,8.0,7.0,18.0
dl_2025-02-23_TOR_PHO,2025-02-23,22024,Toronto Raptors,PHO,127.0,109.0,W,L,88.0,14.0,14.0,30.0,85.0,4.0,11.0,22.0
dl_2025-02-23_ORL_WAS,2025-02-23,22024,Orlando Magic,Washington Wizards,110.0,90.0,W,L,90.0,14.0,13.0,22.0,78.0,4.0,20.0,22.0
dl_2025-02-23_NOP_SAS,2025-02-23,22024,New Orleans Pelicans,San Antonio Spurs,114.0,96.0,W,L,94.0,17.0,16.0,26.0,97.0,13.0,10.0,25.0
dl_2025-02-23_MIN_OKC,2025-02-23,22024,Minnesota Timberwolves,Oklahoma City Thunder,123.0,130.0,L,W,89.0,15.0,13.0,28.0,86.0,7.0,13.0,20.0
dl_2025-02-23_MIL_MIA,2025-02-23,22024,Milwaukee Bucks,Miami Heat,120.0,113.0,W,L,86.0,8.0,9.0,22.0,88.0,10.0,9.0,26.0
dl_2025-02-23_BOS_NYK,2025-02-23,22024,Boston Celtics,New York Knicks,118.0,105.0,W,L,91.0,12.0,10.0,11.0,92.0,7.0,11.0,11.0
dl_2025-02-23_GSW_DAL,2025-02-23,22024,Golden State Warriors,Dallas Mavericks,126.0,102.0,W,L,98.0,17.0,10.0,23.0,82.0,7.0,18.0,19.0
dl_2025-02-23_CLE_MEM,2025-02-23,22024,Cleveland Cavaliers,Memphis Grizzlies,129.0,123.0,W,L,99.0,22.0,14.0,35.0,92.0,12.0,13.0,31.0
dl_2025-02-23_ATL_DET,2025-02-23,22024,Atlanta Hawks,Detroit Pistons,143.0,148.0,L,W,96.0,10.0,13.0,36.0,93.0,5.0,17.0,25.0
dl_2025-02-23_IND_LAC,2025-02-23,22024,Indiana Pacers,Los Angeles Clippers,129.0,111.0,W,L,84.0,8.0,12.0,27.0,85.0,6.0,10.0,33.0
dl_2025-02-24_SAC_CHO,2025-02-24,22024,Sacramento Kings,CHO,130.0,88.0,W,L,87.0,11.0,18.0,18.0,85.0,15.0,19.0,24.0
dl_2025-02-24_UTA_POR,2025-02-24,22024,Utah Jazz,Portland Trail Blazers,112.0,114.0,L,W,98.0,11.0,15.0,19.0,98.0,16.0,13.0,24.0
dl_2025-02-24_PHI_CHI,2025-02-24,22024,Philadelphia 76ers,Chicago Bulls,110.0,142.0,L,W,95.0,15.0,16.0,29.0,89.0,10.0,13.0,36.0
dl_2025-02-24_WAS_BRK,2025-02-24,22024,Washington Wizards,BRK,107.0,99.0,W,L,70.0,7.0,24.0,25.0,84.0,16.0,15.0,24.0
dl_2025-02-24_IND_DEN,2025-02-24,22024,Indiana Pacers,Denver Nuggets,116.0,125.0,L,W,85.0,8.0,17.0,27.0,94.0,14.0,19.0,14.0
dl_2025-02-24_DET_LAC,2025-02-24,22024,Detroit Pistons,Los Angeles Clippers,106.0,97.0,W,L,79.0,8.0,15.0,36.0,92.0,15.0,17.0,19.0
dl_2025-02-24_ATL_MIA,2025-02-24,22024,Atlanta Hawks,Miami Heat,98.0,86.0,W,L,88.0,13.0,16.0,12.0,84.0,14.0,17.0,27.0
dl_2025-02-24_OKC_MIN,2025-02-24,22024,Oklahoma City Thunder,Minnesota Timberwolves,128.0,131.0,L,W,106.0,16.0,11.0,29.0,97.0,11.0,13.0,39.0
dl_2025-02-25_TOR_BOS,2025-02-25,22024,Toronto Raptors,Boston Celtics,101.0,111.0,L,W,83.0,10.0,16.0,16.0,93.0,12.0,14.0,8.0
dl_2025-02-25_ORL_CLE,2025-02-25,22024,Orlando Magic,Cleveland Cavaliers,82.0,122.0,L,W,90.0,12.0,10.0,14.0,80.0,9.0,11.0,16.0
dl_2025-02-25_NOP_SAS,2025-02-25,22024,New Orleans Pelicans,San Antonio Spurs,109.0,103.0,W,L,94.0,20.0,19.0,25.0,93.0,13.0,20.0,18.0
dl_2025-02-25_GSW_CHO,2025-02-25,22024,Golden State Warriors,CHO,128.0,92.0,W,L,100.0,16.0,11.0,18.0,89.0,18.0,24.0,18.0
dl_2025-02-25_LAL_DAL,2025-02-25,22024,Los Angeles Lakers,Dallas Mavericks,107.0,99.0,W,L,87.0,13.0,14.0,24.0,98.0,14.0,12.0,13.0
dl_2025-02-25_HOU_MIL,2025-02-25,22024,Houston Rockets,Milwaukee Bucks,100.0,97.0,W,L,91.0,16.0,15.0,18.0,85.0,4.0,13.0,23.0
dl_2025-02-25_MEM_PHO,2025-02-25,22024,Memphis Grizzlies,PHO,151.0,148.0,W,L,99.0,7.0,12.0,30.0,99.0,8.0,16.0,26.0
dl_2025-02-26_WAS_POR,2025-02-26,22024,Washington Wizards,Portland Trail Blazers,121.0,129.0,L,W,83.0,7.0,19.0,33.0,101.0,17.0,15.0,35.0
dl_2025-02-26_NYK_PHI,2025-02-26,22024,New York Knicks,Philadelphia 76ers,110.0,105.0,W,L,77.0,7.0,16.0,29.0,88.0,9.0,13.0,20.0
dl_2025-02-26_MIA_ATL,2025-02-26,22024,Miami Heat,Atlanta Hawks,131.0,109.0,W,L,76.0,8.0,14.0,22.0,81.0,9.0,15.0,19.0
dl_2025-02-26_IND_TOR,2025-02-26,22024,Indiana Pacers,Toronto Raptors,111.0,91.0,W,L,81.0,4.0,19.0,16.0,87.0,11.0,18.0,16.0
dl_2025-02-26_UTA_SAC,2025-02-26,22024,Utah Jazz,Sacramento Kings,101.0,118.0,L,W,84.0,7.0,9.0,17.0,87.0,7.0,12.0,12.0
dl_2025-02-26_DET_BOS,2025-02-26,22024,Detroit Pistons,Boston Celtics,117.0,97.0,W,L,89.0,14.0,12.0,17.0,80.0,7.0,17.0,15.0
dl_2025-02-26_CHI_LAC,2025-02-26,22024,Chicago Bulls,Los Angeles Clippers,117.0,122.0,L,W,94.0,15.0,16.0,11.0,85.0,11.0,15.0,17.0
dl_2025-02-26_BRK_OKC,2025-02-26,22024,BRK,Oklahoma City Thunder,121.0,129.0,L,W,93.0,18.0,14.0,25.0,90.0,11.0,11.0,29.0
dl_2025-02-26_HOU_SAS,2025-02-26,22024,Houston Rockets,San Antonio Spurs,118.0,106.0,W,L,102.0,20.0,14.0,14.0,100.0,12.0,8.0,21.0
dl_2025-02-27_DAL_CHO,2025-02-27,22024,Dallas Mavericks,CHO,103.0,96.0,W,L,97.0,10.0,7.0,16.0,98.0,14.0,15.0,13.0
dl_2025-02-27_LAL_MIN,2025-02-27,22024,Los Angeles Lakers,Minnesota Timberwolves,111.0,102.0,W,L,82.0,16.0,12.0,46.0,84.0,10.0,10.0,26.0
dl_2025-02-27_MIL_DEN,2025-02-27,22024,Milwaukee Bucks,Denver Nuggets,121.0,112.0,W,L,90.0,7.0,11.0,28.0,105.0,14.0,13.0,11.0
dl_2025-02-27_ORL_GSW,2025-02-27,22024,Orlando Magic,Golden State Warriors,115.0,121.0,L,W,89.0,15.0,18.0,18.0,79.0,11.0,12.0,34.0
dl_2025-02-27_PHO_NOP,2025-02-27,22024,PHO,New Orleans Pelicans,116.0,124.0,L,W,94.0,14.0,10.0,10.0,104.0,16.0,6.0,12.0
dl_2025-02-28_MEM_NYK,2025-02-28,22024,Memphis Grizzlies,New York Knicks,113.0,114.0,L,W,94.0,19.0,18.0,22.0,95.0,8.0,8.0,16.0
dl_2025-02-28_PHO_NOP,2025-02-28,22024,PHO,New Orleans Pelicans,125.0,108.0,W,L,79.0,5.0,15.0,13.0,87.0,13.0,14.0,15.0
dl_2025-02-28_MIA_IND,2025-02-28,22024,Miami Heat,Indiana Pacers,125.0,120.0,W,L,84.0,12.0,14.0,13.0,88.0,9.0,10.0,8.0
dl_2025-02-28_LAL_LAC,2025-02-28,22024,Los Angeles Lakers,Los Angeles Clippers,106.0,102.0,W,L,80.0,10.0,15.0,22.0,87.0,15.0,17.0,21.0
dl_2025-02-28_UTA_MIN,2025-02-28,22024,Utah Jazz,Minnesota Timberwolves,117.0,116.0,W,L,92.0,15.0,20.0,14.0,101.0,11.0,7.0,14.0
dl_2025-02-28_CHI_TOR,2025-02-28,22024,Chicago Bulls,Toronto Raptors,125.0,115.0,W,L,101.0,10.0,11.0,25.0,103.0,16.0,14.0,20.0
dl_2025-02-28_BRK_POR,2025-02-28,22024,BRK,Portland Trail Blazers,102.0,121.0,L,W,87.0,21.0,21.0,27.0,78.0,9.0,20.0,27.0
dl_2025-02-28_BOS_CLE,2025-02-28,22024,Boston Celtics,Cleveland Cavaliers,116.0,123.0,L,W,89.0,14.0,11.0,17.0,94.0,14.0,7.0,19.0
dl_2025-02-28_ATL_OKC,2025-02-28,22024,Atlanta Hawks,Oklahoma City Thunder,119.0,135.0,L,W,88.0,10.0,19.0,23.0,101.0,9.0,11.0,12.0
dl_2025-02-28_DET_DEN,2025-02-28,22024,Detroit Pistons,Denver Nuggets,119.0,134.0,L,W,99.0,14.0,10.0,23.0,84.0,10.0,19.0,31.0
dl_2025-03-01_CHO_WAS,2025-03-01,22024,CHO,Washington Wizards,100.0,113.0,L,W,93.0,11.0,17.0,6.0,88.0,12.0,15.0,17.0
dl_2025-03-01_DAL_MIL,2025-03-01,22024,Dallas Mavericks,Milwaukee Bucks,117.0,132.0,L,W,91.0,8.0,11.0,25.0,87.0,14.0,13.0,35.0
dl_2025-03-01_DET_BRK,2025-03-01,22024,Detroit Pistons,BRK,115.0,94.0,W,L,72.0,6.0,23.0,29.0,95.0,14.0,12.0,35.0
dl_2025-03-01_HOU_SAC,2025-03-01,22024,Houston Rockets,Sacramento Kings,103.0,113.0,L,W,86.0,13.0,15.0,23.0,87.0,13.0,13.0,21.0
dl_2025-03-01_MEM_SAS,2025-03-01,22024,Memphis Grizzlies,San Antonio Spurs,128.0,130.0,L,W,95.0,12.0,12.0,20.0,96.0,13.0,11.0,22.0
dl_2025-03-01_PHI_GSW,2025-03-01,22024,Philadelphia 76ers,Golden State Warriors,126.0,119.0,W,L,85.0,10.0,14.0,28.0,100.0,18.0,15.0,19.0
dl_2025-03-02_UTA_NOP,2025-03-02,22024,Utah Jazz,New Orleans Pelicans,121.0,128.0,L,W,96.0,9.0,11.0,17.0,102.0,13.0,11.0,13.0
dl_2025-03-02_SAS_OKC,2025-03-02,22024,San Antonio Spurs,Oklahoma City Thunder,132.0,146.0,L,W,91.0,6.0,12.0,16.0,101.0,12.0,7.0,20.0
dl_2025-03-02_PHO_MIN,2025-03-02,22024,PHO,Minnesota Timberwolves,98.0,116.0,L,W,80.0,10.0,20.0,19.0,92.0,5.0,8.0,21.0
dl_2025-03-02_ORL_TOR,2025-03-02,22024,Orlando Magic,Toronto Raptors,102.0,104.0,L,W,67.0,7.0,14.0,42.0,80.0,12.0,14.0,30.0
dl_2025-03-02_MIA_NYK,2025-03-02,22024,Miami Heat,New York Knicks,112.0,116.0,L,W,84.0,3.0,12.0,16.0,95.0,11.0,10.0,15.0
dl_2025-03-02_IND_CHI,2025-03-02,22024,Indiana Pacers,Chicago Bulls,127.0,112.0,W,L,87.0,5.0,10.0,18.0,88.0,12.0,12.0,18.0
dl_2025-03-02_CLE_POR,2025-03-02,22024,Cleveland Cavaliers,Portland Trail Blazers,133.0,129.0,W,L,97.0,13.0,13.0,35.0,96.0,13.0,19.0,35.0
dl_2025-03-02_BOS_DEN,2025-03-02,22024,Boston Celtics,Denver Nuggets,110.0,103.0,W,L,78.0,10.0,14.0,27.0,86.0,8.0,11.0,13.0
dl_2025-03-02_LAL_LAC,2025-03-02,22024,Los Angeles Lakers,Los Angeles Clippers,108.0,102.0,W,L,77.0,11.0,16.0,20.0,88.0,10.0,12.0,17.0
dl_2025-03-03_CHO_GSW,2025-03-03,22024,CHO,Golden State Warriors,101.0,119.0,L,W,86.0,8.0,17.0,33.0,95.0,12.0,8.0,24.0
dl_2025-03-03_DAL_SAC,2025-03-03,22024,Dallas Mavericks,Sacramento Kings,98.0,122.0,L,W,77.0,7.0,13.0,24.0,90.0,9.0,7.0,12.0
dl_2025-03-03_MEM_ATL,2025-03-03,22024,Memphis Grizzlies,Atlanta Hawks,130.0,132.0,L,W,93.0,17.0,19.0,25.0,96.0,14.0,12.0,17.0
dl_2025-03-03_MIA_WAS,2025-03-03,22024,Miami Heat,Washington Wizards,106.0,90.0,W,L,82.0,5.0,11.0,18.0,84.0,7.0,13.0,22.0
dl_2025-03-03_OKC_HOU,2025-03-03,22024,Oklahoma City Thunder,Houston Rockets,137.0,128.0,W,L,97.0,14.0,13.0,27.0,101.0,15.0,16.0,17.0
dl_2025-03-03_PHI_POR,2025-03-03,22024,Philadelphia 76ers,Portland Trail Blazers,102.0,119.0,L,W,95.0,14.0,8.0,13.0,99.0,22.0,10.0,19.0
dl_2025-03-03_UTA_DET,2025-03-03,22024,Utah Jazz,Detroit Pistons,106.0,134.0,L,W,82.0,9.0,27.0,32.0,92.0,8.0,13.0,28.0
dl_2025-03-04_NYK_GSW,2025-03-04,22024,New York Knicks,Golden State Warriors,102.0,114.0,L,W,92.0,14.0,13.0,15.0,88.0,9.0,11.0,19.0
dl_2025-03-04_PHO_LAC,2025-03-04,22024,PHO,Los Angeles Clippers,119.0,117.0,W,L,80.0,7.0,11.0,27.0,83.0,7.0,6.0,27.0
dl_2025-03-04_ORL_TOR,2025-03-04,22024,Orlando Magic,Toronto Raptors,113.0,114.0,L,W,83.0,7.0,14.0,23.0,80.0,13.0,20.0,35.0
dl_2025-03-04_MIN_PHI,2025-03-04,22024,Minnesota Timberwolves,Philadelphia 76ers,126.0,112.0,W,L,81.0,7.0,17.0,17.0,86.0,12.0,13.0,27.0
dl_2025-03-04_SAS_BRK,2025-03-04,22024,San Antonio Spurs,BRK,127.0,113.0,W,L,95.0,13.0,13.0,10.0,86.0,11.0,13.0,21.0
dl_2025-03-04_IND_HOU,2025-03-04,22024,Indiana Pacers,Houston Rockets,115.0,102.0,W,L,86.0,5.0,11.0,10.0,98.0,24.0,14.0,26.0
dl_2025-03-04_ATL_MIL,2025-03-04,22024,Atlanta Hawks,Milwaukee Bucks,121.0,127.0,L,W,101.0,11.0,11.0,17.0,96.0,9.0,14.0,23.0
dl_2025-03-04_LAL_NOP,2025-03-04,22024,Los Angeles Lakers,New Orleans Pelicans,136.0,115.0,W,L,90.0,17.0,14.0,27.0,93.0,10.0,9.0,21.0
dl_2025-03-04_CHI_CLE,2025-03-04,22024,Chicago Bulls,Cleveland Cavaliers,117.0,139.0,L,W,106.0,10.0,7.0,17.0,98.0,11.0,8.0,33.0
dl_2025-03-05_BOS_POR,2025-03-05,22024,Boston Celtics,Portland Trail Blazers,128.0,118.0,W,L,97.0,18.0,9.0,17.0,90.0,8.0,8.0,17.0
dl_2025-03-05_CHO_MIN,2025-03-05,22024,CHO,Minnesota Timberwolves,110.0,125.0,L,W,95.0,20.0,13.0,18.0,90.0,10.0,5.0,22.0
dl_2025-03-05_CLE_MIA,2025-03-05,22024,Cleveland Cavaliers,Miami Heat,112.0,107.0,W,L,87.0,10.0,13.0,22.0,83.0,9.0,13.0,25.0
dl_2025-03-05_DEN_SAC,2025-03-05,22024,Denver Nuggets,Sacramento Kings,116.0,110.0,W,L,87.0,11.0,13.0,30.0,96.0,14.0,12.0,14.0
dl_2025-03-05_LAC_DET,2025-03-05,22024,Los Angeles Clippers,Detroit Pistons,123.0,115.0,W,L,80.0,6.0,9.0,26.0,86.0,5.0,12.0,19.0
dl_2025-03-05_MEM_OKC,2025-03-05,22024,Memphis Grizzlies,Oklahoma City Thunder,103.0,120.0,L,W,91.0,11.0,15.0,22.0,87.0,3.0,11.0,19.0
dl_2025-03-05_MIL_DAL,2025-03-05,22024,Milwaukee Bucks,Dallas Mavericks,137.0,107.0,W,L,89.0,8.0,17.0,19.0,98.0,5.0,10.0,10.0
dl_2025-03-05_WAS_UTA,2025-03-05,22024,Washington Wizards,Utah Jazz,125.0,122.0,W,L,95.0,10.0,9.0,29.0,101.0,17.0,14.0,20.0
dl_2025-03-06_LAL_NYK,2025-03-06,22024,Los Angeles Lakers,New York Knicks,113.0,109.0,W,L,89.0,12.0,16.0,28.0,94.0,14.0,13.0,32.0
dl_2025-03-06_ORL_CHI,2025-03-06,22024,Orlando Magic,Chicago Bulls,123.0,125.0,L,W,87.0,9.0,12.0,40.0,86.0,13.0,18.0,30.0
dl_2025-03-06_NOP_HOU,2025-03-06,22024,New Orleans Pelicans,Houston Rockets,97.0,109.0,L,W,83.0,15.0,15.0,33.0,81.0,9.0,19.0,18.0
dl_2025-03-06_BRK_GSW,2025-03-06,22024,BRK,Golden State Warriors,119.0,121.0,L,W,87.0,8.0,11.0,18.0,82.0,15.0,16.0,32.0
dl_2025-03-06_BOS_PHI,2025-03-06,22024,Boston Celtics,Philadelphia 76ers,123.0,105.0,W,L,91.0,16.0,10.0,13.0,95.0,18.0,15.0,12.0
dl_2025-03-06_ATL_IND,2025-03-06,22024,Atlanta Hawks,Indiana Pacers,124.0,118.0,W,L,94.0,11.0,8.0,18.0,91.0,10.0,11.0,17.0
dl_2025-03-07_CHO_CLE,2025-03-07,22024,CHO,Cleveland Cavaliers,117.0,118.0,L,W,92.0,10.0,12.0,21.0,76.0,9.0,13.0,51.0
dl_2025-03-07_DAL_MEM,2025-03-07,22024,Dallas Mavericks,Memphis Grizzlies,111.0,122.0,L,W,96.0,11.0,12.0,24.0,106.0,17.0,11.0,16.0
dl_2025-03-07_DEN_PHO,2025-03-07,22024,Denver Nuggets,PHO,149.0,141.0,W,L,97.0,8.0,9.0,18.0,91.0,7.0,11.0,29.0
dl_2025-03-07_LAC_NYK,2025-03-07,22024,Los Angeles Clippers,New York Knicks,105.0,95.0,W,L,88.0,9.0,12.0,19.0,91.0,14.0,15.0,18.0
dl_2025-03-07_MIA_MIN,2025-03-07,22024,Miami Heat,Minnesota Timberwolves,104.0,106.0,L,W,89.0,7.0,9.0,11.0,81.0,7.0,13.0,14.0
dl_2025-03-07_OKC_POR,2025-03-07,22024,Oklahoma City Thunder,Portland Trail Blazers,107.0,89.0,W,L,84.0,4.0,11.0,17.0,95.0,14.0,17.0,18.0
dl_2025-03-07_SAC_SAS,2025-03-07,22024,Sacramento Kings,San Antonio Spurs,127.0,109.0,W,L,96.0,16.0,8.0,19.0,87.0,9.0,7.0,23.0
dl_2025-03-07_TOR_UTA,2025-03-07,22024,Toronto Raptors,Utah Jazz,118.0,109.0,W,L,104.0,22.0,8.0,28.0,84.0,19.0,24.0,39.0
dl_2025-03-08_MIL_ORL,2025-03-08,22024,Milwaukee Bucks,Orlando Magic,109.0,111.0,L,W,75.0,4.0,12.0,23.0,82.0,5.0,10.0,19.0
dl_2025-03-08_MIA_CHI,2025-03-08,22024,Miami Heat,Chicago Bulls,109.0,114.0,L,W,97.0,7.0,9.0,19.0,88.0,5.0,10.0,26.0
dl_2025-03-08_TOR_WAS,2025-03-08,22024,Toronto Raptors,Washington Wizards,117.0,118.0,L,W,95.0,22.0,15.0,30.0,100.0,22.0,15.0,23.0
dl_2025-03-08_HOU_NOP,2025-03-08,22024,Houston Rockets,New Orleans Pelicans,146.0,117.0,W,L,99.0,15.0,10.0,21.0,99.0,18.0,13.0,16.0
dl_2025-03-08_CHO_BRK,2025-03-08,22024,CHO,BRK,105.0,102.0,W,L,98.0,22.0,10.0,16.0,82.0,8.0,11.0,15.0
dl_2025-03-08_BOS_LAL,2025-03-08,22024,Boston Celtics,Los Angeles Lakers,111.0,101.0,W,L,84.0,11.0,9.0,25.0,87.0,9.0,12.0,14.0
dl_2025-03-08_ATL_IND,2025-03-08,22024,Atlanta Hawks,Indiana Pacers,120.0,118.0,W,L,97.0,16.0,16.0,21.0,94.0,15.0,15.0,30.0
dl_2025-03-08_GSW_DET,2025-03-08,22024,Golden State Warriors,Detroit Pistons,115.0,110.0,W,L,84.0,11.0,17.0,41.0,85.0,13.0,20.0,36.0
dl_2025-03-09_POR_DET,2025-03-09,22024,Portland Trail Blazers,Detroit Pistons,112.0,119.0,L,W,93.0,10.0,12.0,32.0,87.0,12.0,13.0,32.0
dl_2025-03-09_PHI_UTA,2025-03-09,22024,Philadelphia 76ers,Utah Jazz,126.0,122.0,W,L,96.0,14.0,17.0,25.0,93.0,10.0,17.0,31.0
dl_2025-03-09_OKC_DEN,2025-03-09,22024,Oklahoma City Thunder,Denver Nuggets,127.0,103.0,W,L,94.0,10.0,5.0,25.0,97.0,14.0,7.0,20.0
dl_2025-03-09_NOP_MEM,2025-03-09,22024,New Orleans Pelicans,Memphis Grizzlies,104.0,107.0,L,W,85.0,10.0,14.0,27.0,99.0,23.0,12.0,19.0
dl_2025-03-09_MIL_CLE,2025-03-09,22024,Milwaukee Bucks,Cleveland Cavaliers,100.0,112.0,L,W,91.0,15.0,18.0,18.0,88.0,13.0,15.0,19.0
dl_2025-03-09_LAC_SAC,2025-03-09,22024,Los Angeles Clippers,Sacramento Kings,111.0,110.0,W,L,81.0,3.0,9.0,25.0,87.0,8.0,8.0,25.0
dl_2025-03-09_DAL_PHO,2025-03-09,22024,Dallas Mavericks,PHO,116.0,125.0,L,W,88.0,5.0,6.0,16.0,84.0,6.0,11.0,18.0
dl_2025-03-09_MIN_SAS,2025-03-09,22024,Minnesota Timberwolves,San Antonio Spurs,141.0,124.0,W,L,95.0,14.0,12.0,15.0,85.0,11.0,12.0,24.0
dl_2025-03-10_MIA_CHO,2025-03-10,22024,Miami Heat,CHO,102.0,105.0,L,W,85.0,11.0,16.0,20.0,86.0,9.0,10.0,23.0
dl_2025-03-10_SAS_DAL,2025-03-10,22024,San Antonio Spurs,Dallas Mavericks,129.0,133.0,L,W,94.0,12.0,9.0,24.0,88.0,10.0,10.0,30.0
dl_2025-03-10_SAC_NYK,2025-03-10,22024,Sacramento Kings,New York Knicks,104.0,133.0,L,W,86.0,14.0,16.0,26.0,84.0,6.0,15.0,26.0
dl_2025-03-10_OKC_DEN,2025-03-10,22024,Oklahoma City Thunder,Denver Nuggets,127.0,140.0,L,W,100.0,13.0,10.0,16.0,86.0,9.0,12.0,20.0
dl_2025-03-10_TOR_WAS,2025-03-10,22024,Toronto Raptors,Washington Wizards,119.0,104.0,W,L,109.0,28.0,8.0,29.0,105.0,16.0,8.0,15.0
dl_2025-03-10_MEM_PHO,2025-03-10,22024,Memphis Grizzlies,PHO,120.0,118.0,W,L,86.0,11.0,13.0,27.0,90.0,15.0,16.0,22.0
dl_2025-03-10_CHI_IND,2025-03-10,22024,Chicago Bulls,Indiana Pacers,121.0,103.0,W,L,98.0,10.0,18.0,14.0,101.0,8.0,9.0,19.0
dl_2025-03-10_GSW_POR,2025-03-10,22024,Golden State Warriors,Portland Trail Blazers,130.0,120.0,W,L,85.0,12.0,17.0,21.0,91.0,15.0,19.0,17.0
dl_2025-03-10_BRK_LAL,2025-03-10,22024,BRK,Los Angeles Lakers,111.0,108.0,W,L,90.0,16.0,7.0,30.0,85.0,8.0,15.0,19.0
dl_2025-03-10_BOS_UTA,2025-03-10,22024,Boston Celtics,Utah Jazz,114.0,108.0,W,L,93.0,12.0,9.0,18.0,95.0,14.0,12.0,12.0
dl_2025-03-10_ATL_PHI,2025-03-10,22024,Atlanta Hawks,Philadelphia 76ers,132.0,123.0,W,L,98.0,14.0,15.0,14.0,91.0,6.0,10.0,20.0
dl_2025-03-10_HOU_ORL,2025-03-10,22024,Houston Rockets,Orlando Magic,97.0,84.0,W,L,89.0,20.0,19.0,18.0,86.0,13.0,8.0,24.0
dl_2025-03-11_CLE_BRK,2025-03-11,22024,Cleveland Cavaliers,BRK,109.0,104.0,W,L,89.0,12.0,14.0,25.0,84.0,8.0,12.0,14.0
dl_2025-03-11_DET_WAS,2025-03-11,22024,Detroit Pistons,Washington Wizards,123.0,103.0,W,L,104.0,18.0,12.0,15.0,92.0,12.0,13.0,20.0
dl_2025-03-11_IND_MIL,2025-03-11,22024,Indiana Pacers,Milwaukee Bucks,115.0,114.0,W,L,87.0,5.0,9.0,18.0,84.0,6.0,15.0,19.0
dl_2025-03-11_NOP_LAC,2025-03-11,22024,New Orleans Pelicans,Los Angeles Clippers,127.0,120.0,W,L,85.0,12.0,19.0,18.0,92.0,11.0,11.0,18.0
dl_2025-03-12_TOR_PHI,2025-03-12,22024,Toronto Raptors,Philadelphia 76ers,118.0,105.0,W,L,100.0,17.0,20.0,18.0,96.0,10.0,9.0,22.0
dl_2025-03-12_SAS_DAL,2025-03-12,22024,San Antonio Spurs,Dallas Mavericks,126.0,116.0,W,L,94.0,13.0,16.0,16.0,81.0,3.0,17.0,17.0
dl_2025-03-12_POR_NYK,2025-03-12,22024,Portland Trail Blazers,New York Knicks,113.0,114.0,L,W,90.0,21.0,23.0,25.0,94.0,11.0,15.0,20.0
dl_2025-03-12_MEM_UTA,2025-03-12,22024,Memphis Grizzlies,Utah Jazz,122.0,115.0,W,L,94.0,5.0,9.0,21.0,90.0,17.0,23.0,28.0
dl_2025-03-12_MIA_LAC,2025-03-12,22024,Miami Heat,Los Angeles Clippers,104.0,119.0,L,W,84.0,9.0,10.0,14.0,76.0,11.0,16.0,24.0
dl_2025-03-12_DEN_MIN,2025-03-12,22024,Denver Nuggets,Minnesota Timberwolves,95.0,115.0,L,W,89.0,12.0,10.0,22.0,90.0,12.0,15.0,16.0
dl_2025-03-12_BOS_OKC,2025-03-12,22024,Boston Celtics,Oklahoma City Thunder,112.0,118.0,L,W,94.0,15.0,13.0,12.0,82.0,11.0,12.0,35.0
dl_2025-03-12_ATL_CHO,2025-03-12,22024,Atlanta Hawks,CHO,123.0,110.0,W,L,88.0,13.0,13.0,39.0,88.0,10.0,21.0,18.0
dl_2025-03-12_HOU_PHO,2025-03-12,22024,Houston Rockets,PHO,111.0,104.0,W,L,88.0,11.0,9.0,25.0,73.0,5.0,16.0,20.0
dl_2025-03-13_CHI_BRK,2025-03-13,22024,Chicago Bulls,BRK,116.0,110.0,W,L,90.0,13.0,8.0,26.0,96.0,15.0,9.0,18.0
dl_2025-03-13_DET_WAS,2025-03-13,22024,Detroit Pistons,Washington Wizards,125.0,129.0,L,W,85.0,9.0,12.0,43.0,90.0,10.0,15.0,27.0
dl_2025-03-13_GSW_SAC,2025-03-13,22024,Golden State Warriors,Sacramento Kings,130.0,104.0,W,L,78.0,7.0,14.0,24.0,79.0,5.0,14.0,22.0
dl_2025-03-13_MIL_LAL,2025-03-13,22024,Milwaukee Bucks,Los Angeles Lakers,126.0,106.0,W,L,86.0,7.0,11.0,33.0,87.0,5.0,13.0,18.0
dl_2025-03-13_NOP_ORL,2025-03-13,22024,New Orleans Pelicans,Orlando Magic,93.0,113.0,L,W,79.0,11.0,13.0,21.0,83.0,8.0,8.0,18.0
dl_2025-03-14_UTA_TOR,2025-03-14,22024,Utah Jazz,Toronto Raptors,118.0,126.0,L,W,89.0,6.0,16.0,31.0,91.0,10.0,15.0,35.0
dl_2025-03-14_SAS_CHO,2025-03-14,22024,San Antonio Spurs,CHO,134.0,145.0,L,W,95.0,17.0,13.0,22.0,85.0,8.0,18.0,19.0
dl_2025-03-14_PHO_SAC,2025-03-14,22024,PHO,Sacramento Kings,122.0,106.0,W,L,79.0,7.0,11.0,19.0,81.0,12.0,19.0,20.0
dl_2025-03-14_PHI_IND,2025-03-14,22024,Philadelphia 76ers,Indiana Pacers,100.0,112.0,L,W,82.0,11.0,14.0,22.0,89.0,12.0,10.0,18.0
dl_2025-03-14_MIN_ORL,2025-03-14,22024,Minnesota Timberwolves,Orlando Magic,118.0,111.0,W,L,80.0,6.0,15.0,28.0,89.0,6.0,11.0,22.0
dl_2025-03-14_DEN_LAL,2025-03-14,22024,Denver Nuggets,Los Angeles Lakers,131.0,126.0,W,L,85.0,9.0,12.0,38.0,105.0,19.0,8.0,16.0
dl_2025-03-14_MEM_CLE,2025-03-14,22024,Memphis Grizzlies,Cleveland Cavaliers,124.0,133.0,L,W,97.0,10.0,14.0,21.0,88.0,8.0,15.0,33.0
dl_2025-03-14_HOU_DAL,2025-03-14,22024,Houston Rockets,Dallas Mavericks,133.0,96.0,W,L,105.0,17.0,10.0,12.0,94.0,6.0,7.0,12.0
dl_2025-03-14_ATL_LAC,2025-03-14,22024,Atlanta Hawks,Los Angeles Clippers,98.0,121.0,L,W,88.0,13.0,18.0,17.0,86.0,7.0,13.0,20.0
dl_2025-03-14_MIA_BOS,2025-03-14,22024,Miami Heat,Boston Celtics,91.0,103.0,L,W,75.0,7.0,17.0,17.0,83.0,9.0,14.0,13.0
dl_2025-03-15_MEM_MIA,2025-03-15,22024,Memphis Grizzlies,Miami Heat,125.0,91.0,W,L,92.0,11.0,10.0,12.0,88.0,10.0,14.0,15.0
dl_2025-03-15_MIL_IND,2025-03-15,22024,Milwaukee Bucks,Indiana Pacers,126.0,119.0,W,L,79.0,7.0,15.0,26.0,96.0,10.0,11.0,13.0
dl_2025-03-15_HOU_CHI,2025-03-15,22024,Houston Rockets,Chicago Bulls,117.0,114.0,W,L,98.0,16.0,11.0,26.0,93.0,5.0,10.0,16.0
dl_2025-03-15_SAS_NOP,2025-03-15,22024,San Antonio Spurs,New Orleans Pelicans,119.0,115.0,W,L,84.0,8.0,10.0,33.0,92.0,12.0,15.0,11.0
dl_2025-03-15_DET_OKC,2025-03-15,22024,Detroit Pistons,Oklahoma City Thunder,107.0,113.0,L,W,88.0,6.0,17.0,13.0,89.0,10.0,17.0,22.0
dl_2025-03-15_DEN_WAS,2025-03-15,22024,Denver Nuggets,Washington Wizards,123.0,126.0,L,W,95.0,10.0,17.0,17.0,95.0,13.0,17.0,17.0
dl_2025-03-15_BRK_BOS,2025-03-15,22024,BRK,Boston Celtics,113.0,115.0,L,W,90.0,18.0,9.0,13.0,84.0,13.0,7.0,19.0
dl_2025-03-15_GSW_NYK,2025-03-15,22024,Golden State Warriors,New York Knicks,97.0,94.0,W,L,83.0,10.0,9.0,22.0,86.0,13.0,13.0,13.0
dl_2025-03-16_POR_TOR,2025-03-16,22024,Portland Trail Blazers,Toronto Raptors,105.0,102.0,W,L,88.0,19.0,20.0,18.0,94.0,19.0,18.0,20.0
dl_2025-03-16_MIN_UTA,2025-03-16,22024,Minnesota Timberwolves,Utah Jazz,128.0,102.0,W,L,97.0,16.0,9.0,26.0,90.0,10.0,22.0,15.0
dl_2025-03-16_MIL_OKC,2025-03-16,22024,Milwaukee Bucks,Oklahoma City Thunder,105.0,121.0,L,W,83.0,9.0,9.0,33.0,89.0,8.0,9.0,25.0
dl_2025-03-16_LAL_PHO,2025-03-16,22024,Los Angeles Lakers,PHO,107.0,96.0,W,L,81.0,7.0,8.0,32.0,89.0,14.0,14.0,21.0
dl_2025-03-16_DAL_PHI,2025-03-16,22024,Dallas Mavericks,Philadelphia 76ers,125.0,130.0,L,W,87.0,10.0,15.0,30.0,92.0,9.0,11.0,24.0
dl_2025-03-16_CLE_ORL,2025-03-16,22024,Cleveland Cavaliers,Orlando Magic,103.0,108.0,L,W,96.0,16.0,13.0,20.0,81.0,13.0,15.0,34.0
dl_2025-03-16_BRK_ATL,2025-03-16,22024,BRK,Atlanta Hawks,122.0,114.0,W,L,90.0,12.0,15.0,23.0,90.0,10.0,14.0,24.0
dl_2025-03-16_LAC_CHO,2025-03-16,22024,Los Angeles Clippers,CHO,123.0,88.0,W,L,93.0,17.0,10.0,23.0,94.0,11.0,11.0,9.0
dl_2025-03-17_UTA_CHI,2025-03-17,22024,Utah Jazz,Chicago Bulls,97.0,111.0,L,W,86.0,4.0,17.0,22.0,97.0,9.0,9.0,16.0
dl_2025-03-17_SAC_MEM,2025-03-17,22024,Sacramento Kings,Memphis Grizzlies,132.0,122.0,W,L,88.0,10.0,12.0,30.0,90.0,15.0,17.0,21.0
dl_2025-03-17_POR_WAS,2025-03-17,22024,Portland Trail Blazers,Washington Wizards,112.0,97.0,W,L,99.0,14.0,8.0,19.0,92.0,11.0,16.0,12.0
dl_2025-03-17_PHO_TOR,2025-03-17,22024,PHO,Toronto Raptors,129.0,89.0,W,L,92.0,12.0,10.0,15.0,87.0,12.0,11.0,23.0
dl_2025-03-17_NYK_MIA,2025-03-17,22024,New York Knicks,Miami Heat,116.0,95.0,W,L,95.0,13.0,13.0,6.0,82.0,9.0,20.0,12.0
dl_2025-03-17_MIN_IND,2025-03-17,22024,Minnesota Timberwolves,Indiana Pacers,130.0,132.0,L,W,97.0,9.0,14.0,36.0,97.0,14.0,20.0,23.0
dl_2025-03-17_LAL_SAS,2025-03-17,22024,Los Angeles Lakers,San Antonio Spurs,125.0,109.0,W,L,90.0,8.0,9.0,24.0,88.0,9.0,17.0,14.0
dl_2025-03-17_HOU_PHI,2025-03-17,22024,Houston Rockets,Philadelphia 76ers,144.0,137.0,W,L,107.0,23.0,15.0,24.0,95.0,8.0,16.0,25.0
dl_2025-03-17_GSW_DEN,2025-03-17,22024,Golden State Warriors,Denver Nuggets,105.0,114.0,L,W,84.0,11.0,20.0,27.0,92.0,19.0,20.0,18.0
dl_2025-03-17_NOP_DET,2025-03-17,22024,New Orleans Pelicans,Detroit Pistons,81.0,127.0,L,W,86.0,13.0,16.0,30.0,84.0,11.0,13.0,29.0
dl_2025-03-18_BOS_BRK,2025-03-18,22024,Boston Celtics,BRK,104.0,96.0,W,L,79.0,6.0,13.0,22.0,88.0,8.0,8.0,17.0
dl_2025-03-18_CHO_ATL,2025-03-18,22024,CHO,Atlanta Hawks,102.0,134.0,L,W,84.0,10.0,17.0,21.0,93.0,11.0,10.0,15.0
dl_2025-03-18_GSW_MIL,2025-03-18,22024,Golden State Warriors,Milwaukee Bucks,104.0,93.0,W,L,77.0,9.0,18.0,26.0,79.0,4.0,9.0,27.0
dl_2025-03-18_LAC_CLE,2025-03-18,22024,Los Angeles Clippers,Cleveland Cavaliers,132.0,119.0,W,L,84.0,14.0,12.0,28.0,90.0,10.0,8.0,26.0
dl_2025-03-19_PHO_CHI,2025-03-19,22024,PHO,Chicago Bulls,127.0,121.0,W,L,96.0,13.0,11.0,20.0,90.0,8.0,13.0,12.0
dl_2025-03-19_UTA_WAS,2025-03-19,22024,Utah Jazz,Washington Wizards,128.0,112.0,W,L,89.0,9.0,16.0,18.0,93.0,13.0,13.0,18.0
dl_2025-03-19_SAC_CLE,2025-03-19,22024,Sacramento Kings,Cleveland Cavaliers,123.0,119.0,W,L,91.0,14.0,11.0,16.0,84.0,8.0,12.0,18.0
dl_2025-03-19_POR_MEM,2025-03-19,22024,Portland Trail Blazers,Memphis Grizzlies,115.0,99.0,W,L,96.0,22.0,17.0,21.0,92.0,10.0,10.0,21.0
dl_2025-03-19_ORL_HOU,2025-03-19,22024,Orlando Magic,Houston Rockets,108.0,116.0,L,W,92.0,14.0,12.0,20.0,81.0,12.0,15.0,32.0
dl_2025-03-19_SAS_NYK,2025-03-19,22024,San Antonio Spurs,New York Knicks,120.0,105.0,W,L,90.0,15.0,13.0,20.0,92.0,17.0,10.0,21.0
dl_2025-03-19_MIN_NOP,2025-03-19,22024,Minnesota Timberwolves,New Orleans Pelicans,115.0,119.0,L,W,77.0,9.0,14.0,36.0,89.0,11.0,13.0,22.0
dl_2025-03-19_MIA_DET,2025-03-19,22024,Miami Heat,Detroit Pistons,113.0,116.0,L,W,90.0,11.0,13.0,18.0,91.0,13.0,12.0,18.0
dl_2025-03-19_LAL_DEN,2025-03-19,22024,Los Angeles Lakers,Denver Nuggets,120.0,108.0,W,L,83.0,8.0,13.0,28.0,87.0,12.0,18.0,21.0
dl_2025-03-19_IND_DAL,2025-03-19,22024,Indiana Pacers,Dallas Mavericks,135.0,131.0,W,L,82.0,6.0,11.0,37.0,88.0,7.0,12.0,32.0
dl_2025-03-19_OKC_PHI,2025-03-19,22024,Oklahoma City Thunder,Philadelphia 76ers,133.0,100.0,W,L,90.0,11.0,12.0,20.0,95.0,12.0,12.0,16.0
dl_2025-03-20_CHO_NYK,2025-03-20,22024,CHO,New York Knicks,115.0,98.0,W,L,88.0,11.0,11.0,17.0,90.0,9.0,7.0,20.0
dl_2025-03-20_GSW_TOR,2025-03-20,22024,Golden State Warriors,Toronto Raptors,117.0,114.0,W,L,90.0,11.0,14.0,28.0,78.0,7.0,23.0,19.0
dl_2025-03-20_IND_BRK,2025-03-20,22024,Indiana Pacers,BRK,105.0,99.0,W,L,81.0,10.0,22.0,31.0,101.0,14.0,16.0,18.0
dl_2025-03-20_LAL_MIL,2025-03-20,22024,Los Angeles Lakers,Milwaukee Bucks,89.0,118.0,L,W,82.0,14.0,19.0,16.0,84.0,10.0,9.0,34.0
dl_2025-03-20_SAC_CHI,2025-03-20,22024,Sacramento Kings,Chicago Bulls,116.0,128.0,L,W,86.0,9.0,11.0,23.0,86.0,12.0,12.0,26.0
dl_2025-03-21_WAS_ORL,2025-03-21,22024,Washington Wizards,Orlando Magic,105.0,120.0,L,W,87.0,8.0,14.0,19.0,96.0,13.0,12.0,13.0
dl_2025-03-21_UTA_BOS,2025-03-21,22024,Utah Jazz,Boston Celtics,99.0,121.0,L,W,84.0,9.0,17.0,12.0,97.0,16.0,10.0,16.0
dl_2025-03-21_SAS_PHI,2025-03-21,22024,San Antonio Spurs,Philadelphia 76ers,128.0,120.0,W,L,89.0,9.0,14.0,18.0,81.0,5.0,16.0,20.0
dl_2025-03-21_POR_DEN,2025-03-21,22024,Portland Trail Blazers,Denver Nuggets,128.0,109.0,W,L,87.0,15.0,17.0,25.0,76.0,11.0,20.0,28.0
dl_2025-03-21_PHO_CLE,2025-03-21,22024,PHO,Cleveland Cavaliers,123.0,112.0,W,L,92.0,12.0,13.0,8.0,94.0,16.0,11.0,14.0
dl_2025-03-21_MIN_NOP,2025-03-21,22024,Minnesota Timberwolves,New Orleans Pelicans,134.0,93.0,W,L,89.0,10.0,13.0,20.0,68.0,7.0,25.0,22.0
dl_2025-03-21_MIA_HOU,2025-03-21,22024,Miami Heat,Houston Rockets,98.0,102.0,L,W,73.0,5.0,20.0,14.0,84.0,15.0,15.0,21.0
dl_2025-03-21_LAC_MEM,2025-03-21,22024,Los Angeles Clippers,Memphis Grizzlies,128.0,108.0,W,L,78.0,2.0,13.0,26.0,95.0,10.0,10.0,13.0
dl_2025-03-21_DAL_DET,2025-03-21,22024,Dallas Mavericks,Detroit Pistons,123.0,117.0,W,L,80.0,10.0,20.0,36.0,98.0,15.0,14.0,19.0
dl_2025-03-21_OKC_CHO,2025-03-21,22024,Oklahoma City Thunder,CHO,141.0,106.0,W,L,94.0,10.0,7.0,17.0,80.0,6.0,16.0,13.0
dl_2025-03-22_ATL_GSW,2025-03-22,22024,Atlanta Hawks,Golden State Warriors,124.0,115.0,W,L,86.0,10.0,14.0,18.0,84.0,6.0,9.0,26.0
dl_2025-03-22_IND_BRK,2025-03-22,22024,Indiana Pacers,BRK,108.0,103.0,W,L,84.0,6.0,13.0,21.0,90.0,11.0,14.0,17.0
dl_2025-03-22_LAL_CHI,2025-03-22,22024,Los Angeles Lakers,Chicago Bulls,115.0,146.0,L,W,85.0,9.0,21.0,22.0,96.0,10.0,10.0,20.0
dl_2025-03-22_NYK_WAS,2025-03-22,22024,New York Knicks,Washington Wizards,122.0,103.0,W,L,91.0,14.0,14.0,27.0,88.0,10.0,20.0,19.0
dl_2025-03-22_SAC_MIL,2025-03-22,22024,Sacramento Kings,Milwaukee Bucks,108.0,114.0,L,W,91.0,14.0,8.0,22.0,84.0,11.0,9.0,20.0
dl_2025-03-23_POR_BOS,2025-03-23,22024,Portland Trail Blazers,Boston Celtics,116.0,129.0,L,W,88.0,11.0,12.0,16.0,88.0,11.0,9.0,14.0
dl_2025-03-23_UTA_CLE,2025-03-23,22024,Utah Jazz,Cleveland Cavaliers,91.0,120.0,L,W,89.0,13.0,18.0,18.0,96.0,14.0,6.0,31.0
dl_2025-03-23_MIA_CHO,2025-03-23,22024,Miami Heat,CHO,122.0,105.0,W,L,82.0,7.0,10.0,20.0,87.0,12.0,19.0,13.0
dl_2025-03-23_TOR_SAS,2025-03-23,22024,Toronto Raptors,San Antonio Spurs,89.0,123.0,L,W,92.0,16.0,21.0,13.0,86.0,13.0,14.0,32.0
dl_2025-03-23_HOU_DEN,2025-03-23,22024,Houston Rockets,Denver Nuggets,111.0,116.0,L,W,89.0,16.0,6.0,34.0,87.0,10.0,9.0,26.0
dl_2025-03-23_DET_NOP,2025-03-23,22024,Detroit Pistons,New Orleans Pelicans,136.0,130.0,W,L,86.0,11.0,6.0,40.0,85.0,10.0,17.0,16.0
dl_2025-03-23_ATL_PHI,2025-03-23,22024,Atlanta Hawks,Philadelphia 76ers,132.0,119.0,W,L,87.0,10.0,16.0,22.0,91.0,13.0,13.0,37.0
dl_2025-03-23_LAC_OKC,2025-03-23,22024,Los Angeles Clippers,Oklahoma City Thunder,101.0,103.0,L,W,82.0,11.0,14.0,28.0,92.0,10.0,9.0,20.0
dl_2025-03-24_BRK_DAL,2025-03-24,22024,BRK,Dallas Mavericks,101.0,120.0,L,W,78.0,9.0,18.0,14.0,87.0,11.0,10.0,16.0
dl_2025-03-24_DEN_CHI,2025-03-24,22024,Denver Nuggets,Chicago Bulls,119.0,129.0,L,W,97.0,17.0,12.0,24.0,91.0,12.0,10.0,26.0
dl_2025-03-24_IND_MIN,2025-03-24,22024,Indiana Pacers,Minnesota Timberwolves,119.0,103.0,W,L,94.0,9.0,11.0,14.0,91.0,9.0,17.0,10.0
dl_2025-03-24_NOP_PHI,2025-03-24,22024,New Orleans Pelicans,Philadelphia 76ers,112.0,99.0,W,L,87.0,13.0,16.0,13.0,87.0,12.0,11.0,19.0
dl_2025-03-24_ORL_LAL,2025-03-24,22024,Orlando Magic,Los Angeles Lakers,118.0,106.0,W,L,85.0,12.0,8.0,23.0,80.0,11.0,10.0,28.0
dl_2025-03-24_PHO_MIL,2025-03-24,22024,PHO,Milwaukee Bucks,108.0,106.0,W,L,82.0,14.0,16.0,18.0,83.0,9.0,7.0,29.0
dl_2025-03-24_SAC_BOS,2025-03-24,22024,Sacramento Kings,Boston Celtics,95.0,113.0,L,W,86.0,8.0,14.0,11.0,90.0,10.0,10.0,20.0
dl_2025-03-24_WAS_TOR,2025-03-24,22024,Washington Wizards,Toronto Raptors,104.0,112.0,L,W,87.0,9.0,17.0,34.0,101.0,17.0,12.0,27.0
dl_2025-03-25_UTA_MEM,2025-03-25,22024,Utah Jazz,Memphis Grizzlies,103.0,140.0,L,W,78.0,4.0,13.0,22.0,98.0,17.0,8.0,18.0
dl_2025-03-25_SAC_OKC,2025-03-25,22024,Sacramento Kings,Oklahoma City Thunder,105.0,121.0,L,W,91.0,5.0,11.0,12.0,82.0,6.0,15.0,20.0
dl_2025-03-25_POR_CLE,2025-03-25,22024,Portland Trail Blazers,Cleveland Cavaliers,111.0,122.0,L,W,100.0,19.0,9.0,22.0,88.0,9.0,11.0,17.0
dl_2025-03-25_NYK_DAL,2025-03-25,22024,New York Knicks,Dallas Mavericks,128.0,113.0,W,L,89.0,5.0,14.0,18.0,80.0,5.0,16.0,25.0
dl_2025-03-25_HOU_ATL,2025-03-25,22024,Houston Rockets,Atlanta Hawks,121.0,114.0,W,L,93.0,14.0,13.0,29.0,103.0,18.0,14.0,15.0
dl_2025-03-25_DET_SAS,2025-03-25,22024,Detroit Pistons,San Antonio Spurs,122.0,96.0,W,L,78.0,6.0,10.0,25.0,91.0,16.0,10.0,20.0
dl_2025-03-25_CHO_ORL,2025-03-25,22024,CHO,Orlando Magic,104.0,111.0,L,W,88.0,8.0,11.0,21.0,90.0,13.0,8.0,19.0
dl_2025-03-25_MIA_GSW,2025-03-25,22024,Miami Heat,Golden State Warriors,112.0,86.0,W,L,77.0,8.0,15.0,12.0,83.0,14.0,12.0,16.0
dl_2025-03-26_PHO_BOS,2025-03-26,22024,PHO,Boston Celtics,102.0,132.0,L,W,87.0,11.0,13.0,21.0,89.0,11.0,10.0,22.0
dl_2025-03-26_NYK_LAC,2025-03-26,22024,New York Knicks,Los Angeles Clippers,113.0,126.0,L,W,84.0,7.0,9.0,22.0,88.0,13.0,5.0,24.0
dl_2025-03-26_PHI_WAS,2025-03-26,22024,Philadelphia 76ers,Washington Wizards,114.0,119.0,L,W,98.0,13.0,4.0,20.0,95.0,13.0,10.0,12.0
dl_2025-03-26_DEN_MIL,2025-03-26,22024,Denver Nuggets,Milwaukee Bucks,127.0,117.0,W,L,90.0,8.0,9.0,22.0,89.0,8.0,11.0,13.0
dl_2025-03-26_BRK_TOR,2025-03-26,22024,BRK,Toronto Raptors,86.0,116.0,L,W,87.0,10.0,19.0,19.0,102.0,17.0,11.0,23.0
dl_2025-03-26_IND_LAL,2025-03-26,22024,Indiana Pacers,Los Angeles Lakers,119.0,120.0,L,W,87.0,7.0,9.0,19.0,79.0,8.0,14.0,24.0
dl_2025-03-27_UTA_HOU,2025-03-27,22024,Utah Jazz,Houston Rockets,110.0,121.0,L,W,79.0,3.0,16.0,17.0,102.0,18.0,9.0,19.0
dl_2025-03-27_CHI_LAL,2025-03-27,22024,Chicago Bulls,Los Angeles Lakers,119.0,117.0,W,L,92.0,11.0,15.0,22.0,91.0,6.0,11.0,18.0
dl_2025-03-27_CLE_SAS,2025-03-27,22024,Cleveland Cavaliers,San Antonio Spurs,124.0,116.0,W,L,99.0,14.0,13.0,18.0,106.0,19.0,10.0,21.0
dl_2025-03-27_MIA_ATL,2025-03-27,22024,Miami Heat,Atlanta Hawks,122.0,112.0,W,L,82.0,7.0,13.0,20.0,83.0,6.0,15.0,11.0
dl_2025-03-27_OKC_MEM,2025-03-27,22024,Oklahoma City Thunder,Memphis Grizzlies,125.0,104.0,W,L,90.0,7.0,12.0,28.0,79.0,5.0,18.0,23.0
dl_2025-03-27_ORL_DAL,2025-03-27,22024,Orlando Magic,Dallas Mavericks,92.0,101.0,L,W,80.0,10.0,16.0,24.0,78.0,5.0,14.0,22.0
dl_2025-03-27_SAC_POR,2025-03-27,22024,Sacramento Kings,Portland Trail Blazers,128.0,107.0,W,L,74.0,9.0,20.0,27.0,88.0,15.0,10.0,26.0
dl_2025-03-27_WAS_IND,2025-03-27,22024,Washington Wizards,Indiana Pacers,109.0,162.0,L,W,85.0,12.0,15.0,26.0,92.0,13.0,12.0,19.0
dl_2025-03-28_NOP_GSW,2025-03-28,22024,New Orleans Pelicans,Golden State Warriors,95.0,111.0,L,W,81.0,14.0,15.0,28.0,92.0,18.0,10.0,29.0
dl_2025-03-28_TOR_CHO,2025-03-28,22024,Toronto Raptors,CHO,108.0,97.0,W,L,95.0,11.0,6.0,15.0,96.0,13.0,17.0,15.0
dl_2025-03-28_MIL_NYK,2025-03-28,22024,Milwaukee Bucks,New York Knicks,107.0,116.0,L,W,75.0,3.0,16.0,19.0,93.0,14.0,8.0,16.0
dl_2025-03-28_MIN_PHO,2025-03-28,22024,Minnesota Timberwolves,PHO,124.0,109.0,W,L,89.0,12.0,11.0,13.0,79.0,8.0,16.0,13.0
dl_2025-03-28_DET_CLE,2025-03-28,22024,Detroit Pistons,Cleveland Cavaliers,133.0,122.0,W,L,92.0,16.0,13.0,35.0,84.0,11.0,14.0,38.0
dl_2025-03-28_DEN_UTA,2025-03-28,22024,Denver Nuggets,Utah Jazz,129.0,93.0,W,L,83.0,9.0,18.0,28.0,93.0,14.0,17.0,24.0
dl_2025-03-28_BRK_LAC,2025-03-28,22024,BRK,Los Angeles Clippers,100.0,132.0,L,W,89.0,10.0,14.0,26.0,80.0,2.0,12.0,28.0
dl_2025-03-29_CHI_DAL,2025-03-29,22024,Chicago Bulls,Dallas Mavericks,119.0,120.0,L,W,91.0,12.0,19.0,24.0,101.0,8.0,6.0,21.0
dl_2025-03-29_MEM_LAL,2025-03-29,22024,Memphis Grizzlies,Los Angeles Lakers,127.0,134.0,L,W,95.0,9.0,12.0,18.0,89.0,8.0,13.0,27.0
dl_2025-03-29_OKC_IND,2025-03-29,22024,Oklahoma City Thunder,Indiana Pacers,132.0,111.0,W,L,94.0,8.0,9.0,23.0,87.0,8.0,11.0,26.0
dl_2025-03-29_ORL_SAC,2025-03-29,22024,Orlando Magic,Sacramento Kings,121.0,91.0,W,L,89.0,13.0,12.0,24.0,81.0,9.0,16.0,20.0
dl_2025-03-29_PHI_MIA,2025-03-29,22024,Philadelphia 76ers,Miami Heat,95.0,118.0,L,W,76.0,6.0,18.0,14.0,93.0,16.0,9.0,13.0
dl_2025-03-29_SAS_BOS,2025-03-29,22024,San Antonio Spurs,Boston Celtics,111.0,121.0,L,W,87.0,10.0,4.0,27.0,94.0,15.0,9.0,18.0
dl_2025-03-29_WAS_BRK,2025-03-29,22024,Washington Wizards,BRK,112.0,115.0,L,W,85.0,7.0,6.0,33.0,88.0,12.0,12.0,20.0
dl_2025-03-30_SAS_GSW,2025-03-30,22024,San Antonio Spurs,Golden State Warriors,106.0,148.0,L,W,84.0,7.0,21.0,16.0,97.0,10.0,12.0,19.0
dl_2025-03-30_PHO_HOU,2025-03-30,22024,PHO,Houston Rockets,109.0,148.0,L,W,87.0,10.0,19.0,17.0,98.0,13.0,9.0,25.0
dl_2025-03-30_PHI_TOR,2025-03-30,22024,Philadelphia 76ers,Toronto Raptors,109.0,127.0,L,W,89.0,8.0,16.0,19.0,103.0,13.0,10.0,18.0
dl_2025-03-30_NYK_POR,2025-03-30,22024,New York Knicks,Portland Trail Blazers,110.0,93.0,W,L,84.0,9.0,13.0,13.0,87.0,13.0,14.0,14.0
dl_2025-03-30_MIN_DET,2025-03-30,22024,Minnesota Timberwolves,Detroit Pistons,123.0,104.0,W,L,93.0,15.0,9.0,31.0,95.0,16.0,7.0,32.0
dl_2025-03-30_MIL_ATL,2025-03-30,22024,Milwaukee Bucks,Atlanta Hawks,124.0,145.0,L,W,82.0,6.0,14.0,43.0,94.0,15.0,8.0,35.0
dl_2025-03-30_CLE_LAC,2025-03-30,22024,Cleveland Cavaliers,Los Angeles Clippers,127.0,122.0,W,L,93.0,10.0,10.0,23.0,93.0,10.0,12.0,22.0
dl_2025-03-30_NOP_CHO,2025-03-30,22024,New Orleans Pelicans,CHO,98.0,94.0,W,L,92.0,14.0,17.0,17.0,91.0,12.0,14.0,25.0
dl_2025-03-31_CHO_UTA,2025-03-31,22024,CHO,Utah Jazz,110.0,106.0,W,L,80.0,10.0,18.0,14.0,96.0,14.0,10.0,15.0
dl_2025-03-31_DAL_BRK,2025-03-31,22024,Dallas Mavericks,BRK,109.0,113.0,L,W,86.0,12.0,8.0,29.0,90.0,7.0,8.0,20.0
dl_2025-03-31_IND_SAC,2025-03-31,22024,Indiana Pacers,Sacramento Kings,111.0,109.0,W,L,90.0,6.0,12.0,13.0,92.0,6.0,11.0,17.0
dl_2025-03-31_LAL_HOU,2025-03-31,22024,Los Angeles Lakers,Houston Rockets,104.0,98.0,W,L,89.0,10.0,11.0,20.0,89.0,10.0,15.0,17.0
dl_2025-03-31_MEM_BOS,2025-03-31,22024,Memphis Grizzlies,Boston Celtics,103.0,117.0,L,W,92.0,5.0,10.0,16.0,96.0,12.0,12.0,19.0
dl_2025-03-31_OKC_CHI,2025-03-31,22024,Oklahoma City Thunder,Chicago Bulls,145.0,117.0,W,L,98.0,9.0,14.0,23.0,98.0,10.0,19.0,16.0
dl_2025-03-31_ORL_LAC,2025-03-31,22024,Orlando Magic,Los Angeles Clippers,87.0,96.0,L,W,76.0,6.0,14.0,22.0,82.0,11.0,16.0,19.0
dl_2025-03-31_WAS_MIA,2025-03-31,22024,Washington Wizards,Miami Heat,94.0,120.0,L,W,86.0,5.0,18.0,18.0,93.0,15.0,17.0,24.0
dl_2025-04-01_NYK_PHI,2025-04-01,22024,New York Knicks,Philadelphia 76ers,105.0,91.0,W,L,85.0,14.0,18.0,26.0,81.0,13.0,19.0,22.0
dl_2025-04-01_SAS_ORL,2025-04-01,22024,San Antonio Spurs,Orlando Magic,105.0,116.0,L,W,81.0,9.0,17.0,17.0,90.0,10.0,10.0,12.0
dl_2025-04-01_MIL_PHO,2025-04-01,22024,Milwaukee Bucks,PHO,133.0,123.0,W,L,74.0,3.0,18.0,15.0,92.0,15.0,13.0,21.0
dl_2025-04-01_MEM_GSW,2025-04-01,22024,Memphis Grizzlies,Golden State Warriors,125.0,134.0,L,W,92.0,8.0,16.0,22.0,99.0,15.0,11.0,28.0
dl_2025-04-01_DEN_MIN,2025-04-01,22024,Denver Nuggets,Minnesota Timberwolves,139.0,140.0,L,W,86.0,8.0,16.0,44.0,111.0,21.0,14.0,25.0
dl_2025-04-01_CHI_TOR,2025-04-01,22024,Chicago Bulls,Toronto Raptors,137.0,118.0,W,L,88.0,10.0,12.0,27.0,97.0,9.0,12.0,11.0
dl_2025-04-01_ATL_POR,2025-04-01,22024,Atlanta Hawks,Portland Trail Blazers,113.0,127.0,L,W,92.0,12.0,19.0,28.0,103.0,19.0,17.0,27.0
dl_2025-04-02_BOS_MIA,2025-04-02,22024,Boston Celtics,Miami Heat,103.0,124.0,L,W,87.0,19.0,13.0,16.0,83.0,11.0,4.0,27.0
dl_2025-04-02_CLE_NYK,2025-04-02,22024,Cleveland Cavaliers,New York Knicks,124.0,105.0,W,L,94.0,15.0,13.0,14.0,90.0,15.0,14.0,17.0
dl_2025-04-02_DAL_ATL,2025-04-02,22024,Dallas Mavericks,Atlanta Hawks,120.0,118.0,W,L,83.0,4.0,13.0,21.0,97.0,12.0,11.0,22.0
dl_2025-04-02_DEN_SAS,2025-04-02,22024,Denver Nuggets,San Antonio Spurs,106.0,113.0,L,W,96.0,14.0,12.0,25.0,97.0,8.0,10.0,13.0
dl_2025-04-02_HOU_UTA,2025-04-02,22024,Houston Rockets,Utah Jazz,143.0,105.0,W,L,104.0,18.0,10.0,19.0,94.0,10.0,9.0,23.0
dl_2025-04-02_IND_CHO,2025-04-02,22024,Indiana Pacers,CHO,119.0,105.0,W,L,95.0,11.0,6.0,10.0,78.0,9.0,18.0,18.0
dl_2025-04-02_LAC_NOP,2025-04-02,22024,Los Angeles Clippers,New Orleans Pelicans,114.0,98.0,W,L,76.0,2.0,10.0,26.0,85.0,7.0,15.0,11.0
dl_2025-04-02_OKC_DET,2025-04-02,22024,Oklahoma City Thunder,Detroit Pistons,119.0,103.0,W,L,96.0,13.0,10.0,31.0,89.0,11.0,18.0,25.0
dl_2025-04-02_WAS_SAC,2025-04-02,22024,Washington Wizards,Sacramento Kings,116.0,111.0,W,L,84.0,7.0,14.0,18.0,95.0,17.0,11.0,28.0
dl_2025-04-03_WAS_ORL,2025-04-03,22024,Washington Wizards,Orlando Magic,97.0,109.0,L,W,85.0,8.0,13.0,11.0,82.0,13.0,8.0,25.0
dl_2025-04-03_TOR_POR,2025-04-03,22024,Toronto Raptors,Portland Trail Blazers,103.0,112.0,L,W,96.0,13.0,17.0,5.0,86.0,17.0,20.0,20.0
dl_2025-04-03_PHI_MIL,2025-04-03,22024,Philadelphia 76ers,Milwaukee Bucks,113.0,126.0,L,W,89.0,11.0,13.0,19.0,82.0,8.0,11.0,27.0
dl_2025-04-03_MIA_MEM,2025-04-03,22024,Miami Heat,Memphis Grizzlies,108.0,110.0,L,W,95.0,15.0,11.0,19.0,85.0,12.0,18.0,17.0
dl_2025-04-03_LAL_GSW,2025-04-03,22024,Los Angeles Lakers,Golden State Warriors,116.0,123.0,L,W,86.0,14.0,8.0,23.0,82.0,14.0,13.0,31.0
dl_2025-04-03_BRK_MIN,2025-04-03,22024,BRK,Minnesota Timberwolves,90.0,105.0,L,W,89.0,8.0,10.0,4.0,78.0,10.0,17.0,21.0
dl_2025-04-04_BOS_PHO,2025-04-04,22024,Boston Celtics,PHO,123.0,103.0,W,L,87.0,10.0,7.0,22.0,93.0,11.0,6.0,11.0
dl_2025-04-04_CHI_POR,2025-04-04,22024,Chicago Bulls,Portland Trail Blazers,118.0,113.0,W,L,87.0,11.0,17.0,31.0,115.0,19.0,5.0,18.0
dl_2025-04-04_CHO_SAC,2025-04-04,22024,CHO,Sacramento Kings,102.0,125.0,L,W,83.0,11.0,12.0,34.0,91.0,10.0,6.0,23.0
dl_2025-04-04_GSW_DEN,2025-04-04,22024,Golden State Warriors,Denver Nuggets,118.0,104.0,W,L,88.0,11.0,13.0,18.0,74.0,7.0,25.0,13.0
dl_2025-04-04_HOU_OKC,2025-04-04,22024,Houston Rockets,Oklahoma City Thunder,125.0,111.0,W,L,92.0,14.0,13.0,26.0,89.0,7.0,15.0,15.0
dl_2025-04-04_IND_UTA,2025-04-04,22024,Indiana Pacers,Utah Jazz,140.0,112.0,W,L,89.0,11.0,7.0,38.0,104.0,19.0,11.0,21.0
dl_2025-04-04_LAC_DAL,2025-04-04,22024,Los Angeles Clippers,Dallas Mavericks,114.0,91.0,W,L,89.0,11.0,13.0,16.0,77.0,6.0,17.0,26.0
dl_2025-04-04_LAL_NOP,2025-04-04,22024,Los Angeles Lakers,New Orleans Pelicans,124.0,108.0,W,L,79.0,8.0,12.0,28.0,82.0,15.0,16.0,22.0
dl_2025-04-04_SAS_CLE,2025-04-04,22024,San Antonio Spurs,Cleveland Cavaliers,113.0,114.0,L,W,94.0,9.0,11.0,19.0,87.0,7.0,15.0,14.0
dl_2025-04-04_TOR_DET,2025-04-04,22024,Toronto Raptors,Detroit Pistons,105.0,117.0,L,W,91.0,16.0,15.0,20.0,89.0,12.0,13.0,27.0
dl_2025-04-05_PHI_MIN,2025-04-05,22024,Philadelphia 76ers,Minnesota Timberwolves,109.0,114.0,L,W,91.0,11.0,8.0,15.0,81.0,14.0,15.0,29.0
dl_2025-04-05_LAC_DAL,2025-04-05,22024,Los Angeles Clippers,Dallas Mavericks,135.0,104.0,W,L,96.0,10.0,6.0,20.0,78.0,10.0,15.0,38.0
dl_2025-04-05_MIA_MIL,2025-04-05,22024,Miami Heat,Milwaukee Bucks,115.0,121.0,L,W,102.0,12.0,10.0,16.0,87.0,3.0,9.0,29.0
dl_2025-04-05_DET_MEM,2025-04-05,22024,Detroit Pistons,Memphis Grizzlies,103.0,109.0,L,W,96.0,8.0,6.0,23.0,94.0,17.0,14.0,29.0
dl_2025-04-05_ATL_NYK,2025-04-05,22024,Atlanta Hawks,New York Knicks,105.0,121.0,L,W,88.0,9.0,15.0,12.0,84.0,6.0,13.0,19.0
dl_2025-04-06_ATL_UTA,2025-04-06,22024,Atlanta Hawks,Utah Jazz,147.0,134.0,W,L,95.0,11.0,11.0,20.0,87.0,7.0,10.0,28.0
dl_2025-04-06_BOS_WAS,2025-04-06,22024,Boston Celtics,Washington Wizards,124.0,90.0,W,L,98.0,25.0,13.0,6.0,86.0,11.0,10.0,10.0
dl_2025-04-06_BRK_TOR,2025-04-06,22024,BRK,Toronto Raptors,109.0,120.0,L,W,82.0,8.0,23.0,27.0,94.0,13.0,18.0,22.0
dl_2025-04-06_CHO_CHI,2025-04-06,22024,CHO,Chicago Bulls,117.0,131.0,L,W,85.0,9.0,12.0,34.0,86.0,9.0,12.0,29.0
dl_2025-04-06_CLE_SAC,2025-04-06,22024,Cleveland Cavaliers,Sacramento Kings,113.0,120.0,L,W,88.0,13.0,16.0,19.0,82.0,8.0,14.0,22.0
dl_2025-04-06_DEN_IND,2025-04-06,22024,Denver Nuggets,Indiana Pacers,120.0,125.0,L,W,93.0,9.0,13.0,18.0,96.0,7.0,6.0,21.0
dl_2025-04-06_GSW_HOU,2025-04-06,22024,Golden State Warriors,Houston Rockets,96.0,106.0,L,W,89.0,15.0,20.0,11.0,93.0,16.0,15.0,16.0
dl_2025-04-06_NOP_MIL,2025-04-06,22024,New Orleans Pelicans,Milwaukee Bucks,107.0,111.0,L,W,95.0,9.0,11.0,14.0,92.0,10.0,7.0,22.0
dl_2025-04-06_NYK_PHO,2025-04-06,22024,New York Knicks,PHO,112.0,98.0,W,L,74.0,6.0,14.0,24.0,92.0,15.0,12.0,19.0
dl_2025-04-06_OKC_LAL,2025-04-06,22024,Oklahoma City Thunder,Los Angeles Lakers,99.0,126.0,L,W,90.0,9.0,7.0,12.0,84.0,8.0,15.0,17.0
dl_2025-04-06_POR_SAS,2025-04-06,22024,Portland Trail Blazers,San Antonio Spurs,120.0,109.0,W,L,89.0,8.0,15.0,27.0,95.0,13.0,18.0,21.0
dl_2025-04-07_MIA_PHI,2025-04-07,22024,Miami Heat,Philadelphia 76ers,117.0,105.0,W,L,89.0,10.0,13.0,15.0,88.0,14.0,13.0,25.0
dl_2025-04-07_DET_SAC,2025-04-07,22024,Detroit Pistons,Sacramento Kings,117.0,127.0,L,W,89.0,13.0,9.0,28.0,91.0,18.0,10.0,27.0
dl_2025-04-08_BRK_NOP,2025-04-08,22024,BRK,New Orleans Pelicans,119.0,114.0,W,L,83.0,7.0,16.0,24.0,82.0,9.0,17.0,31.0
dl_2025-04-08_CHO_MEM,2025-04-08,22024,CHO,Memphis Grizzlies,100.0,124.0,L,W,81.0,6.0,15.0,23.0,93.0,14.0,13.0,26.0
dl_2025-04-08_CLE_CHI,2025-04-08,22024,Cleveland Cavaliers,Chicago Bulls,135.0,113.0,W,L,100.0,16.0,12.0,13.0,86.0,12.0,20.0,19.0
dl_2025-04-08_IND_WAS,2025-04-08,22024,Indiana Pacers,Washington Wizards,104.0,98.0,W,L,87.0,13.0,7.0,37.0,91.0,13.0,11.0,15.0
dl_2025-04-08_LAC_SAS,2025-04-08,22024,Los Angeles Clippers,San Antonio Spurs,122.0,117.0,W,L,93.0,14.0,15.0,16.0,85.0,8.0,16.0,16.0
dl_2025-04-08_MIL_MIN,2025-04-08,22024,Milwaukee Bucks,Minnesota Timberwolves,110.0,103.0,W,L,84.0,11.0,11.0,25.0,89.0,10.0,13.0,9.0
dl_2025-04-08_NYK_BOS,2025-04-08,22024,New York Knicks,Boston Celtics,117.0,119.0,L,W,101.0,17.0,11.0,16.0,87.0,9.0,15.0,25.0
dl_2025-04-08_OKC_LAL,2025-04-08,22024,Oklahoma City Thunder,Los Angeles Lakers,136.0,120.0,W,L,104.0,15.0,6.0,20.0,80.0,12.0,18.0,37.0
dl_2025-04-08_ORL_ATL,2025-04-08,22024,Orlando Magic,Atlanta Hawks,119.0,112.0,W,L,84.0,13.0,13.0,31.0,88.0,14.0,18.0,22.0
dl_2025-04-08_PHO_GSW,2025-04-08,22024,PHO,Golden State Warriors,95.0,133.0,L,W,88.0,13.0,19.0,15.0,93.0,19.0,15.0,34.0
dl_2025-04-09_SAC_DEN,2025-04-09,22024,Sacramento Kings,Denver Nuggets,116.0,124.0,L,W,92.0,11.0,8.0,17.0,86.0,12.0,7.0,31.0
dl_2025-04-09_WAS_PHI,2025-04-09,22024,Washington Wizards,Philadelphia 76ers,103.0,122.0,L,W,87.0,13.0,16.0,30.0,91.0,18.0,16.0,38.0
dl_2025-04-09_UTA_POR,2025-04-09,22024,Utah Jazz,Portland Trail Blazers,133.0,126.0,W,L,98.0,16.0,24.0,22.0,104.0,14.0,16.0,28.0
dl_2025-04-09_TOR_CHO,2025-04-09,22024,Toronto Raptors,CHO,126.0,96.0,W,L,104.0,16.0,8.0,12.0,82.0,5.0,19.0,16.0
dl_2025-04-09_PHO_OKC,2025-04-09,22024,PHO,Oklahoma City Thunder,112.0,125.0,L,W,87.0,9.0,13.0,19.0,86.0,8.0,10.0,27.0
dl_2025-04-09_LAC_HOU,2025-04-09,22024,Los Angeles Clippers,Houston Rockets,134.0,117.0,W,L,90.0,11.0,11.0,19.0,88.0,7.0,13.0,10.0
dl_2025-04-09_GSW_SAS,2025-04-09,22024,Golden State Warriors,San Antonio Spurs,111.0,114.0,L,W,86.0,16.0,10.0,28.0,81.0,10.0,13.0,21.0
dl_2025-04-09_DAL_LAL,2025-04-09,22024,Dallas Mavericks,Los Angeles Lakers,97.0,112.0,L,W,72.0,9.0,19.0,23.0,90.0,15.0,9.0,21.0
dl_2025-04-09_CHI_MIA,2025-04-09,22024,Chicago Bulls,Miami Heat,119.0,111.0,W,L,89.0,10.0,16.0,13.0,92.0,11.0,13.0,17.0
dl_2025-04-09_ORL_BOS,2025-04-09,22024,Orlando Magic,Boston Celtics,96.0,76.0,W,L,91.0,12.0,10.0,8.0,82.0,9.0,15.0,6.0
dl_2025-04-10_BRK_ATL,2025-04-10,22024,BRK,Atlanta Hawks,109.0,133.0,L,W,90.0,10.0,17.0,22.0,84.0,7.0,15.0,33.0
dl_2025-04-10_DET_NYK,2025-04-10,22024,Detroit Pistons,New York Knicks,115.0,106.0,W,L,82.0,9.0,15.0,18.0,90.0,11.0,14.0,14.0
dl_2025-04-10_IND_CLE,2025-04-10,22024,Indiana Pacers,Cleveland Cavaliers,114.0,112.0,W,L,93.0,10.0,9.0,20.0,98.0,11.0,11.0,13.0
dl_2025-04-10_MEM_MIN,2025-04-10,22024,Memphis Grizzlies,Minnesota Timberwolves,125.0,141.0,L,W,89.0,8.0,15.0,21.0,87.0,8.0,16.0,28.0
dl_2025-04-10_MIL_NOP,2025-04-10,22024,Milwaukee Bucks,New Orleans Pelicans,136.0,111.0,W,L,90.0,7.0,11.0,30.0,96.0,15.0,16.0,19.0
dl_2025-04-11_DEN_MEM,2025-04-11,22024,Denver Nuggets,Memphis Grizzlies,117.0,109.0,W,L,91.0,11.0,12.0,31.0,91.0,7.0,12.0,19.0
dl_2025-04-11_POR_GSW,2025-04-11,22024,Portland Trail Blazers,Golden State Warriors,86.0,103.0,L,W,85.0,13.0,22.0,22.0,83.0,7.0,14.0,28.0
dl_2025-04-11_PHO_SAS,2025-04-11,22024,PHO,San Antonio Spurs,117.0,98.0,W,L,95.0,13.0,11.0,11.0,90.0,5.0,14.0,10.0
dl_2025-04-11_PHI_ATL,2025-04-11,22024,Philadelphia 76ers,Atlanta Hawks,110.0,124.0,L,W,97.0,14.0,14.0,15.0,94.0,18.0,14.0,24.0
dl_2025-04-11_NYK_CLE,2025-04-11,22024,New York Knicks,Cleveland Cavaliers,102.0,108.0,L,W,88.0,10.0,8.0,20.0,77.0,13.0,15.0,30.0
dl_2025-04-11_NOP_MIA,2025-04-11,22024,New Orleans Pelicans,Miami Heat,104.0,153.0,L,W,95.0,12.0,13.0,20.0,104.0,16.0,9.0,22.0
dl_2025-04-11_MIN_BRK,2025-04-11,22024,Minnesota Timberwolves,BRK,117.0,91.0,W,L,77.0,7.0,12.0,29.0,90.0,15.0,9.0,17.0
dl_2025-04-11_DAL_TOR,2025-04-11,22024,Dallas Mavericks,Toronto Raptors,124.0,102.0,W,L,89.0,12.0,17.0,17.0,100.0,16.0,10.0,18.0
dl_2025-04-11_IND_ORL,2025-04-11,22024,Indiana Pacers,Orlando Magic,115.0,129.0,L,W,89.0,17.0,17.0,35.0,85.0,8.0,19.0,21.0
dl_2025-04-11_DET_MIL,2025-04-11,22024,Detroit Pistons,Milwaukee Bucks,119.0,125.0,L,W,93.0,8.0,10.0,18.0,94.0,8.0,7.0,27.0
dl_2025-04-11_SAC_LAC,2025-04-11,22024,Sacramento Kings,Los Angeles Clippers,100.0,101.0,L,W,85.0,11.0,11.0,17.0,78.0,7.0,12.0,18.0
dl_2025-04-11_CHI_WAS,2025-04-11,22024,Chicago Bulls,Washington Wizards,119.0,89.0,W,L,93.0,13.0,12.0,22.0,91.0,8.0,16.0,12.0
dl_2025-04-11_BOS_CHO,2025-04-11,22024,Boston Celtics,CHO,130.0,94.0,W,L,95.0,10.0,10.0,12.0,93.0,12.0,17.0,10.0
dl_2025-04-11_LAL_HOU,2025-04-11,22024,Los Angeles Lakers,Houston Rockets,140.0,109.0,W,L,87.0,4.0,12.0,25.0,90.0,7.0,18.0,12.0
dl_2025-04-11_UTA_OKC,2025-04-11,22024,Utah Jazz,Oklahoma City Thunder,111.0,145.0,L,W,103.0,19.0,16.0,20.0,100.0,5.0,10.0,13.0
dl_2025-04-13_NOP_OKC,2025-04-13,22024,New Orleans Pelicans,Oklahoma City Thunder,100.0,115.0,L,W,91.0,11.0,12.0,30.0,98.0,17.0,10.0,27.0
dl_2025-04-13_PHI_CHI,2025-04-13,22024,Philadelphia 76ers,Chicago Bulls,102.0,122.0,L,W,94.0,10.0,14.0,21.0,103.0,15.0,12.0,20.0
dl_2025-04-13_MIN_UTA,2025-04-13,22024,Minnesota Timberwolves,Utah Jazz,116.0,105.0,W,L,98.0,17.0,13.0,16.0,89.0,9.0,13.0,11.0
dl_2025-04-13_SAC_PHO,2025-04-13,22024,Sacramento Kings,PHO,109.0,98.0,W,L,88.0,10.0,11.0,3.0,84.0,9.0,11.0,6.0
dl_2025-04-13_SAS_TOR,2025-04-13,22024,San Antonio Spurs,Toronto Raptors,125.0,118.0,W,L,84.0,9.0,12.0,32.0,97.0,12.0,13.0,16.0
dl_2025-04-13_POR_LAL,2025-04-13,22024,Portland Trail Blazers,Los Angeles Lakers,109.0,81.0,W,L,96.0,27.0,14.0,21.0,80.0,13.0,20.0,14.0
dl_2025-04-13_MIL_DET,2025-04-13,22024,Milwaukee Bucks,Detroit Pistons,140.0,133.0,W,L,86.0,6.0,20.0,22.0,107.0,14.0,13.0,14.0
dl_2025-04-13_CLE_IND,2025-04-13,22024,Cleveland Cavaliers,Indiana Pacers,118.0,126.0,L,W,115.0,18.0,21.0,22.0,119.0,14.0,13.0,22.0
dl_2025-04-13_MEM_DAL,2025-04-13,22024,Memphis Grizzlies,Dallas Mavericks,132.0,97.0,W,L,104.0,19.0,11.0,15.0,87.0,10.0,18.0,22.0
dl_2025-04-13_ATL_ORL,2025-04-13,22024,Atlanta Hawks,Orlando Magic,117.0,105.0,W,L,88.0,9.0,15.0,10.0,88.0,12.0,14.0,15.0
dl_2025-04-13_BOS_CHO,2025-04-13,22024,Boston Celtics,CHO,93.0,86.0,W,L,90.0,15.0,13.0,13.0,85.0,18.0,17.0,18.0
dl_2025-04-13_BRK_NYK,2025-04-13,22024,BRK,New York Knicks,105.0,113.0,L,W,74.0,6.0,18.0,25.0,86.0,10.0,11.0,26.0
dl_2025-04-13_MIA_WAS,2025-04-13,22024,Miami Heat,Washington Wizards,118.0,119.0,L,W,98.0,9.0,8.0,12.0,90.0,6.0,10.0,17.0
dl_2025-04-13_GSW_LAC,2025-04-13,22024,Golden State Warriors,Los Angeles Clippers,119.0,124.0,L,W,79.0,3.0,15.0,23.0,86.0,9.0,16.0,18.0
dl_2025-04-13_HOU_DEN,2025-04-13,22024,Houston Rockets,Denver Nuggets,111.0,126.0,L,W,100.0,16.0,10.0,14.0,88.0,11.0,9.0,31.0
dl_2025-04-15_GSW_MEM,2025-04-15,22024,Golden State Warriors,Memphis Grizzlies,121.0,116.0,W,L,85.0,13.0,10.0,34.0,86.0,16.0,19.0,23.0
dl_2025-04-15_ORL_ATL,2025-04-15,22024,Orlando Magic,Atlanta Hawks,120.0,95.0,W,L,91.0,12.0,8.0,27.0,84.0,9.0,7.0,34.0
dl_2025-04-16_CHI_MIA,2025-04-16,22024,Chicago Bulls,Miami Heat,90.0,109.0,L,W,83.0,7.0,17.0,17.0,83.0,9.0,15.0,22.0
dl_2025-04-16_SAC_DAL,2025-04-16,22024,Sacramento Kings,Dallas Mavericks,106.0,120.0,L,W,89.0,15.0,18.0,15.0,83.0,10.0,9.0,26.0
dl_2025-04-18_ATL_MIA,2025-04-18,22024,Atlanta Hawks,Miami Heat,114.0,123.0,L,W,102.0,11.0,9.0,12.0,96.0,13.0,14.0,18.0
dl_2025-04-18_MEM_DAL,2025-04-18,22024,Memphis Grizzlies,Dallas Mavericks,120.0,106.0,W,L,100.0,16.0,10.0,15.0,87.0,7.0,16.0,16.0
dl_2025-04-19_NYK_DET,2025-04-19,22024,New York Knicks,Detroit Pistons,123.0,112.0,W,L,93.0,8.0,9.0,17.0,86.0,11.0,19.0,20.0
dl_2025-04-19_LAL_MIN,2025-04-19,22024,Los Angeles Lakers,Minnesota Timberwolves,95.0,117.0,L,W,83.0,13.0,13.0,16.0,86.0,11.0,10.0,10.0
dl_2025-04-19_DEN_LAC,2025-04-19,22024,Denver Nuggets,Los Angeles Clippers,112.0,110.0,W,L,94.0,12.0,11.0,27.0,86.0,11.0,20.0,16.0
dl_2025-04-19_IND_MIL,2025-04-19,22024,Indiana Pacers,Milwaukee Bucks,117.0,98.0,W,L,81.0,5.0,5.0,26.0,84.0,8.0,10.0,28.0
dl_2025-04-20_BOS_ORL,2025-04-20,22024,Boston Celtics,Orlando Magic,103.0,86.0,W,L,82.0,9.0,9.0,18.0,81.0,13.0,15.0,11.0
dl_2025-04-20_CLE_MIA,2025-04-20,22024,Cleveland Cavaliers,Miami Heat,121.0,100.0,W,L,88.0,14.0,7.0,16.0,80.0,11.0,14.0,12.0
dl_2025-04-20_HOU_GSW,2025-04-20,22024,Houston Rockets,Golden State Warriors,85.0,95.0,L,W,87.0,22.0,16.0,20.0,76.0,6.0,11.0,14.0
dl_2025-04-20_OKC_MEM,2025-04-20,22024,Oklahoma City Thunder,Memphis Grizzlies,131.0,80.0,W,L,99.0,12.0,15.0,15.0,93.0,13.0,22.0,12.0
dl_2025-04-21_DEN_LAC,2025-04-21,22024,Denver Nuggets,Los Angeles Clippers,102.0,105.0,L,W,79.0,15.0,20.0,22.0,85.0,7.0,11.0,12.0
dl_2025-04-21_NYK_DET,2025-04-21,22024,New York Knicks,Detroit Pistons,94.0,100.0,L,W,81.0,7.0,14.0,19.0,74.0,12.0,15.0,34.0
dl_2025-04-22_OKC_MEM,2025-04-22,22024,Oklahoma City Thunder,Memphis Grizzlies,118.0,99.0,W,L,104.0,16.0,7.0,16.0,91.0,9.0,14.0,14.0
dl_2025-04-22_IND_MIL,2025-04-22,22024,Indiana Pacers,Milwaukee Bucks,123.0,115.0,W,L,90.0,7.0,8.0,19.0,87.0,12.0,15.0,19.0
dl_2025-04-22_LAL_MIN,2025-04-22,22024,Los Angeles Lakers,Minnesota Timberwolves,94.0,85.0,W,L,75.0,9.0,12.0,20.0,79.0,9.0,11.0,25.0
dl_2025-04-23_CLE_MIA,2025-04-23,22024,Cleveland Cavaliers,Miami Heat,121.0,112.0,W,L,82.0,6.0,8.0,23.0,81.0,9.0,13.0,16.0
dl_2025-04-23_HOU_GSW,2025-04-23,22024,Houston Rockets,Golden State Warriors,109.0,94.0,W,L,86.0,11.0,10.0,20.0,80.0,7.0,15.0,18.0
dl_2025-04-23_BOS_ORL,2025-04-23,22024,Boston Celtics,Orlando Magic,109.0,100.0,W,L,80.0,13.0,10.0,33.0,82.0,7.0,7.0,24.0
dl_2025-04-24_MEM_OKC,2025-04-24,22024,Memphis Grizzlies,Oklahoma City Thunder,108.0,114.0,L,W,83.0,9.0,16.0,26.0,86.0,12.0,11.0,33.0
dl_2025-04-24_DET_NYK,2025-04-24,22024,Detroit Pistons,New York Knicks,116.0,118.0,L,W,86.0,11.0,14.0,27.0,86.0,9.0,9.0,29.0
dl_2025-04-24_LAC_DEN,2025-04-24,22024,Los Angeles Clippers,Denver Nuggets,117.0,83.0,W,L,83.0,15.0,10.0,28.0,77.0,11.0,16.0,20.0
dl_2025-04-25_MIL_IND,2025-04-25,22024,Milwaukee Bucks,Indiana Pacers,117.0,101.0,W,L,89.0,10.0,13.0,22.0,90.0,7.0,14.0,13.0
dl_2025-04-25_MIN_LAL,2025-04-25,22024,Minnesota Timberwolves,Los Angeles Lakers,116.0,104.0,W,L,91.0,9.0,8.0,21.0,78.0,7.0,16.0,20.0
dl_2025-04-25_ORL_BOS,2025-04-25,22024,Orlando Magic,Boston Celtics,95.0,93.0,W,L,83.0,15.0,13.0,26.0,74.0,8.0,19.0,22.0
dl_2025-04-26_GSW_HOU,2025-04-26,22024,Golden State Warriors,Houston Rockets,104.0,93.0,W,L,90.0,10.0,10.0,15.0,86.0,15.0,14.0,24.0
dl_2025-04-26_LAC_DEN,2025-04-26,22024,Los Angeles Clippers,Denver Nuggets,99.0,101.0,L,W,88.0,13.0,9.0,16.0,87.0,12.0,12.0,16.0
dl_2025-04-26_MEM_OKC,2025-04-26,22024,Memphis Grizzlies,Oklahoma City Thunder,115.0,117.0,L,W,80.0,10.0,21.0,30.0,94.0,12.0,8.0,35.0
dl_2025-04-26_MIA_CLE,2025-04-26,22024,Miami Heat,Cleveland Cavaliers,87.0,124.0,L,W,76.0,5.0,16.0,10.0,86.0,13.0,9.0,20.0
dl_2025-04-27_MIN_LAL,2025-04-27,22024,Minnesota Timberwolves,Los Angeles Lakers,116.0,113.0,W,L,90.0,18.0,9.0,33.0,80.0,11.0,10.0,25.0
dl_2025-04-27_ORL_BOS,2025-04-27,22024,Orlando Magic,Boston Celtics,98.0,107.0,L,W,88.0,7.0,10.0,20.0,78.0,11.0,10.0,32.0
dl_2025-04-27_DET_NYK,2025-04-27,22024,Detroit Pistons,New York Knicks,93.0,94.0,L,W,84.0,14.0,17.0,17.0,91.0,12.0,10.0,18.0
dl_2025-04-27_MIL_IND,2025-04-27,22024,Milwaukee Bucks,Indiana Pacers,103.0,129.0,L,W,89.0,9.0,7.0,17.0,83.0,5.0,11.0,13.0
dl_2025-04-28_GSW_HOU,2025-04-28,22024,Golden State Warriors,Houston Rockets,109.0,106.0,W,L,86.0,9.0,8.0,22.0,77.0,13.0,13.0,31.0
dl_2025-04-28_MIA_CLE,2025-04-28,22024,Miami Heat,Cleveland Cavaliers,83.0,138.0,L,W,89.0,15.0,19.0,15.0,86.0,8.0,11.0,25.0
dl_2025-04-29_BOS_ORL,2025-04-29,22024,Boston Celtics,Orlando Magic,120.0,89.0,W,L,76.0,3.0,11.0,24.0,88.0,15.0,9.0,22.0
dl_2025-04-29_DEN_LAC,2025-04-29,22024,Denver Nuggets,Los Angeles Clippers,131.0,115.0,W,L,86.0,8.0,9.0,23.0,82.0,10.0,10.0,28.0
dl_2025-04-29_IND_MIL,2025-04-29,22024,Indiana Pacers,Milwaukee Bucks,119.0,118.0,W,L,93.0,9.0,12.0,28.0,90.0,13.0,17.0,26.0
dl_2025-04-29_NYK_DET,2025-04-29,22024,New York Knicks,Detroit Pistons,103.0,106.0,L,W,90.0,15.0,13.0,27.0,85.0,12.0,13.0,36.0
dl_2025-04-30_LAL_MIN,2025-04-30,22024,Los Angeles Lakers,Minnesota Timberwolves,96.0,103.0,L,W,78.0,8.0,15.0,25.0,89.0,18.0,11.0,33.0
dl_2025-04-30_HOU_GSW,2025-04-30,22024,Houston Rockets,Golden State Warriors,131.0,116.0,W,L,78.0,8.0,12.0,38.0,103.0,25.0,14.0,22.0
dl_2025-05-01_DET_NYK,2025-05-01,22024,Detroit Pistons,New York Knicks,113.0,116.0,L,W,81.0,6.0,15.0,33.0,86.0,13.0,16.0,30.0
dl_2025-05-01_LAC_DEN,2025-05-01,22024,Los Angeles Clippers,Denver Nuggets,111.0,105.0,W,L,86.0,9.0,7.0,15.0,84.0,10.0,12.0,9.0
dl_2025-05-02_GSW_HOU,2025-05-02,22024,Golden State Warriors,Houston Rockets,107.0,115.0,L,W,90.0,13.0,16.0,22.0,78.0,11.0,11.0,46.0
dl_2025-05-03_DEN_LAC,2025-05-03,22024,Denver Nuggets,Los Angeles Clippers,120.0,101.0,W,L,90.0,11.0,12.0,21.0,82.0,5.0,14.0,22.0
dl_2025-05-04_CLE_IND,2025-05-04,22024,Cleveland Cavaliers,Indiana Pacers,112.0,121.0,L,W,98.0,13.0,7.0,18.0,83.0,7.0,16.0,15.0
dl_2025-05-04_HOU_GSW,2025-05-04,22024,Houston Rockets,Golden State Warriors,89.0,103.0,L,W,84.0,14.0,11.0,21.0,82.0,3.0,7.0,9.0
dl_2025-05-05_OKC_DEN,2025-05-05,22024,Oklahoma City Thunder,Denver Nuggets,119.0,121.0,L,W,100.0,13.0,9.0,28.0,95.0,21.0,18.0,33.0
dl_2025-05-05_BOS_NYK,2025-05-05,22024,Boston Celtics,New York Knicks,105.0,108.0,L,W,97.0,19.0,13.0,26.0,87.0,12.0,12.0,31.0
dl_2025-05-06_CLE_IND,2025-05-06,22024,Cleveland Cavaliers,Indiana Pacers,119.0,120.0,L,W,90.0,14.0,13.0,35.0,85.0,11.0,17.0,29.0
dl_2025-05-06_MIN_GSW,2025-05-06,22024,Minnesota Timberwolves,Golden State Warriors,88.0,99.0,L,W,86.0,12.0,16.0,17.0,87.0,18.0,12.0,15.0
dl_2025-05-07_BOS_NYK,2025-05-07,22024,Boston Celtics,New York Knicks,90.0,91.0,L,W,94.0,16.0,16.0,15.0,86.0,10.0,15.0,10.0
dl_2025-05-07_OKC_DEN,2025-05-07,22024,Oklahoma City Thunder,Denver Nuggets,149.0,106.0,W,L,89.0,8.0,9.0,36.0,87.0,13.0,20.0,32.0
dl_2025-05-08_MIN_GSW,2025-05-08,22024,Minnesota Timberwolves,Golden State Warriors,117.0,93.0,W,L,87.0,11.0,12.0,20.0,76.0,10.0,17.0,25.0
dl_2025-05-09_DEN_OKC,2025-05-09,22024,Denver Nuggets,Oklahoma City Thunder,113.0,104.0,W,L,85.0,5.0,14.0,24.0,104.0,18.0,11.0,22.0
dl_2025-05-09_IND_CLE,2025-05-09,22024,Indiana Pacers,Cleveland Cavaliers,104.0,126.0,L,W,80.0,4.0,13.0,34.0,100.0,18.0,14.0,37.0
dl_2025-05-10_GSW_MIN,2025-05-10,22024,Golden State Warriors,Minnesota Timberwolves,97.0,102.0,L,W,81.0,12.0,14.0,21.0,82.0,13.0,18.0,21.0
dl_2025-05-10_NYK_BOS,2025-05-10,22024,New York Knicks,Boston Celtics,93.0,115.0,L,W,80.0,17.0,11.0,35.0,83.0,12.0,8.0,17.0
dl_2025-05-11_DEN_OKC,2025-05-11,22024,Denver Nuggets,Oklahoma City Thunder,87.0,92.0,L,W,80.0,12.0,13.0,36.0,87.0,15.0,14.0,26.0
dl_2025-05-11_IND_CLE,2025-05-11,22024,Indiana Pacers,Cleveland Cavaliers,129.0,109.0,W,L,93.0,8.0,10.0,20.0,70.0,10.0,22.0,40.0
dl_2025-05-12_GSW_MIN,2025-05-12,22024,Golden State Warriors,Minnesota Timberwolves,110.0,117.0,L,W,85.0,14.0,15.0,33.0,79.0,6.0,19.0,26.0
dl_2025-05-12_NYK_BOS,2025-05-12,22024,New York Knicks,Boston Celtics,121.0,113.0,W,L,92.0,13.0,12.0,12.0,79.0,7.0,12.0,26.0
dl_2025-05-13_OKC_DEN,2025-05-13,22024,Oklahoma City Thunder,Denver Nuggets,112.0,105.0,W,L,82.0,8.0,14.0,23.0,97.0,16.0,15.0,13.0
dl_2025-05-13_CLE_IND,2025-05-13,22024,Cleveland Cavaliers,Indiana Pacers,105.0,114.0,L,W,90.0,15.0,11.0,37.0,82.0,5.0,13.0,22.0
dl_2025-05-14_BOS_NYK,2025-05-14,22024,Boston Celtics,New York Knicks,127.0,102.0,W,L,84.0,12.0,8.0,26.0,81.0,12.0,10.0,40.0
dl_2025-05-14_MIN_GSW,2025-05-14,22024,Minnesota Timberwolves,Golden State Warriors,121.0,110.0,W,L,78.0,6.0,20.0,15.0,90.0,18.0,17.0,30.0
dl_2025-05-15_DEN_OKC,2025-05-15,22024,Denver Nuggets,Oklahoma City Thunder,119.0,107.0,W,L,86.0,11.0,14.0,32.0,92.0,7.0,11.0,16.0
dl_2025-05-16_NYK_BOS,2025-05-16,22024,New York Knicks,Boston Celtics,119.0,81.0,W,L,91.0,15.0,14.0,21.0,86.0,9.0,15.0,10.0
dl_2025-05-18_OKC_DEN,2025-05-18,22024,Oklahoma City Thunder,Denver Nuggets,125.0,93.0,W,L,96.0,15.0,9.0,24.0,84.0,15.0,22.0,22.0
dl_2025-05-20_OKC_MIN,2025-05-20,22024,Oklahoma City Thunder,Minnesota Timberwolves,114.0,88.0,W,L,82.0,9.0,12.0,26.0,83.0,12.0,17.0,21.0
dl_2025-05-21_NYK_IND,2025-05-21,22024,New York Knicks,Indiana Pacers,135.0,138.0,L,W,94.0,13.0,15.0,40.0,100.0,11.0,7.0,28.0
dl_2025-05-22_OKC_MIN,2025-05-22,22024,Oklahoma City Thunder,Minnesota Timberwolves,118.0,103.0,W,L,90.0,9.0,6.0,24.0,87.0,13.0,14.0,26.0
dl_2025-05-23_NYK_IND,2025-05-23,22024,New York Knicks,Indiana Pacers,109.0,114.0,L,W,84.0,10.0,12.0,21.0,83.0,7.0,10.0,21.0
dl_2025-05-24_MIN_OKC,2025-05-24,22024,Minnesota Timberwolves,Oklahoma City Thunder,143.0,101.0,W,L,96.0,11.0,10.0,17.0,86.0,5.0,14.0,19.0
dl_2025-05-25_IND_NYK,2025-05-25,22024,Indiana Pacers,New York Knicks,100.0,106.0,L,W,77.0,6.0,12.0,33.0,78.0,9.0,14.0,30.0
dl_2025-05-26_MIN_OKC,2025-05-26,22024,Minnesota Timberwolves,Oklahoma City Thunder,126.0,128.0,L,W,84.0,19.0,21.0,28.0,95.0,19.0,14.0,21.0
dl_2025-05-27_IND_NYK,2025-05-27,22024,Indiana Pacers,New York Knicks,130.0,121.0,W,L,88.0,5.0,11.0,32.0,82.0,13.0,17.0,39.0
dl_2025-05-28_OKC_MIN,2025-05-28,22024,Oklahoma City Thunder,Minnesota Timberwolves,124.0,94.0,W,L,88.0,7.0,14.0,21.0,85.0,8.0,21.0,15.0
dl_2025-05-29_NYK_IND,2025-05-29,22024,New York Knicks,Indiana Pacers,111.0,94.0,W,L,89.0,11.0,15.0,22.0,74.0,8.0,20.0,29.0
dl_2025-05-31_IND_NYK,2025-05-31,22024,Indiana Pacers,New York Knicks,125.0,108.0,W,L,85.0,6.0,12.0,19.0,86.0,13.0,17.0,26.0
dl_2025-06-05_OKC_IND,2025-06-05,22024,Oklahoma City Thunder,Indiana Pacers,110.0,111.0,L,W,98.0,10.0,6.0,24.0,82.0,13.0,24.0,21.0
dl_2025-06-08_OKC_IND,2025-06-08,22024,Oklahoma City Thunder,Indiana Pacers,123.0,107.0,W,L,82.0,11.0,13.0,33.0,82.0,7.0,15.0,26.0
dl_2025-06-11_IND_OKC,2025-06-11,22024,Indiana Pacers,Oklahoma City Thunder,116.0,107.0,W,L,85.0,7.0,13.0,22.0,79.0,9.0,17.0,30.0
dl_2025-06-13_IND_OKC,2025-06-13,22024,Indiana Pacers,Oklahoma City Thunder,104.0,111.0,L,W,80.0,7.0,15.0,33.0,78.0,12.0,13.0,38.0
dl_2025-06-16_OKC_IND,2025-06-16,22024,Oklahoma City Thunder,Indiana Pacers,120.0,109.0,W,L,94.0,19.0,11.0,32.0,82.0,18.0,22.0,30.0
dl_2025-06-19_IND_OKC,2025-06-19,22024,Indiana Pacers,Oklahoma City Thunder,108.0,91.0,W,L,92.0,11.0,10.0,25.0,74.0,4.0,21.0,26.0
dl_2025-06-22_OKC_IND,2025-06-22,22024,Oklahoma City Thunder,Indiana Pacers,103.0,91.0,W,L,87.0,13.0,7.0,31.0,70.0,12.0,21.0,29.0
espn_20251022_401809942,2025-10-22,22025,Portland Trail Blazers,Minnesota Timberwolves,114.0,118.0,L,W,90.0,,,35.0,86.0,,,24.0
espn_20251022_401809941,2025-10-22,22025,Phoenix Suns,Sacramento Kings,120.0,116.0,W,L,95.0,,,28.0,94.0,,,23.0
espn_20251022_401809235,2025-10-22,22025,Dallas Mavericks,San Antonio Spurs,92.0,125.0,L,W,83.0,,,26.0,87.0,,,28.0
espn_20251022_401809940,2025-10-22,22025,Utah Jazz,LA Clippers,129.0,108.0,W,L,87.0,,,20.0,88.0,,,21.0
espn_20251022_401809939,2025-10-22,22025,Milwaukee Bucks,Washington Wizards,133.0,120.0,W,L,98.0,,,19.0,98.0,,,19.0
espn_20251022_401809938,2025-10-22,22025,Memphis Grizzlies,New Orleans Pelicans,128.0,122.0,W,L,80.0,,,43.0,98.0,,,31.0
espn_20251022_401809936,2025-10-22,22025,Boston Celtics,Philadelphia 76ers,116.0,117.0,L,W,91.0,,,26.0,85.0,,,30.0
espn_20251022_401809935,2025-10-22,22025,Atlanta Hawks,Toronto Raptors,118.0,138.0,L,W,90.0,,,37.0,95.0,,,29.0
espn_20251022_401809934,2025-10-22,22025,Orlando Magic,Miami Heat,125.0,121.0,W,L,90.0,,,35.0,91.0,,,27.0
espn_20251022_401809933,2025-10-22,22025,Charlotte Hornets,Brooklyn Nets,136.0,117.0,W,L,90.0,,,33.0,88.0,,,34.0
espn_20251022_401809234,2025-10-22,22025,New York Knicks,Cleveland Cavaliers,119.0,111.0,W,L,86.0,,,36.0,86.0,,,18.0
espn_20251022_401809937,2025-10-22,22025,Chicago Bulls,Detroit Pistons,115.0,111.0,W,L,87.0,,,32.0,97.0,,,26.0
espn_20251023_401809236,2025-10-23,22025,Indiana Pacers,Oklahoma City Thunder,135.0,141.0,L,W,105.0,,,40.0,95.0,,,51.0
espn_20251023_401809237,2025-10-23,22025,Golden State Warriors,Denver Nuggets,137.0,131.0,W,L,99.0,,,25.0,95.0,,,14.0
espn_20251024_401809951,2025-10-24,22025,Los Angeles Lakers,Minnesota Timberwolves,128.0,110.0,W,L,76.0,,,32.0,88.0,,,21.0
espn_20251024_401809954,2025-10-24,22025,LA Clippers,Phoenix Suns,129.0,102.0,W,L,76.0,,,26.0,90.0,,,15.0
espn_20251024_401809953,2025-10-24,22025,Sacramento Kings,Utah Jazz,105.0,104.0,W,L,83.0,,,15.0,86.0,,,17.0
espn_20251024_401809952,2025-10-24,22025,Portland Trail Blazers,Golden State Warriors,139.0,119.0,W,L,93.0,,,25.0,80.0,,,39.0
espn_20251024_401809950,2025-10-24,22025,Dallas Mavericks,Washington Wizards,107.0,117.0,L,W,88.0,,,27.0,90.0,,,29.0
espn_20251024_401809949,2025-10-24,22025,New Orleans Pelicans,San Antonio Spurs,116.0,120.0,L,W,97.0,,,29.0,98.0,,,26.0
espn_20251024_401809947,2025-10-24,22025,Houston Rockets,Detroit Pistons,111.0,115.0,L,W,83.0,,,48.0,90.0,,,23.0
espn_20251024_401809945,2025-10-24,22025,New York Knicks,Boston Celtics,105.0,95.0,W,L,86.0,,,25.0,82.0,,,15.0
espn_20251024_401809944,2025-10-24,22025,Brooklyn Nets,Cleveland Cavaliers,124.0,131.0,L,W,96.0,,,7.0,82.0,,,35.0
espn_20251024_401809943,2025-10-24,22025,Orlando Magic,Atlanta Hawks,107.0,111.0,L,W,78.0,,,37.0,85.0,,,28.0
espn_20251024_401809946,2025-10-24,22025,Toronto Raptors,Milwaukee Bucks,116.0,122.0,L,W,85.0,,,32.0,90.0,,,25.0
espn_20251024_401809948,2025-10-24,22025,Memphis Grizzlies,Miami Heat,114.0,146.0,L,W,95.0,,,28.0,102.0,,,22.0
espn_20251025_401809959,2025-10-25,22025,Denver Nuggets,Phoenix Suns,133.0,111.0,W,L,84.0,,,42.0,88.0,,,22.0
espn_20251025_401809955,2025-10-25,22025,Orlando Magic,Chicago Bulls,98.0,110.0,L,W,87.0,,,33.0,83.0,,,29.0
espn_20251025_401809956,2025-10-25,22025,Atlanta Hawks,Oklahoma City Thunder,100.0,117.0,L,W,85.0,,,21.0,93.0,,,19.0
espn_20251025_401809957,2025-10-25,22025,Philadelphia 76ers,Charlotte Hornets,125.0,121.0,W,L,87.0,,,32.0,89.0,,,28.0
espn_20251025_401809958,2025-10-25,22025,Memphis Grizzlies,Indiana Pacers,128.0,103.0,W,L,97.0,,,32.0,89.0,,,23.0
espn_20251028_401809982,2025-10-28,22025,Golden State Warriors,LA Clippers,98.0,79.0,W,L,86.0,,,4.0,82.0,,,16.0
espn_20251028_401809981,2025-10-28,22025,Oklahoma City Thunder,Sacramento Kings,107.0,101.0,W,L,92.0,,,10.0,85.0,,,21.0
espn_20251028_401809980,2025-10-28,22025,Milwaukee Bucks,New York Knicks,121.0,111.0,W,L,79.0,,,24.0,92.0,,,23.0
espn_20251028_401809979,2025-10-28,22025,Miami Heat,Charlotte Hornets,144.0,117.0,W,L,96.0,,,22.0,90.0,,,23.0
espn_20251028_401809978,2025-10-28,22025,Washington Wizards,Philadelphia 76ers,134.0,139.0,L,W,107.0,,,21.0,100.0,,,37.0
espn_20251029_401809989,2025-10-29,22025,Denver Nuggets,New Orleans Pelicans,122.0,88.0,W,L,90.0,,,14.0,85.0,,,29.0
espn_20251029_401809991,2025-10-29,22025,Minnesota Timberwolves,Los Angeles Lakers,115.0,116.0,L,W,82.0,,,22.0,83.0,,,22.0
espn_20251029_401809990,2025-10-29,22025,Utah Jazz,Portland Trail Blazers,134.0,136.0,L,W,84.0,,,49.0,96.0,,,27.0
espn_20251029_401809992,2025-10-29,22025,Phoenix Suns,Memphis Grizzlies,113.0,114.0,L,W,86.0,,,17.0,93.0,,,13.0
espn_20251029_401809988,2025-10-29,22025,Dallas Mavericks,Indiana Pacers,107.0,105.0,W,L,79.0,,,37.0,106.0,,,28.0
espn_20251029_401809986,2025-10-29,22025,Toronto Raptors,Houston Rockets,121.0,139.0,L,W,85.0,,,19.0,87.0,,,34.0
espn_20251029_401809985,2025-10-29,22025,Brooklyn Nets,Atlanta Hawks,112.0,117.0,L,W,88.0,,,27.0,93.0,,,22.0
espn_20251029_401809984,2025-10-29,22025,Detroit Pistons,Orlando Magic,135.0,116.0,W,L,93.0,,,34.0,83.0,,,40.0
espn_20251029_401809983,2025-10-29,22025,Boston Celtics,Cleveland Cavaliers,125.0,105.0,W,L,95.0,,,24.0,87.0,,,24.0
espn_20251029_401809987,2025-10-29,22025,Chicago Bulls,Sacramento Kings,126.0,113.0,W,L,91.0,,,18.0,82.0,,,26.0
espn_20251030_401809996,2025-10-30,22025,San Antonio Spurs,Miami Heat,107.0,101.0,W,L,86.0,,,23.0,90.0,,,11.0
espn_20251030_401809995,2025-10-30,22025,Oklahoma City Thunder,Washington Wizards,127.0,108.0,W,L,98.0,,,28.0,84.0,,,17.0
espn_20251030_401809994,2025-10-30,22025,Milwaukee Bucks,Golden State Warriors,120.0,110.0,W,L,96.0,,,13.0,85.0,,,26.0
espn_20251030_401809993,2025-10-30,22025,Charlotte Hornets,Orlando Magic,107.0,123.0,L,W,83.0,,,15.0,87.0,,,23.0
espn_20251031_401809508,2025-10-31,22025,Portland Trail Blazers,Denver Nuggets,109.0,107.0,W,L,91.0,,,31.0,79.0,,,31.0
espn_20251031_401809507,2025-10-31,22025,Phoenix Suns,Utah Jazz,118.0,96.0,W,L,91.0,,,18.0,80.0,,,32.0
espn_20251031_401809509,2025-10-31,22025,LA Clippers,New Orleans Pelicans,126.0,124.0,W,L,89.0,,,21.0,83.0,,,29.0
espn_20251031_401809506,2025-10-31,22025,Memphis Grizzlies,Los Angeles Lakers,112.0,117.0,L,W,93.0,,,19.0,76.0,,,33.0
espn_20251031_401809503,2025-10-31,22025,Philadelphia 76ers,Boston Celtics,108.0,109.0,L,W,78.0,,,29.0,101.0,,,12.0
espn_20251031_401809504,2025-10-31,22025,Cleveland Cavaliers,Toronto Raptors,101.0,112.0,L,W,90.0,,,23.0,82.0,,,24.0
espn_20251031_401809502,2025-10-31,22025,Indiana Pacers,Atlanta Hawks,108.0,128.0,L,W,99.0,,,33.0,94.0,,,20.0
espn_20251031_401809505,2025-10-31,22025,Chicago Bulls,New York Knicks,135.0,125.0,W,L,84.0,,,35.0,91.0,,,23.0
espn_20251101_401809997,2025-11-01,22025,Milwaukee Bucks,Sacramento Kings,133.0,135.0,L,W,82.0,,,31.0,87.0,,,40.0
espn_20251101_401809998,2025-11-01,22025,Charlotte Hornets,Minnesota Timberwolves,105.0,122.0,L,W,86.0,,,27.0,87.0,,,14.0
espn_20251101_401809999,2025-11-01,22025,Indiana Pacers,Golden State Warriors,114.0,109.0,W,L,89.0,,,28.0,90.0,,,22.0
espn_20251101_401810000,2025-11-01,22025,Washington Wizards,Orlando Magic,94.0,125.0,L,W,98.0,,,15.0,92.0,,,22.0
espn_20251101_401810001,2025-11-01,22025,Boston Celtics,Houston Rockets,101.0,128.0,L,W,103.0,,,7.0,77.0,,,35.0
espn_20251101_401810002,2025-11-01,22025,Detroit Pistons,Dallas Mavericks,122.0,110.0,W,L,91.0,,,34.0,80.0,,,31.0
espn_20251102_401810010,2025-11-02,22025,Los Angeles Lakers,Miami Heat,130.0,120.0,W,L,95.0,,,23.0,84.0,,,36.0
espn_20251102_401810009,2025-11-02,22025,Phoenix Suns,San Antonio Spurs,130.0,118.0,W,L,79.0,,,22.0,98.0,,,23.0
espn_20251102_401810008,2025-11-02,22025,New York Knicks,Chicago Bulls,128.0,116.0,W,L,95.0,,,22.0,93.0,,,11.0
espn_20251102_401810007,2025-11-02,22025,Toronto Raptors,Memphis Grizzlies,117.0,104.0,W,L,89.0,,,20.0,87.0,,,20.0
espn_20251102_401810004,2025-11-02,22025,Brooklyn Nets,Philadelphia 76ers,105.0,129.0,L,W,91.0,,,26.0,96.0,,,17.0
espn_20251102_401810005,2025-11-02,22025,Charlotte Hornets,Utah Jazz,126.0,103.0,W,L,88.0,,,22.0,88.0,,,29.0
espn_20251102_401810003,2025-11-02,22025,Oklahoma City Thunder,New Orleans Pelicans,137.0,106.0,W,L,84.0,,,26.0,80.0,,,32.0
espn_20251102_401810006,2025-11-02,22025,Cleveland Cavaliers,Atlanta Hawks,117.0,109.0,W,L,97.0,,,18.0,77.0,,,35.0
espn_20251103_401810017,2025-11-03,22025,Denver Nuggets,Sacramento Kings,130.0,124.0,W,L,97.0,,,24.0,90.0,,,25.0
espn_20251103_401810019,2025-11-03,22025,LA Clippers,Miami Heat,119.0,120.0,L,W,88.0,,,19.0,83.0,,,24.0
espn_20251103_401810018,2025-11-03,22025,Portland Trail Blazers,Los Angeles Lakers,115.0,123.0,L,W,85.0,,,30.0,85.0,,,16.0
espn_20251103_401810015,2025-11-03,22025,Houston Rockets,Dallas Mavericks,110.0,102.0,W,L,89.0,,,30.0,89.0,,,20.0
espn_20251103_401810016,2025-11-03,22025,Memphis Grizzlies,Detroit Pistons,106.0,114.0,L,W,87.0,,,25.0,83.0,,,29.0
espn_20251103_401810013,2025-11-03,22025,Boston Celtics,Utah Jazz,103.0,105.0,L,W,89.0,,,22.0,84.0,,,25.0
espn_20251103_401810012,2025-11-03,22025,Indiana Pacers,Milwaukee Bucks,115.0,117.0,L,W,90.0,,,38.0,88.0,,,22.0
espn_20251103_401810011,2025-11-03,22025,Brooklyn Nets,Minnesota Timberwolves,109.0,125.0,L,W,89.0,,,38.0,78.0,,,35.0
espn_20251103_401810014,2025-11-03,22025,New York Knicks,Washington Wizards,119.0,102.0,W,L,94.0,,,20.0,81.0,,,19.0
espn_20251104_401810025,2025-11-04,22025,LA Clippers,Oklahoma City Thunder,107.0,126.0,L,W,80.0,,,27.0,86.0,,,22.0
espn_20251104_401810024,2025-11-04,22025,Golden State Warriors,Phoenix Suns,118.0,107.0,W,L,83.0,,,20.0,91.0,,,16.0
espn_20251104_401810023,2025-11-04,22025,New Orleans Pelicans,Charlotte Hornets,116.0,112.0,W,L,90.0,,,19.0,82.0,,,28.0
espn_20251104_401810021,2025-11-04,22025,Atlanta Hawks,Orlando Magic,127.0,112.0,W,L,72.0,,,42.0,83.0,,,33.0
espn_20251104_401810020,2025-11-04,22025,Toronto Raptors,Milwaukee Bucks,128.0,100.0,W,L,91.0,,,29.0,86.0,,,21.0
espn_20251104_401810022,2025-11-04,22025,Chicago Bulls,Philadelphia 76ers,113.0,111.0,W,L,89.0,,,20.0,94.0,,,24.0
espn_20251105_401810036,2025-11-05,22025,Sacramento Kings,Golden State Warriors,121.0,116.0,W,L,83.0,,,33.0,89.0,,,23.0
espn_20251105_401810035,2025-11-05,22025,Portland Trail Blazers,Oklahoma City Thunder,121.0,119.0,W,L,88.0,,,32.0,91.0,,,31.0
espn_20251105_401810034,2025-11-05,22025,Los Angeles Lakers,San Antonio Spurs,118.0,116.0,W,L,83.0,,,44.0,74.0,,,40.0
espn_20251105_401810032,2025-11-05,22025,Dallas Mavericks,New Orleans Pelicans,99.0,101.0,L,W,89.0,,,20.0,91.0,,,16.0
espn_20251105_401810031,2025-11-05,22025,Memphis Grizzlies,Houston Rockets,109.0,124.0,L,W,89.0,,,35.0,101.0,,,18.0
espn_20251105_401810033,2025-11-05,22025,Denver Nuggets,Miami Heat,122.0,112.0,W,L,101.0,,,28.0,86.0,,,25.0
espn_20251105_401810029,2025-11-05,22025,Boston Celtics,Washington Wizards,136.0,107.0,W,L,95.0,,,21.0,80.0,,,27.0
espn_20251105_401810028,2025-11-05,22025,Indiana Pacers,Brooklyn Nets,103.0,112.0,L,W,99.0,,,13.0,86.0,,,35.0
espn_20251105_401810027,2025-11-05,22025,Detroit Pistons,Utah Jazz,114.0,103.0,W,L,91.0,,,22.0,86.0,,,29.0
espn_20251105_401810026,2025-11-05,22025,Cleveland Cavaliers,Philadelphia 76ers,132.0,121.0,W,L,92.0,,,17.0,90.0,,,30.0
espn_20251105_401810030,2025-11-05,22025,New York Knicks,Minnesota Timberwolves,137.0,114.0,W,L,102.0,,,9.0,83.0,,,17.0
espn_20251106_401810037,2025-11-06,22025,Phoenix Suns,LA Clippers,115.0,102.0,W,L,92.0,,,19.0,79.0,,,30.0
espn_20251107_401809777,2025-11-07,22025,Milwaukee Bucks,Chicago Bulls,126.0,110.0,W,L,103.0,,,18.0,90.0,,,16.0
espn_20251107_401809780,2025-11-07,22025,Sacramento Kings,Oklahoma City Thunder,101.0,132.0,L,W,92.0,,,15.0,91.0,,,24.0
espn_20251107_401809779,2025-11-07,22025,Denver Nuggets,Golden State Warriors,129.0,104.0,W,L,82.0,,,25.0,95.0,,,15.0
espn_20251107_401809778,2025-11-07,22025,Minnesota Timberwolves,Utah Jazz,137.0,97.0,W,L,88.0,,,27.0,94.0,,,25.0
espn_20251107_401809776,2025-11-07,22025,Memphis Grizzlies,Dallas Mavericks,118.0,104.0,W,L,85.0,,,28.0,86.0,,,16.0
espn_20251107_401809510,2025-11-07,22025,Orlando Magic,Boston Celtics,123.0,110.0,W,L,82.0,,,31.0,95.0,,,16.0
espn_20251107_401809774,2025-11-07,22025,San Antonio Spurs,Houston Rockets,121.0,110.0,W,L,87.0,,,25.0,85.0,,,21.0
espn_20251107_401809773,2025-11-07,22025,Brooklyn Nets,Detroit Pistons,107.0,125.0,L,W,80.0,,,26.0,85.0,,,30.0
espn_20251107_401809512,2025-11-07,22025,Atlanta Hawks,Toronto Raptors,97.0,109.0,L,W,96.0,,,23.0,91.0,,,25.0
espn_20251107_401809511,2025-11-07,22025,Washington Wizards,Cleveland Cavaliers,115.0,148.0,L,W,91.0,,,23.0,110.0,,,31.0
espn_20251107_401809775,2025-11-07,22025,Miami Heat,Charlotte Hornets,126.0,108.0,W,L,99.0,,,14.0,97.0,,,27.0
espn_20251108_401810043,2025-11-08,22025,San Antonio Spurs,New Orleans Pelicans,126.0,119.0,W,L,90.0,,,18.0,94.0,,,17.0
espn_20251108_401810045,2025-11-08,22025,LA Clippers,Phoenix Suns,103.0,114.0,L,W,77.0,,,18.0,83.0,,,21.0
espn_20251108_401810044,2025-11-08,22025,Denver Nuggets,Indiana Pacers,117.0,100.0,W,L,93.0,,,23.0,93.0,,,34.0
espn_20251108_401810042,2025-11-08,22025,Miami Heat,Portland Trail Blazers,136.0,131.0,W,L,96.0,,,36.0,109.0,,,23.0
espn_20251108_401810038,2025-11-08,22025,Washington Wizards,Dallas Mavericks,105.0,111.0,L,W,89.0,,,23.0,93.0,,,30.0
espn_20251108_401810040,2025-11-08,22025,Atlanta Hawks,Los Angeles Lakers,122.0,102.0,W,L,93.0,,,11.0,81.0,,,20.0
espn_20251108_401810039,2025-11-08,22025,Philadelphia 76ers,Toronto Raptors,130.0,120.0,W,L,96.0,,,28.0,90.0,,,28.0
espn_20251108_401810041,2025-11-08,22025,Cleveland Cavaliers,Chicago Bulls,128.0,122.0,W,L,94.0,,,26.0,84.0,,,36.0
espn_20251109_401810046,2025-11-09,22025,Milwaukee Bucks,Houston Rockets,115.0,122.0,L,W,79.0,,,24.0,90.0,,,21.0
espn_20251109_401810047,2025-11-09,22025,New York Knicks,Brooklyn Nets,134.0,98.0,W,L,89.0,,,26.0,82.0,,,24.0
espn_20251109_401810048,2025-11-09,22025,Orlando Magic,Boston Celtics,107.0,111.0,L,W,78.0,,,32.0,85.0,,,25.0
espn_20251109_401810049,2025-11-09,22025,Memphis Grizzlies,Oklahoma City Thunder,100.0,114.0,L,W,91.0,,,18.0,95.0,,,26.0
espn_20251109_401810050,2025-11-09,22025,Philadelphia 76ers,Detroit Pistons,108.0,111.0,L,W,84.0,,,28.0,82.0,,,28.0
espn_20251109_401810051,2025-11-09,22025,Golden State Warriors,Indiana Pacers,114.0,83.0,W,L,88.0,,,37.0,94.0,,,11.0
espn_20251109_401810052,2025-11-09,22025,Sacramento Kings,Minnesota Timberwolves,117.0,144.0,L,W,90.0,,,31.0,97.0,,,24.0
espn_20251110_401810061,2025-11-10,22025,LA Clippers,Atlanta Hawks,102.0,105.0,L,W,82.0,,,25.0,84.0,,,20.0
espn_20251110_401810060,2025-11-10,22025,Utah Jazz,Minnesota Timberwolves,113.0,120.0,L,W,95.0,,,24.0,89.0,,,28.0
espn_20251110_401810059,2025-11-10,22025,Phoenix Suns,New Orleans Pelicans,121.0,98.0,W,L,78.0,,,31.0,83.0,,,26.0
espn_20251110_401810058,2025-11-10,22025,Dallas Mavericks,Milwaukee Bucks,114.0,116.0,L,W,89.0,,,41.0,91.0,,,25.0
espn_20251110_401810053,2025-11-10,22025,Charlotte Hornets,Los Angeles Lakers,111.0,121.0,L,W,71.0,,,22.0,90.0,,,20.0
espn_20251110_401810056,2025-11-10,22025,Miami Heat,Cleveland Cavaliers,140.0,138.0,W,L,98.0,,,41.0,120.0,,,27.0
espn_20251110_401810055,2025-11-10,22025,Orlando Magic,Portland Trail Blazers,115.0,112.0,W,L,87.0,,,34.0,90.0,,,26.0
espn_20251110_401810054,2025-11-10,22025,Detroit Pistons,Washington Wizards,137.0,135.0,W,L,114.0,,,38.0,95.0,,,26.0
espn_20251110_401810057,2025-11-10,22025,Chicago Bulls,San Antonio Spurs,117.0,121.0,L,W,93.0,,,23.0,86.0,,,27.0
espn_20251111_401810067,2025-11-11,22025,Sacramento Kings,Denver Nuggets,108.0,122.0,L,W,85.0,,,23.0,86.0,,,27.0
espn_20251111_401810066,2025-11-11,22025,Utah Jazz,Indiana Pacers,152.0,128.0,W,L,92.0,,,35.0,99.0,,,29.0
espn_20251111_401810065,2025-11-11,22025,Oklahoma City Thunder,Golden State Warriors,126.0,102.0,W,L,83.0,,,31.0,74.0,,,29.0
espn_20251111_401810063,2025-11-11,22025,New York Knicks,Memphis Grizzlies,133.0,120.0,W,L,98.0,,,20.0,84.0,,,24.0
espn_20251111_401810062,2025-11-11,22025,Brooklyn Nets,Toronto Raptors,109.0,119.0,L,W,81.0,,,32.0,91.0,,,25.0
espn_20251111_401810064,2025-11-11,22025,Philadelphia 76ers,Boston Celtics,102.0,100.0,W,L,84.0,,,19.0,92.0,,,19.0
espn_20251112_401810079,2025-11-12,22025,LA Clippers,Denver Nuggets,116.0,130.0,L,W,84.0,,,19.0,84.0,,,35.0
espn_20251112_401810075,2025-11-12,22025,San Antonio Spurs,Golden State Warriors,120.0,125.0,L,W,94.0,,,16.0,85.0,,,36.0
espn_20251112_401810078,2025-11-12,22025,Sacramento Kings,Atlanta Hawks,100.0,133.0,L,W,92.0,,,18.0,85.0,,,22.0
espn_20251112_401810077,2025-11-12,22025,Oklahoma City Thunder,Los Angeles Lakers,121.0,92.0,W,L,88.0,,,23.0,77.0,,,28.0
espn_20251112_401810076,2025-11-12,22025,Dallas Mavericks,Phoenix Suns,114.0,123.0,L,W,86.0,,,17.0,95.0,,,26.0
espn_20251112_401810074,2025-11-12,22025,New Orleans Pelicans,Portland Trail Blazers,117.0,125.0,L,W,91.0,,,21.0,83.0,,,17.0
espn_20251112_401810068,2025-11-12,22025,Charlotte Hornets,Milwaukee Bucks,111.0,100.0,W,L,86.0,,,27.0,88.0,,,13.0
espn_20251112_401810072,2025-11-12,22025,Miami Heat,Cleveland Cavaliers,116.0,130.0,L,W,94.0,,,13.0,104.0,,,31.0
espn_20251112_401810071,2025-11-12,22025,Boston Celtics,Memphis Grizzlies,131.0,95.0,W,L,99.0,,,12.0,95.0,,,26.0
espn_20251112_401810070,2025-11-12,22025,New York Knicks,Orlando Magic,107.0,124.0,L,W,88.0,,,23.0,86.0,,,33.0
espn_20251112_401810069,2025-11-12,22025,Detroit Pistons,Chicago Bulls,124.0,113.0,W,L,90.0,,,16.0,86.0,,,28.0
espn_20251112_401810073,2025-11-12,22025,Houston Rockets,Washington Wizards,135.0,112.0,W,L,96.0,,,23.0,92.0,,,19.0
espn_20251113_401810080,2025-11-13,22025,Cleveland Cavaliers,Toronto Raptors,113.0,126.0,L,W,91.0,,,26.0,88.0,,,17.0
espn_20251113_401810081,2025-11-13,22025,Phoenix Suns,Indiana Pacers,133.0,98.0,W,L,85.0,,,27.0,88.0,,,29.0
espn_20251113_401810082,2025-11-13,22025,Utah Jazz,Atlanta Hawks,122.0,132.0,L,W,92.0,,,21.0,90.0,,,22.0
espn_20251114_401809789,2025-11-14,22025,San Antonio Spurs,Golden State Warriors,108.0,109.0,L,W,85.0,,,19.0,90.0,,,18.0
espn_20251114_401809788,2025-11-14,22025,Dallas Mavericks,LA Clippers,127.0,133.0,L,W,99.0,,,38.0,95.0,,,36.0
espn_20251114_401809787,2025-11-14,22025,New Orleans Pelicans,Los Angeles Lakers,104.0,118.0,L,W,89.0,,,18.0,84.0,,,26.0
espn_20251114_401809786,2025-11-14,22025,Minnesota Timberwolves,Sacramento Kings,124.0,110.0,W,L,86.0,,,40.0,93.0,,,27.0
espn_20251114_401809785,2025-11-14,22025,Milwaukee Bucks,Charlotte Hornets,147.0,134.0,W,L,85.0,,,22.0,98.0,,,29.0
espn_20251114_401809783,2025-11-14,22025,Detroit Pistons,Philadelphia 76ers,114.0,105.0,W,L,92.0,,,18.0,90.0,,,15.0
espn_20251114_401809782,2025-11-14,22025,Orlando Magic,Brooklyn Nets,105.0,98.0,W,L,78.0,,,21.0,89.0,,,16.0
espn_20251114_401809781,2025-11-14,22025,New York Knicks,Miami Heat,140.0,132.0,W,L,104.0,,,29.0,95.0,,,34.0
espn_20251114_401809784,2025-11-14,22025,Houston Rockets,Portland Trail Blazers,140.0,116.0,W,L,106.0,,,20.0,89.0,,,27.0
espn_20251115_401810083,2025-11-15,22025,Cleveland Cavaliers,Memphis Grizzlies,108.0,100.0,W,L,83.0,,,29.0,86.0,,,40.0
espn_20251115_401810084,2025-11-15,22025,Charlotte Hornets,Oklahoma City Thunder,96.0,109.0,L,W,96.0,,,7.0,89.0,,,10.0
espn_20251115_401810085,2025-11-15,22025,Indiana Pacers,Toronto Raptors,111.0,129.0,L,W,87.0,,,27.0,87.0,,,42.0
espn_20251115_401810086,2025-11-15,22025,Milwaukee Bucks,Los Angeles Lakers,95.0,119.0,L,W,80.0,,,24.0,77.0,,,33.0
espn_20251115_401810087,2025-11-15,22025,Minnesota Timberwolves,Denver Nuggets,112.0,123.0,L,W,88.0,,,23.0,83.0,,,38.0
espn_20251116_401810095,2025-11-16,22025,Utah Jazz,Chicago Bulls,150.0,147.0,W,L,111.0,,,41.0,108.0,,,32.0
espn_20251116_401810094,2025-11-16,22025,Phoenix Suns,Atlanta Hawks,122.0,124.0,L,W,97.0,,,19.0,85.0,,,24.0
espn_20251116_401810092,2025-11-16,22025,New Orleans Pelicans,Golden State Warriors,106.0,124.0,L,W,83.0,,,29.0,94.0,,,17.0
espn_20251116_401810093,2025-11-16,22025,Dallas Mavericks,Portland Trail Blazers,138.0,133.0,W,L,95.0,,,40.0,113.0,,,32.0
espn_20251116_401810090,2025-11-16,22025,Washington Wizards,Brooklyn Nets,106.0,129.0,L,W,84.0,,,22.0,79.0,,,35.0
espn_20251116_401810089,2025-11-16,22025,San Antonio Spurs,Sacramento Kings,123.0,110.0,W,L,87.0,,,18.0,87.0,,,22.0
espn_20251116_401810088,2025-11-16,22025,Boston Celtics,LA Clippers,121.0,118.0,W,L,103.0,,,17.0,81.0,,,30.0
espn_20251116_401810091,2025-11-16,22025,Houston Rockets,Orlando Magic,117.0,113.0,W,L,100.0,,,29.0,91.0,,,34.0
espn_20251117_401810096,2025-11-17,22025,Cleveland Cavaliers,Milwaukee Bucks,118.0,106.0,W,L,79.0,,,21.0,93.0,,,15.0
espn_20251117_401810097,2025-11-17,22025,Detroit Pistons,Indiana Pacers,127.0,112.0,W,L,88.0,,,30.0,84.0,,,45.0
espn_20251117_401810098,2025-11-17,22025,Philadelphia 76ers,LA Clippers,110.0,108.0,W,L,84.0,,,30.0,87.0,,,27.0
espn_20251117_401810099,2025-11-17,22025,Miami Heat,New York Knicks,115.0,113.0,W,L,101.0,,,13.0,94.0,,,24.0
espn_20251117_401810100,2025-11-17,22025,Toronto Raptors,Charlotte Hornets,110.0,108.0,W,L,88.0,,,16.0,87.0,,,30.0
espn_20251117_401810101,2025-11-17,22025,Minnesota Timberwolves,Dallas Mavericks,120.0,96.0,W,L,97.0,,,25.0,85.0,,,31.0
espn_20251117_401810102,2025-11-17,22025,New Orleans Pelicans,Oklahoma City Thunder,109.0,126.0,L,W,86.0,,,15.0,87.0,,,28.0
espn_20251117_401810103,2025-11-17,22025,Denver Nuggets,Chicago Bulls,127.0,130.0,L,W,97.0,,,25.0,102.0,,,19.0
espn_20251118_401810109,2025-11-18,22025,Portland Trail Blazers,Phoenix Suns,110.0,127.0,L,W,97.0,,,20.0,98.0,,,22.0
espn_20251118_401810108,2025-11-18,22025,Los Angeles Lakers,Utah Jazz,140.0,126.0,W,L,84.0,,,40.0,92.0,,,18.0
espn_20251118_401810107,2025-11-18,22025,San Antonio Spurs,Memphis Grizzlies,111.0,101.0,W,L,87.0,,,13.0,104.0,,,9.0
espn_20251118_401810106,2025-11-18,22025,Atlanta Hawks,Detroit Pistons,112.0,120.0,L,W,87.0,,,15.0,83.0,,,24.0
espn_20251118_401810104,2025-11-18,22025,Orlando Magic,Golden State Warriors,121.0,113.0,W,L,85.0,,,29.0,78.0,,,28.0
espn_20251118_401810105,2025-11-18,22025,Brooklyn Nets,Boston Celtics,99.0,113.0,L,W,82.0,,,27.0,75.0,,,26.0
espn_20251119_401810110,2025-11-19,22025,Cleveland Cavaliers,Houston Rockets,104.0,114.0,L,W,81.0,,,32.0,90.0,,,27.0
espn_20251119_401810111,2025-11-19,22025,Indiana Pacers,Charlotte Hornets,127.0,118.0,W,L,85.0,,,23.0,107.0,,,22.0
espn_20251119_401810113,2025-11-19,22025,Philadelphia 76ers,Toronto Raptors,112.0,121.0,L,W,87.0,,,18.0,84.0,,,24.0
espn_20251119_401810112,2025-11-19,22025,Miami Heat,Golden State Warriors,110.0,96.0,W,L,96.0,,,26.0,95.0,,,20.0
espn_20251119_401810114,2025-11-19,22025,Minnesota Timberwolves,Washington Wizards,120.0,109.0,W,L,94.0,,,32.0,88.0,,,12.0
espn_20251119_401810115,2025-11-19,22025,New Orleans Pelicans,Denver Nuggets,118.0,125.0,L,W,98.0,,,31.0,83.0,,,27.0
espn_20251119_401810116,2025-11-19,22025,Oklahoma City Thunder,Sacramento Kings,113.0,99.0,W,L,88.0,,,23.0,86.0,,,23.0
espn_20251119_401810117,2025-11-19,22025,Dallas Mavericks,New York Knicks,111.0,113.0,L,W,85.0,,,30.0,93.0,,,35.0
espn_20251119_401810118,2025-11-19,22025,Portland Trail Blazers,Chicago Bulls,121.0,122.0,L,W,107.0,,,32.0,96.0,,,14.0
espn_20251120_401810122,2025-11-20,22025,San Antonio Spurs,Atlanta Hawks,135.0,126.0,W,L,91.0,,,30.0,87.0,,,13.0
espn_20251120_401810121,2025-11-20,22025,Milwaukee Bucks,Philadelphia 76ers,114.0,123.0,L,W,92.0,,,13.0,97.0,,,26.0
espn_20251120_401810119,2025-11-20,22025,Orlando Magic,LA Clippers,129.0,101.0,W,L,94.0,,,24.0,89.0,,,19.0
espn_20251120_401810120,2025-11-20,22025,Memphis Grizzlies,Sacramento Kings,137.0,96.0,W,L,99.0,,,26.0,80.0,,,15.0
espn_20251121_401809798,2025-11-21,22025,Golden State Warriors,Portland Trail Blazers,123.0,127.0,L,W,83.0,,,30.0,88.0,,,32.0
espn_20251121_401809790,2025-11-21,22025,Cleveland Cavaliers,Indiana Pacers,120.0,109.0,W,L,89.0,,,27.0,88.0,,,26.0
espn_20251121_401809791,2025-11-21,22025,Boston Celtics,Brooklyn Nets,105.0,113.0,L,W,90.0,,,14.0,82.0,,,21.0
espn_20251121_401809792,2025-11-21,22025,Toronto Raptors,Washington Wizards,140.0,110.0,W,L,83.0,,,39.0,86.0,,,24.0
espn_20251121_401809793,2025-11-21,22025,Chicago Bulls,Miami Heat,107.0,143.0,L,W,90.0,,,28.0,100.0,,,44.0
espn_20251121_401809794,2025-11-21,22025,Dallas Mavericks,New Orleans Pelicans,118.0,115.0,W,L,84.0,,,28.0,91.0,,,31.0
espn_20251121_401809795,2025-11-21,22025,Phoenix Suns,Minnesota Timberwolves,114.0,113.0,W,L,81.0,,,29.0,86.0,,,33.0
espn_20251121_401809796,2025-11-21,22025,Houston Rockets,Denver Nuggets,109.0,112.0,L,W,93.0,,,20.0,76.0,,,27.0
espn_20251121_401809797,2025-11-21,22025,Utah Jazz,Oklahoma City Thunder,112.0,144.0,L,W,79.0,,,24.0,83.0,,,25.0
espn_20251122_401810129,2025-11-22,22025,Denver Nuggets,Sacramento Kings,123.0,128.0,L,W,92.0,,,23.0,91.0,,,23.0
espn_20251122_401810128,2025-11-22,22025,Dallas Mavericks,Memphis Grizzlies,96.0,102.0,L,W,91.0,,,16.0,92.0,,,24.0
espn_20251122_401810126,2025-11-22,22025,Chicago Bulls,Washington Wizards,121.0,120.0,W,L,100.0,,,30.0,96.0,,,20.0
espn_20251122_401810127,2025-11-22,22025,Milwaukee Bucks,Detroit Pistons,116.0,129.0,L,W,84.0,,,12.0,78.0,,,24.0
espn_20251122_401810124,2025-11-22,22025,Orlando Magic,New York Knicks,133.0,121.0,W,L,85.0,,,30.0,79.0,,,28.0
espn_20251122_401810123,2025-11-22,22025,Charlotte Hornets,LA Clippers,116.0,131.0,L,W,85.0,,,26.0,90.0,,,24.0
espn_20251122_401810125,2025-11-22,22025,New Orleans Pelicans,Atlanta Hawks,98.0,115.0,L,W,84.0,,,24.0,90.0,,,19.0
espn_20251123_401810135,2025-11-23,22025,Oklahoma City Thunder,Portland Trail Blazers,122.0,95.0,W,L,85.0,,,23.0,92.0,,,21.0
espn_20251123_401810137,2025-11-23,22025,Utah Jazz,Los Angeles Lakers,106.0,108.0,L,W,94.0,,,18.0,86.0,,,27.0
espn_20251123_401810134,2025-11-23,22025,Toronto Raptors,Brooklyn Nets,119.0,109.0,W,L,84.0,,,29.0,75.0,,,31.0
espn_20251123_401810136,2025-11-23,22025,Phoenix Suns,San Antonio Spurs,111.0,102.0,W,L,97.0,,,16.0,77.0,,,34.0
espn_20251123_401810132,2025-11-23,22025,Boston Celtics,Orlando Magic,138.0,129.0,W,L,88.0,,,22.0,100.0,,,24.0
espn_20251123_401810131,2025-11-23,22025,Atlanta Hawks,Charlotte Hornets,113.0,110.0,W,L,91.0,,,16.0,86.0,,,20.0
espn_20251123_401810130,2025-11-23,22025,Philadelphia 76ers,Miami Heat,117.0,127.0,L,W,98.0,,,19.0,98.0,,,30.0
espn_20251123_401810133,2025-11-23,22025,Cleveland Cavaliers,LA Clippers,120.0,105.0,W,L,87.0,,,20.0,80.0,,,26.0
espn_20251124_401810147,2025-11-24,22025,Sacramento Kings,Minnesota Timberwolves,117.0,112.0,W,L,97.0,,,28.0,97.0,,,22.0
espn_20251124_401810144,2025-11-24,22025,New Orleans Pelicans,Chicago Bulls,143.0,130.0,W,L,104.0,,,35.0,82.0,,,32.0
espn_20251124_401810146,2025-11-24,22025,Golden State Warriors,Utah Jazz,134.0,117.0,W,L,104.0,,,18.0,99.0,,,18.0
espn_20251124_401810145,2025-11-24,22025,Phoenix Suns,Houston Rockets,92.0,114.0,L,W,80.0,,,19.0,88.0,,,17.0
espn_20251124_401810143,2025-11-24,22025,Milwaukee Bucks,Portland Trail Blazers,103.0,115.0,L,W,86.0,,,18.0,79.0,,,33.0
espn_20251124_401810138,2025-11-24,22025,Indiana Pacers,Detroit Pistons,117.0,122.0,L,W,82.0,,,34.0,84.0,,,37.0
espn_20251124_401810141,2025-11-24,22025,Miami Heat,Dallas Mavericks,106.0,102.0,W,L,94.0,,,24.0,97.0,,,16.0
espn_20251124_401810140,2025-11-24,22025,Brooklyn Nets,New York Knicks,100.0,113.0,L,W,87.0,,,28.0,88.0,,,14.0
espn_20251124_401810139,2025-11-24,22025,Toronto Raptors,Cleveland Cavaliers,110.0,99.0,W,L,90.0,,,18.0,87.0,,,13.0
espn_20251124_401810142,2025-11-24,22025,Memphis Grizzlies,Denver Nuggets,115.0,125.0,L,W,93.0,,,15.0,91.0,,,14.0
espn_20251125_401809799,2025-11-25,22025,Washington Wizards,Atlanta Hawks,132.0,113.0,W,L,84.0,,,26.0,95.0,,,16.0
espn_20251125_401809800,2025-11-25,22025,Philadelphia 76ers,Orlando Magic,103.0,144.0,L,W,82.0,,,22.0,101.0,,,28.0
espn_20251125_401809801,2025-11-25,22025,Los Angeles Lakers,LA Clippers,135.0,118.0,W,L,87.0,,,26.0,81.0,,,24.0
espn_20251126_401809809,2025-11-26,22025,Portland Trail Blazers,San Antonio Spurs,102.0,115.0,L,W,87.0,,,30.0,101.0,,,25.0
espn_20251126_401809808,2025-11-26,22025,Golden State Warriors,Houston Rockets,100.0,104.0,L,W,82.0,,,21.0,99.0,,,24.0
espn_20251126_401809807,2025-11-26,22025,New Orleans Pelicans,Memphis Grizzlies,128.0,133.0,L,W,101.0,,,10.0,97.0,,,14.0
espn_20251126_401809806,2025-11-26,22025,Oklahoma City Thunder,Minnesota Timberwolves,113.0,105.0,W,L,80.0,,,38.0,80.0,,,37.0
espn_20251126_401809803,2025-11-26,22025,Charlotte Hornets,New York Knicks,101.0,129.0,L,W,85.0,,,24.0,88.0,,,18.0
espn_20251126_401809804,2025-11-26,22025,Miami Heat,Milwaukee Bucks,106.0,103.0,W,L,85.0,,,20.0,95.0,,,14.0
espn_20251126_401809802,2025-11-26,22025,Boston Celtics,Detroit Pistons,117.0,114.0,W,L,87.0,,,24.0,93.0,,,36.0
espn_20251126_401809810,2025-11-26,22025,Sacramento Kings,Phoenix Suns,100.0,112.0,L,W,86.0,,,10.0,91.0,,,20.0
espn_20251126_401809805,2025-11-26,22025,Toronto Raptors,Indiana Pacers,97.0,95.0,W,L,90.0,,,27.0,78.0,,,23.0
espn_20251128_401809818,2025-11-28,22025,Denver Nuggets,San Antonio Spurs,136.0,139.0,L,W,91.0,,,30.0,94.0,,,32.0
espn_20251128_401809817,2025-11-28,22025,Oklahoma City Thunder,Phoenix Suns,123.0,119.0,W,L,87.0,,,28.0,92.0,,,24.0
espn_20251128_401809820,2025-11-28,22025,Los Angeles Lakers,Dallas Mavericks,129.0,119.0,W,L,76.0,,,26.0,91.0,,,20.0
espn_20251128_401809819,2025-11-28,22025,Utah Jazz,Sacramento Kings,128.0,119.0,W,L,87.0,,,40.0,96.0,,,32.0
espn_20251128_401809816,2025-11-28,22025,New York Knicks,Milwaukee Bucks,118.0,109.0,W,L,84.0,,,33.0,71.0,,,25.0
espn_20251128_401809821,2025-11-28,22025,LA Clippers,Memphis Grizzlies,107.0,112.0,L,W,89.0,,,21.0,88.0,,,22.0
espn_20251128_401809814,2025-11-28,22025,Detroit Pistons,Orlando Magic,109.0,112.0,L,W,84.0,,,31.0,97.0,,,32.0
espn_20251128_401809813,2025-11-28,22025,Charlotte Hornets,Chicago Bulls,123.0,116.0,W,L,97.0,,,24.0,97.0,,,20.0
espn_20251128_401809812,2025-11-28,22025,Brooklyn Nets,Philadelphia 76ers,103.0,115.0,L,W,85.0,,,26.0,88.0,,,20.0
espn_20251128_401809811,2025-11-28,22025,Atlanta Hawks,Cleveland Cavaliers,130.0,123.0,W,L,91.0,,,26.0,95.0,,,20.0
espn_20251128_401809815,2025-11-28,22025,Indiana Pacers,Washington Wizards,119.0,86.0,W,L,92.0,,,13.0,84.0,,,20.0
espn_20251129_401810153,2025-11-29,22025,Golden State Warriors,New Orleans Pelicans,104.0,96.0,W,L,93.0,,,20.0,86.0,,,34.0
espn_20251129_401810152,2025-11-29,22025,Milwaukee Bucks,Brooklyn Nets,116.0,99.0,W,L,84.0,,,17.0,77.0,,,17.0
espn_20251129_401810154,2025-11-29,22025,Phoenix Suns,Denver Nuggets,112.0,130.0,L,W,88.0,,,26.0,76.0,,,21.0
espn_20251129_401810155,2025-11-29,22025,LA Clippers,Dallas Mavericks,110.0,114.0,L,W,80.0,,,31.0,90.0,,,28.0
espn_20251129_401810151,2025-11-29,22025,Miami Heat,Detroit Pistons,135.0,138.0,L,W,88.0,,,39.0,93.0,,,23.0
espn_20251129_401810149,2025-11-29,22025,Charlotte Hornets,Toronto Raptors,118.0,111.0,W,L,93.0,,,29.0,99.0,,,17.0
espn_20251129_401810148,2025-11-29,22025,Minnesota Timberwolves,Boston Celtics,119.0,115.0,W,L,83.0,,,20.0,96.0,,,15.0
espn_20251129_401810150,2025-11-29,22025,Indiana Pacers,Chicago Bulls,103.0,101.0,W,L,89.0,,,11.0,87.0,,,16.0
espn_20251130_401810156,2025-11-30,22025,Utah Jazz,Houston Rockets,101.0,129.0,L,W,88.0,,,15.0,87.0,,,33.0
espn_20251130_401810157,2025-11-30,22025,Cleveland Cavaliers,Boston Celtics,115.0,117.0,L,W,94.0,,,13.0,81.0,,,29.0
espn_20251130_401810158,2025-11-30,22025,New York Knicks,Toronto Raptors,116.0,94.0,W,L,96.0,,,16.0,88.0,,,17.0
espn_20251130_401810159,2025-11-30,22025,Philadelphia 76ers,Atlanta Hawks,134.0,142.0,L,W,105.0,,,38.0,104.0,,,41.0
espn_20251130_401810160,2025-11-30,22025,Portland Trail Blazers,Oklahoma City Thunder,115.0,123.0,L,W,89.0,,,37.0,90.0,,,32.0
espn_20251130_401810161,2025-11-30,22025,Minnesota Timberwolves,San Antonio Spurs,125.0,112.0,W,L,87.0,,,13.0,84.0,,,19.0
espn_20251130_401810162,2025-11-30,22025,Sacramento Kings,Memphis Grizzlies,107.0,115.0,L,W,94.0,,,22.0,86.0,,,22.0
espn_20251130_401810163,2025-11-30,22025,Los Angeles Lakers,New Orleans Pelicans,133.0,121.0,W,L,87.0,,,39.0,91.0,,,20.0
espn_20251201_401810172,2025-12-01,22025,Los Angeles Lakers,Phoenix Suns,108.0,125.0,L,W,80.0,,,15.0,92.0,,,8.0
espn_20251201_401810171,2025-12-01,22025,Utah Jazz,Houston Rockets,133.0,125.0,W,L,90.0,,,38.0,93.0,,,41.0
espn_20251201_401810170,2025-12-01,22025,Denver Nuggets,Dallas Mavericks,121.0,131.0,L,W,99.0,,,18.0,95.0,,,14.0
espn_20251201_401810169,2025-12-01,22025,Orlando Magic,Chicago Bulls,125.0,120.0,W,L,88.0,,,33.0,88.0,,,22.0
espn_20251201_401810167,2025-12-01,22025,Brooklyn Nets,Charlotte Hornets,116.0,103.0,W,L,96.0,,,17.0,85.0,,,18.0
espn_20251201_401810166,2025-12-01,22025,Washington Wizards,Milwaukee Bucks,129.0,126.0,W,L,102.0,,,15.0,84.0,,,21.0
espn_20251201_401810165,2025-12-01,22025,Indiana Pacers,Cleveland Cavaliers,119.0,135.0,L,W,85.0,,,37.0,98.0,,,29.0
espn_20251201_401810164,2025-12-01,22025,Detroit Pistons,Atlanta Hawks,99.0,98.0,W,L,86.0,,,24.0,89.0,,,11.0
espn_20251201_401810168,2025-12-01,22025,Miami Heat,LA Clippers,140.0,123.0,W,L,100.0,,,12.0,96.0,,,35.0
espn_20251202_401810173,2025-12-02,22025,Philadelphia 76ers,Washington Wizards,121.0,102.0,W,L,102.0,,,17.0,88.0,,,32.0
espn_20251202_401810174,2025-12-02,22025,Toronto Raptors,Portland Trail Blazers,121.0,118.0,W,L,90.0,,,21.0,83.0,,,32.0
espn_20251202_401810175,2025-12-02,22025,Boston Celtics,New York Knicks,123.0,117.0,W,L,87.0,,,14.0,85.0,,,17.0
espn_20251202_401810176,2025-12-02,22025,New Orleans Pelicans,Minnesota Timberwolves,142.0,149.0,L,W,91.0,,,35.0,104.0,,,29.0
espn_20251202_401810177,2025-12-02,22025,San Antonio Spurs,Memphis Grizzlies,126.0,119.0,W,L,92.0,,,31.0,90.0,,,24.0
espn_20251202_401810178,2025-12-02,22025,Golden State Warriors,Oklahoma City Thunder,112.0,124.0,L,W,95.0,,,10.0,79.0,,,23.0
espn_20251203_401810185,2025-12-03,22025,Houston Rockets,Sacramento Kings,121.0,95.0,W,L,91.0,,,24.0,97.0,,,10.0
espn_20251203_401810187,2025-12-03,22025,Dallas Mavericks,Miami Heat,118.0,108.0,W,L,91.0,,,12.0,101.0,,,18.0
espn_20251203_401810186,2025-12-03,22025,Milwaukee Bucks,Detroit Pistons,113.0,109.0,W,L,82.0,,,21.0,95.0,,,24.0
espn_20251203_401810184,2025-12-03,22025,Chicago Bulls,Brooklyn Nets,103.0,113.0,L,W,90.0,,,25.0,78.0,,,22.0
espn_20251203_401810183,2025-12-03,22025,New York Knicks,Charlotte Hornets,119.0,104.0,W,L,88.0,,,27.0,90.0,,,21.0
espn_20251203_401810182,2025-12-03,22025,Atlanta Hawks,LA Clippers,92.0,115.0,L,W,85.0,,,14.0,89.0,,,20.0
espn_20251203_401810181,2025-12-03,22025,Orlando Magic,San Antonio Spurs,112.0,114.0,L,W,99.0,,,19.0,91.0,,,24.0
espn_20251203_401810180,2025-12-03,22025,Indiana Pacers,Denver Nuggets,120.0,135.0,L,W,81.0,,,29.0,83.0,,,26.0
espn_20251203_401810179,2025-12-03,22025,Cleveland Cavaliers,Portland Trail Blazers,110.0,122.0,L,W,94.0,,,24.0,85.0,,,39.0
espn_20251204_401810188,2025-12-04,22025,Philadelphia 76ers,Golden State Warriors,99.0,98.0,W,L,85.0,,,14.0,89.0,,,16.0
espn_20251204_401810189,2025-12-04,22025,Washington Wizards,Boston Celtics,101.0,146.0,L,W,84.0,,,25.0,99.0,,,21.0
espn_20251204_401810190,2025-12-04,22025,Brooklyn Nets,Utah Jazz,110.0,123.0,L,W,82.0,,,38.0,83.0,,,27.0
espn_20251204_401810191,2025-12-04,22025,Toronto Raptors,Los Angeles Lakers,120.0,123.0,L,W,89.0,,,21.0,88.0,,,26.0
espn_20251204_401810192,2025-12-04,22025,New Orleans Pelicans,Minnesota Timberwolves,116.0,125.0,L,W,95.0,,,26.0,92.0,,,29.0
espn_20251205_401810204,2025-12-05,22025,Oklahoma City Thunder,Dallas Mavericks,132.0,111.0,W,L,84.0,,,28.0,86.0,,,20.0
espn_20251205_401810203,2025-12-05,22025,Milwaukee Bucks,Philadelphia 76ers,101.0,116.0,L,W,76.0,,,27.0,86.0,,,22.0
espn_20251205_401810202,2025-12-05,22025,Memphis Grizzlies,LA Clippers,107.0,98.0,W,L,78.0,,,18.0,80.0,,,17.0
espn_20251205_401810201,2025-12-05,22025,Houston Rockets,Phoenix Suns,117.0,98.0,W,L,76.0,,,19.0,100.0,,,19.0
espn_20251205_401810200,2025-12-05,22025,Chicago Bulls,Indiana Pacers,105.0,120.0,L,W,77.0,,,29.0,84.0,,,16.0
espn_20251205_401810199,2025-12-05,22025,Toronto Raptors,Charlotte Hornets,86.0,111.0,L,W,92.0,,,13.0,74.0,,,33.0
espn_20251205_401810197,2025-12-05,22025,Detroit Pistons,Portland Trail Blazers,122.0,116.0,W,L,82.0,,,48.0,85.0,,,35.0
espn_20251205_401810196,2025-12-05,22025,Cleveland Cavaliers,San Antonio Spurs,130.0,117.0,W,L,86.0,,,29.0,93.0,,,26.0
espn_20251205_401810195,2025-12-05,22025,Atlanta Hawks,Denver Nuggets,133.0,134.0,L,W,95.0,,,16.0,89.0,,,30.0
espn_20251205_401810194,2025-12-05,22025,Orlando Magic,Miami Heat,106.0,105.0,W,L,92.0,,,24.0,80.0,,,27.0
espn_20251205_401810193,2025-12-05,22025,Boston Celtics,Los Angeles Lakers,126.0,105.0,W,L,84.0,,,12.0,77.0,,,29.0
espn_20251205_401810198,2025-12-05,22025,New York Knicks,Utah Jazz,146.0,112.0,W,L,91.0,,,26.0,87.0,,,35.0
espn_20251206_401810205,2025-12-06,22025,Brooklyn Nets,New Orleans Pelicans,119.0,101.0,W,L,89.0,,,14.0,82.0,,,22.0
espn_20251206_401810206,2025-12-06,22025,Washington Wizards,Atlanta Hawks,116.0,131.0,L,W,80.0,,,19.0,98.0,,,14.0
espn_20251206_401810207,2025-12-06,22025,Cleveland Cavaliers,Golden State Warriors,94.0,99.0,L,W,107.0,,,12.0,86.0,,,23.0
espn_20251206_401810208,2025-12-06,22025,Detroit Pistons,Milwaukee Bucks,124.0,112.0,W,L,86.0,,,31.0,84.0,,,32.0
espn_20251206_401810209,2025-12-06,22025,Miami Heat,Sacramento Kings,111.0,127.0,L,W,85.0,,,32.0,93.0,,,21.0
espn_20251206_401810210,2025-12-06,22025,Minnesota Timberwolves,LA Clippers,109.0,106.0,W,L,68.0,,,34.0,85.0,,,25.0
espn_20251206_401810211,2025-12-06,22025,Dallas Mavericks,Houston Rockets,122.0,109.0,W,L,82.0,,,20.0,87.0,,,13.0
espn_20251207_401810217,2025-12-07,22025,Philadelphia 76ers,Los Angeles Lakers,108.0,112.0,L,W,102.0,,,26.0,85.0,,,27.0
espn_20251207_401810218,2025-12-07,22025,Utah Jazz,Oklahoma City Thunder,101.0,131.0,L,W,85.0,,,12.0,88.0,,,18.0
espn_20251207_401810216,2025-12-07,22025,Chicago Bulls,Golden State Warriors,91.0,123.0,L,W,89.0,,,19.0,88.0,,,19.0
espn_20251207_401810213,2025-12-07,22025,Toronto Raptors,Boston Celtics,113.0,121.0,L,W,88.0,,,21.0,92.0,,,14.0
espn_20251207_401810214,2025-12-07,22025,Charlotte Hornets,Denver Nuggets,106.0,115.0,L,W,85.0,,,21.0,83.0,,,22.0
espn_20251207_401810212,2025-12-07,22025,New York Knicks,Orlando Magic,106.0,100.0,W,L,91.0,,,20.0,94.0,,,24.0
espn_20251207_401810215,2025-12-07,22025,Memphis Grizzlies,Portland Trail Blazers,119.0,96.0,W,L,89.0,,,39.0,83.0,,,18.0
espn_20251208_401810219,2025-12-08,22025,Indiana Pacers,Sacramento Kings,116.0,105.0,W,L,87.0,,,28.0,88.0,,,23.0
espn_20251208_401810220,2025-12-08,22025,Minnesota Timberwolves,Phoenix Suns,105.0,108.0,L,W,83.0,,,23.0,90.0,,,20.0
espn_20251208_401810221,2025-12-08,22025,New Orleans Pelicans,San Antonio Spurs,132.0,135.0,L,W,88.0,,,26.0,98.0,,,25.0
espn_20251210_401809835,2025-12-10,22025,Oklahoma City Thunder,Phoenix Suns,138.0,89.0,W,L,88.0,,,13.0,84.0,,,16.0
espn_20251210_401809836,2025-12-10,22025,Los Angeles Lakers,San Antonio Spurs,119.0,132.0,L,W,87.0,,,23.0,86.0,,,36.0
espn_20251211_401836746,2025-12-11,22025,Houston Rockets,LA Clippers,115.0,113.0,W,L,93.0,,,21.0,78.0,,,26.0
espn_20251211_401836747,2025-12-11,22025,Milwaukee Bucks,Boston Celtics,116.0,101.0,W,L,79.0,,,14.0,88.0,,,25.0
espn_20251211_401836748,2025-12-11,22025,New Orleans Pelicans,Portland Trail Blazers,143.0,120.0,W,L,112.0,,,17.0,102.0,,,22.0
espn_20251211_401836749,2025-12-11,22025,Sacramento Kings,Denver Nuggets,105.0,136.0,L,W,87.0,,,23.0,88.0,,,29.0
espn_20251212_401836796,2025-12-12,22025,Golden State Warriors,Minnesota Timberwolves,120.0,127.0,L,W,96.0,,,22.0,89.0,,,28.0
espn_20251212_401836795,2025-12-12,22025,Dallas Mavericks,Brooklyn Nets,119.0,111.0,W,L,94.0,,,22.0,86.0,,,19.0
espn_20251212_401836754,2025-12-12,22025,Memphis Grizzlies,Utah Jazz,126.0,130.0,L,W,99.0,,,21.0,104.0,,,25.0
espn_20251212_401836753,2025-12-12,22025,Washington Wizards,Cleveland Cavaliers,126.0,130.0,L,W,86.0,,,32.0,97.0,,,36.0
espn_20251212_401836751,2025-12-12,22025,Detroit Pistons,Atlanta Hawks,142.0,115.0,W,L,91.0,,,29.0,85.0,,,31.0
espn_20251212_401836750,2025-12-12,22025,Charlotte Hornets,Chicago Bulls,126.0,129.0,L,W,97.0,,,10.0,94.0,,,19.0
espn_20251212_401836752,2025-12-12,22025,Philadelphia 76ers,Indiana Pacers,115.0,105.0,W,L,79.0,,,43.0,96.0,,,19.0
espn_20251213_401809837,2025-12-13,22025,Orlando Magic,New York Knicks,120.0,132.0,L,W,97.0,,,25.0,84.0,,,31.0
espn_20251213_401809838,2025-12-13,22025,Oklahoma City Thunder,San Antonio Spurs,109.0,111.0,L,W,92.0,,,27.0,90.0,,,32.0
espn_20251214_401836797,2025-12-14,22025,Indiana Pacers,Washington Wizards,89.0,108.0,L,W,84.0,,,21.0,89.0,,,26.0
espn_20251214_401836799,2025-12-14,22025,Cleveland Cavaliers,Charlotte Hornets,111.0,119.0,L,W,95.0,,,29.0,98.0,,,21.0
espn_20251214_401836798,2025-12-14,22025,Atlanta Hawks,Philadelphia 76ers,120.0,117.0,W,L,99.0,,,21.0,101.0,,,29.0
espn_20251214_401836800,2025-12-14,22025,Brooklyn Nets,Milwaukee Bucks,127.0,82.0,W,L,85.0,,,19.0,79.0,,,16.0
espn_20251214_401836801,2025-12-14,22025,Minnesota Timberwolves,Sacramento Kings,117.0,103.0,W,L,94.0,,,27.0,81.0,,,25.0
espn_20251214_401836804,2025-12-14,22025,Chicago Bulls,New Orleans Pelicans,104.0,114.0,L,W,92.0,,,17.0,93.0,,,25.0
espn_20251214_401839699,2025-12-14,22025,Phoenix Suns,Los Angeles Lakers,114.0,116.0,L,W,82.0,,,25.0,88.0,,,43.0
espn_20251214_401836802,2025-12-14,22025,Portland Trail Blazers,Golden State Warriors,136.0,131.0,W,L,89.0,,,29.0,87.0,,,23.0
espn_20251215_401836807,2025-12-15,22025,LA Clippers,Memphis Grizzlies,103.0,121.0,L,W,80.0,,,22.0,86.0,,,17.0
espn_20251215_401836806,2025-12-15,22025,Denver Nuggets,Houston Rockets,128.0,125.0,W,L,85.0,,,33.0,93.0,,,26.0
espn_20251215_401836803,2025-12-15,22025,Boston Celtics,Detroit Pistons,105.0,112.0,L,W,82.0,,,27.0,89.0,,,25.0
espn_20251215_401839023,2025-12-15,22025,Miami Heat,Toronto Raptors,96.0,106.0,L,W,83.0,,,23.0,88.0,,,9.0
espn_20251215_401836805,2025-12-15,22025,Utah Jazz,Dallas Mavericks,140.0,133.0,W,L,97.0,,,33.0,98.0,,,41.0
espn_20251216_401809839,2025-12-16,22025,New York Knicks,San Antonio Spurs,124.0,113.0,W,L,105.0,,,15.0,99.0,,,22.0
espn_20251217_401810222,2025-12-17,22025,Chicago Bulls,Cleveland Cavaliers,127.0,111.0,W,L,89.0,,,18.0,87.0,,,18.0
espn_20251217_401810223,2025-12-17,22025,Minnesota Timberwolves,Memphis Grizzlies,110.0,116.0,L,W,98.0,,,27.0,96.0,,,25.0
espn_20251218_401810235,2025-12-18,22025,Portland Trail Blazers,Sacramento Kings,134.0,133.0,W,L,103.0,,,33.0,94.0,,,34.0
espn_20251218_401810234,2025-12-18,22025,Utah Jazz,Los Angeles Lakers,135.0,143.0,L,W,83.0,,,47.0,93.0,,,39.0
espn_20251218_401810233,2025-12-18,22025,Phoenix Suns,Golden State Warriors,99.0,98.0,W,L,88.0,,,22.0,89.0,,,18.0
espn_20251218_401810231,2025-12-18,22025,Dallas Mavericks,Detroit Pistons,116.0,114.0,W,L,89.0,,,36.0,122.0,,,20.0
espn_20251218_401810230,2025-12-18,22025,New Orleans Pelicans,Houston Rockets,133.0,128.0,W,L,97.0,,,28.0,107.0,,,27.0
espn_20251218_401810232,2025-12-18,22025,Denver Nuggets,Orlando Magic,126.0,115.0,W,L,88.0,,,15.0,91.0,,,26.0
espn_20251218_401810225,2025-12-18,22025,San Antonio Spurs,Washington Wizards,119.0,94.0,W,L,90.0,,,20.0,94.0,,,14.0
espn_20251218_401810224,2025-12-18,22025,Oklahoma City Thunder,LA Clippers,122.0,101.0,W,L,101.0,,,16.0,76.0,,,22.0
espn_20251218_401810228,2025-12-18,22025,Brooklyn Nets,Miami Heat,95.0,106.0,L,W,98.0,,,11.0,89.0,,,19.0
espn_20251218_401810227,2025-12-18,22025,Indiana Pacers,New York Knicks,113.0,114.0,L,W,93.0,,,18.0,92.0,,,19.0
espn_20251218_401810226,2025-12-18,22025,Charlotte Hornets,Atlanta Hawks,133.0,126.0,W,L,91.0,,,17.0,92.0,,,22.0
espn_20251218_401810229,2025-12-18,22025,Milwaukee Bucks,Toronto Raptors,105.0,111.0,L,W,84.0,,,16.0,84.0,,,21.0
espn_20251219_401810236,2025-12-19,22025,Boston Celtics,Miami Heat,129.0,116.0,W,L,82.0,,,24.0,102.0,,,24.0
espn_20251219_401810237,2025-12-19,22025,New York Knicks,Philadelphia 76ers,107.0,116.0,L,W,88.0,,,25.0,88.0,,,21.0
espn_20251219_401810238,2025-12-19,22025,Atlanta Hawks,San Antonio Spurs,98.0,126.0,L,W,94.0,,,16.0,94.0,,,16.0
espn_20251219_401810239,2025-12-19,22025,Cleveland Cavaliers,Chicago Bulls,125.0,136.0,L,W,101.0,,,19.0,102.0,,,15.0
espn_20251219_401810240,2025-12-19,22025,Minnesota Timberwolves,Oklahoma City Thunder,112.0,107.0,W,L,88.0,,,47.0,92.0,,,30.0
espn_20251220_401810247,2025-12-20,22025,Golden State Warriors,Phoenix Suns,119.0,116.0,W,L,92.0,,,24.0,88.0,,,24.0
espn_20251220_401810250,2025-12-20,22025,LA Clippers,Los Angeles Lakers,103.0,88.0,W,L,80.0,,,20.0,88.0,,,23.0
espn_20251220_401810249,2025-12-20,22025,Sacramento Kings,Portland Trail Blazers,93.0,98.0,L,W,87.0,,,31.0,81.0,,,25.0
espn_20251220_401810248,2025-12-20,22025,Utah Jazz,Orlando Magic,127.0,128.0,L,W,105.0,,,30.0,96.0,,,33.0
espn_20251220_401810246,2025-12-20,22025,Memphis Grizzlies,Washington Wizards,122.0,130.0,L,W,100.0,,,22.0,99.0,,,26.0
espn_20251220_401810244,2025-12-20,22025,New Orleans Pelicans,Indiana Pacers,128.0,109.0,W,L,85.0,,,34.0,94.0,,,30.0
espn_20251220_401810243,2025-12-20,22025,Toronto Raptors,Boston Celtics,96.0,112.0,L,W,87.0,,,11.0,95.0,,,15.0
espn_20251220_401810242,2025-12-20,22025,Philadelphia 76ers,Dallas Mavericks,121.0,114.0,W,L,102.0,,,28.0,83.0,,,22.0
espn_20251220_401810241,2025-12-20,22025,Denver Nuggets,Houston Rockets,101.0,115.0,L,W,92.0,,,23.0,77.0,,,23.0
espn_20251220_401810245,2025-12-20,22025,Detroit Pistons,Charlotte Hornets,112.0,86.0,W,L,93.0,,,32.0,89.0,,,20.0
espn_20251221_401810255,2025-12-21,22025,Minnesota Timberwolves,Milwaukee Bucks,103.0,100.0,W,L,88.0,,,23.0,87.0,,,20.0
espn_20251221_401810251,2025-12-21,22025,Atlanta Hawks,Chicago Bulls,150.0,152.0,L,W,98.0,,,32.0,92.0,,,39.0
espn_20251221_401810252,2025-12-21,22025,Brooklyn Nets,Toronto Raptors,96.0,81.0,W,L,75.0,,,16.0,86.0,,,8.0
espn_20251221_401810253,2025-12-21,22025,New York Knicks,Miami Heat,132.0,125.0,W,L,85.0,,,21.0,87.0,,,35.0
espn_20251221_401810254,2025-12-21,22025,Washington Wizards,San Antonio Spurs,113.0,124.0,L,W,95.0,,,24.0,104.0,,,32.0
espn_20251221_401810256,2025-12-21,22025,Sacramento Kings,Houston Rockets,125.0,124.0,W,L,95.0,,,36.0,94.0,,,24.0
espn_20251222_401810262,2025-12-22,22025,Golden State Warriors,Orlando Magic,120.0,97.0,W,L,89.0,,,24.0,87.0,,,26.0
espn_20251222_401810261,2025-12-22,22025,Oklahoma City Thunder,Memphis Grizzlies,119.0,103.0,W,L,94.0,,,14.0,83.0,,,23.0
espn_20251222_401810260,2025-12-22,22025,Denver Nuggets,Utah Jazz,135.0,112.0,W,L,92.0,,,25.0,96.0,,,19.0
espn_20251222_401810258,2025-12-22,22025,Boston Celtics,Indiana Pacers,103.0,95.0,W,L,89.0,,,19.0,85.0,,,18.0
espn_20251222_401810257,2025-12-22,22025,Cleveland Cavaliers,Charlotte Hornets,139.0,132.0,W,L,87.0,,,19.0,94.0,,,25.0
espn_20251222_401810263,2025-12-22,22025,Portland Trail Blazers,Detroit Pistons,102.0,110.0,L,W,74.0,,,43.0,101.0,,,24.0
espn_20251222_401810259,2025-12-22,22025,New Orleans Pelicans,Dallas Mavericks,119.0,113.0,W,L,97.0,,,27.0,104.0,,,21.0
espn_20251223_401810275,2025-12-23,22025,Portland Trail Blazers,Orlando Magic,106.0,110.0,L,W,87.0,,,19.0,85.0,,,23.0
espn_20251223_401810274,2025-12-23,22025,Utah Jazz,Memphis Grizzlies,128.0,137.0,L,W,90.0,,,36.0,88.0,,,29.0
espn_20251223_401810277,2025-12-23,22025,LA Clippers,Houston Rockets,128.0,108.0,W,L,77.0,,,27.0,86.0,,,18.0
espn_20251223_401810272,2025-12-23,22025,San Antonio Spurs,Oklahoma City Thunder,130.0,110.0,W,L,84.0,,,24.0,85.0,,,7.0
espn_20251223_401810276,2025-12-23,22025,Sacramento Kings,Detroit Pistons,127.0,136.0,L,W,92.0,,,37.0,95.0,,,28.0
espn_20251223_401810271,2025-12-23,22025,Minnesota Timberwolves,New York Knicks,115.0,104.0,W,L,93.0,,,23.0,99.0,,,15.0
espn_20251223_401810273,2025-12-23,22025,Phoenix Suns,Los Angeles Lakers,132.0,108.0,W,L,85.0,,,20.0,81.0,,,29.0
espn_20251223_401810269,2025-12-23,22025,Miami Heat,Toronto Raptors,91.0,112.0,L,W,82.0,,,20.0,86.0,,,18.0
espn_20251223_401810268,2025-12-23,22025,Indiana Pacers,Milwaukee Bucks,94.0,111.0,L,W,81.0,,,33.0,82.0,,,24.0
espn_20251223_401810267,2025-12-23,22025,Cleveland Cavaliers,New Orleans Pelicans,141.0,118.0,W,L,105.0,,,11.0,94.0,,,25.0
espn_20251223_401810266,2025-12-23,22025,Atlanta Hawks,Chicago Bulls,123.0,126.0,L,W,95.0,,,20.0,91.0,,,28.0
espn_20251223_401810265,2025-12-23,22025,Philadelphia 76ers,Brooklyn Nets,106.0,114.0,L,W,81.0,,,38.0,82.0,,,33.0
espn_20251223_401810264,2025-12-23,22025,Charlotte Hornets,Washington Wizards,126.0,109.0,W,L,93.0,,,27.0,97.0,,,23.0
espn_20251223_401810270,2025-12-23,22025,Dallas Mavericks,Denver Nuggets,131.0,130.0,W,L,93.0,,,15.0,87.0,,,10.0
espn_20251225_401809238,2025-12-25,22025,New York Knicks,Cleveland Cavaliers,126.0,124.0,W,L,94.0,,,22.0,86.0,,,23.0
espn_20251225_401809239,2025-12-25,22025,Oklahoma City Thunder,San Antonio Spurs,102.0,117.0,L,W,95.0,,,25.0,84.0,,,21.0
espn_20251225_401809240,2025-12-25,22025,Golden State Warriors,Dallas Mavericks,126.0,116.0,W,L,99.0,,,26.0,89.0,,,21.0
espn_20251225_401809241,2025-12-25,22025,Los Angeles Lakers,Houston Rockets,96.0,119.0,L,W,77.0,,,11.0,90.0,,,19.0
espn_20251225_401809242,2025-12-25,22025,Denver Nuggets,Minnesota Timberwolves,142.0,138.0,W,L,101.0,,,32.0,104.0,,,30.0
espn_20251226_401810286,2025-12-26,22025,Portland Trail Blazers,LA Clippers,103.0,119.0,L,W,80.0,,,22.0,69.0,,,31.0
espn_20251226_401810285,2025-12-26,22025,Utah Jazz,Detroit Pistons,131.0,129.0,W,L,90.0,,,26.0,92.0,,,23.0
espn_20251226_401810284,2025-12-26,22025,New Orleans Pelicans,Phoenix Suns,108.0,115.0,L,W,88.0,,,42.0,91.0,,,25.0
espn_20251226_401810283,2025-12-26,22025,Memphis Grizzlies,Milwaukee Bucks,125.0,104.0,W,L,85.0,,,32.0,84.0,,,24.0
espn_20251226_401810280,2025-12-26,22025,Washington Wizards,Toronto Raptors,138.0,117.0,W,L,91.0,,,18.0,91.0,,,27.0
espn_20251226_401810281,2025-12-26,22025,Indiana Pacers,Boston Celtics,122.0,140.0,L,W,89.0,,,20.0,83.0,,,34.0
espn_20251226_401810279,2025-12-26,22025,Orlando Magic,Charlotte Hornets,105.0,120.0,L,W,93.0,,,23.0,87.0,,,28.0
espn_20251226_401810278,2025-12-26,22025,Atlanta Hawks,Miami Heat,111.0,126.0,L,W,85.0,,,21.0,104.0,,,18.0
espn_20251226_401810282,2025-12-26,22025,Chicago Bulls,Philadelphia 76ers,109.0,102.0,W,L,86.0,,,25.0,93.0,,,24.0
espn_20251227_401810294,2025-12-27,22025,Minnesota Timberwolves,Brooklyn Nets,107.0,123.0,L,W,83.0,,,28.0,84.0,,,21.0
espn_20251227_401810287,2025-12-27,22025,Sacramento Kings,Dallas Mavericks,113.0,107.0,W,L,104.0,,,8.0,87.0,,,20.0
espn_20251227_401810288,2025-12-27,22025,Orlando Magic,Denver Nuggets,127.0,126.0,W,L,89.0,,,37.0,86.0,,,30.0
espn_20251227_401810289,2025-12-27,22025,New Orleans Pelicans,Phoenix Suns,114.0,123.0,L,W,87.0,,,33.0,98.0,,,19.0
espn_20251227_401810290,2025-12-27,22025,Atlanta Hawks,New York Knicks,125.0,128.0,L,W,89.0,,,27.0,95.0,,,32.0
espn_20251227_401810291,2025-12-27,22025,Miami Heat,Indiana Pacers,142.0,116.0,W,L,107.0,,,21.0,93.0,,,16.0
espn_20251227_401810292,2025-12-27,22025,Chicago Bulls,Milwaukee Bucks,103.0,112.0,L,W,93.0,,,16.0,86.0,,,24.0
espn_20251227_401810293,2025-12-27,22025,Houston Rockets,Cleveland Cavaliers,117.0,100.0,W,L,88.0,,,21.0,96.0,,,11.0
espn_20251227_401810295,2025-12-27,22025,San Antonio Spurs,Utah Jazz,114.0,127.0,L,W,99.0,,,21.0,83.0,,,26.0
espn_20251228_401810301,2025-12-28,22025,Los Angeles Lakers,Sacramento Kings,125.0,101.0,W,L,89.0,,,18.0,83.0,,,19.0
espn_20251228_401810300,2025-12-28,22025,LA Clippers,Detroit Pistons,112.0,99.0,W,L,75.0,,,29.0,82.0,,,28.0
espn_20251228_401810299,2025-12-28,22025,Portland Trail Blazers,Boston Celtics,114.0,108.0,W,L,89.0,,,21.0,91.0,,,19.0
espn_20251228_401810298,2025-12-28,22025,Washington Wizards,Memphis Grizzlies,116.0,112.0,W,L,99.0,,,25.0,103.0,,,21.0
espn_20251228_401810297,2025-12-28,22025,Oklahoma City Thunder,Philadelphia 76ers,129.0,104.0,W,L,87.0,,,25.0,83.0,,,21.0
espn_20251228_401810296,2025-12-28,22025,Toronto Raptors,Golden State Warriors,141.0,127.0,W,L,110.0,,,18.0,96.0,,,28.0
espn_20251229_401810302,2025-12-29,22025,Charlotte Hornets,Milwaukee Bucks,113.0,123.0,L,W,93.0,,,20.0,84.0,,,22.0
espn_20251229_401810303,2025-12-29,22025,Washington Wizards,Phoenix Suns,101.0,115.0,L,W,78.0,,,21.0,101.0,,,18.0
espn_20251229_401810304,2025-12-29,22025,Brooklyn Nets,Golden State Warriors,107.0,120.0,L,W,80.0,,,23.0,77.0,,,34.0
espn_20251229_401810305,2025-12-29,22025,Miami Heat,Denver Nuggets,147.0,123.0,W,L,99.0,,,23.0,89.0,,,22.0
espn_20251229_401810306,2025-12-29,22025,Toronto Raptors,Orlando Magic,107.0,106.0,W,L,99.0,,,29.0,91.0,,,27.0
espn_20251229_401810307,2025-12-29,22025,Chicago Bulls,Minnesota Timberwolves,101.0,136.0,L,W,93.0,,,14.0,95.0,,,25.0
espn_20251229_401810308,2025-12-29,22025,Houston Rockets,Indiana Pacers,126.0,119.0,W,L,83.0,,,24.0,88.0,,,20.0
espn_20251229_401810309,2025-12-29,22025,New Orleans Pelicans,New York Knicks,125.0,130.0,L,W,96.0,,,27.0,95.0,,,19.0
espn_20251229_401810310,2025-12-29,22025,Oklahoma City Thunder,Atlanta Hawks,140.0,129.0,W,L,98.0,,,23.0,97.0,,,17.0
espn_20251229_401810311,2025-12-29,22025,San Antonio Spurs,Cleveland Cavaliers,101.0,113.0,L,W,83.0,,,36.0,96.0,,,20.0
espn_20251229_401810312,2025-12-29,22025,Portland Trail Blazers,Dallas Mavericks,125.0,122.0,W,L,97.0,,,22.0,91.0,,,24.0
espn_20251230_401810316,2025-12-30,22025,LA Clippers,Sacramento Kings,131.0,90.0,W,L,90.0,,,32.0,83.0,,,14.0
espn_20251230_401810315,2025-12-30,22025,Los Angeles Lakers,Detroit Pistons,106.0,128.0,L,W,82.0,,,31.0,76.0,,,29.0
espn_20251230_401810313,2025-12-30,22025,Memphis Grizzlies,Philadelphia 76ers,136.0,139.0,L,W,92.0,,,26.0,111.0,,,27.0
espn_20251230_401810314,2025-12-30,22025,Utah Jazz,Boston Celtics,119.0,129.0,L,W,87.0,,,25.0,94.0,,,23.0
espn_20251231_401810317,2025-12-31,22025,Charlotte Hornets,Golden State Warriors,125.0,132.0,L,W,93.0,,,17.0,83.0,,,17.0
espn_20251231_401810318,2025-12-31,22025,Atlanta Hawks,Minnesota Timberwolves,126.0,102.0,W,L,104.0,,,16.0,87.0,,,18.0
espn_20251231_401810319,2025-12-31,22025,Indiana Pacers,Orlando Magic,110.0,112.0,L,W,83.0,,,32.0,90.0,,,28.0
espn_20251231_401810320,2025-12-31,22025,Cleveland Cavaliers,Phoenix Suns,129.0,113.0,W,L,96.0,,,22.0,105.0,,,16.0
espn_20251231_401810321,2025-12-31,22025,Chicago Bulls,New Orleans Pelicans,134.0,118.0,W,L,92.0,,,34.0,98.0,,,27.0
espn_20251231_401810322,2025-12-31,22025,San Antonio Spurs,New York Knicks,134.0,132.0,W,L,89.0,,,40.0,96.0,,,20.0
espn_20251231_401810323,2025-12-31,22025,Toronto Raptors,Denver Nuggets,103.0,106.0,L,W,100.0,,,21.0,80.0,,,34.0
espn_20251231_401810324,2025-12-31,22025,Milwaukee Bucks,Washington Wizards,113.0,114.0,L,W,89.0,,,22.0,94.0,,,20.0
espn_20251231_401810325,2025-12-31,22025,Oklahoma City Thunder,Portland Trail Blazers,124.0,95.0,W,L,90.0,,,26.0,87.0,,,17.0
espn_20260101_401810329,2026-01-01,22025,Sacramento Kings,Boston Celtics,106.0,120.0,L,W,85.0,,,15.0,87.0,,,18.0
espn_20260101_401810330,2026-01-01,22025,LA Clippers,Utah Jazz,118.0,101.0,W,L,89.0,,,26.0,78.0,,,30.0
espn_20260101_401810328,2026-01-01,22025,Dallas Mavericks,Philadelphia 76ers,108.0,123.0,L,W,94.0,,,20.0,90.0,,,16.0
espn_20260101_401810326,2026-01-01,22025,Brooklyn Nets,Houston Rockets,96.0,120.0,L,W,76.0,,,30.0,82.0,,,18.0
espn_20260101_401810327,2026-01-01,22025,Detroit Pistons,Miami Heat,112.0,118.0,L,W,80.0,,,31.0,99.0,,,20.0
espn_20260102_401810339,2026-01-02,22025,Golden State Warriors,Oklahoma City Thunder,94.0,131.0,L,W,90.0,,,23.0,92.0,,,19.0
espn_20260102_401810338,2026-01-02,22025,Phoenix Suns,Sacramento Kings,129.0,102.0,W,L,87.0,,,28.0,85.0,,,32.0
espn_20260102_401810337,2026-01-02,22025,New Orleans Pelicans,Portland Trail Blazers,109.0,122.0,L,W,98.0,,,18.0,92.0,,,30.0
espn_20260102_401810336,2026-01-02,22025,Milwaukee Bucks,Charlotte Hornets,122.0,121.0,W,L,87.0,,,18.0,82.0,,,28.0
espn_20260102_401810340,2026-01-02,22025,Los Angeles Lakers,Memphis Grizzlies,128.0,121.0,W,L,77.0,,,31.0,96.0,,,23.0
espn_20260102_401810334,2026-01-02,22025,New York Knicks,Atlanta Hawks,99.0,111.0,L,W,97.0,,,21.0,88.0,,,25.0
espn_20260102_401810333,2026-01-02,22025,Cleveland Cavaliers,Denver Nuggets,113.0,108.0,W,L,86.0,,,19.0,94.0,,,13.0
espn_20260102_401810332,2026-01-02,22025,Washington Wizards,Brooklyn Nets,119.0,99.0,W,L,92.0,,,16.0,86.0,,,28.0
espn_20260102_401810331,2026-01-02,22025,Indiana Pacers,San Antonio Spurs,113.0,123.0,L,W,86.0,,,15.0,98.0,,,28.0
espn_20260102_401810335,2026-01-02,22025,Chicago Bulls,Orlando Magic,121.0,114.0,W,L,90.0,,,19.0,86.0,,,21.0
espn_20260103_401810341,2026-01-03,22025,Miami Heat,Minnesota Timberwolves,115.0,125.0,L,W,87.0,,,22.0,85.0,,,25.0
espn_20260103_401810342,2026-01-03,22025,New York Knicks,Philadelphia 76ers,119.0,130.0,L,W,89.0,,,32.0,90.0,,,23.0
espn_20260103_401810343,2026-01-03,22025,Toronto Raptors,Atlanta Hawks,134.0,117.0,W,L,92.0,,,26.0,91.0,,,19.0
espn_20260103_401810344,2026-01-03,22025,Chicago Bulls,Charlotte Hornets,99.0,112.0,L,W,87.0,,,14.0,91.0,,,23.0
espn_20260103_401810345,2026-01-03,22025,San Antonio Spurs,Portland Trail Blazers,110.0,115.0,L,W,93.0,,,23.0,91.0,,,27.0
espn_20260103_401810346,2026-01-03,22025,Dallas Mavericks,Houston Rockets,110.0,104.0,W,L,80.0,,,18.0,106.0,,,15.0
espn_20260103_401810347,2026-01-03,22025,Golden State Warriors,Utah Jazz,123.0,114.0,W,L,87.0,,,24.0,86.0,,,17.0
espn_20260103_401810348,2026-01-03,22025,LA Clippers,Boston Celtics,115.0,146.0,L,W,84.0,,,17.0,96.0,,,19.0
espn_20260104_401810354,2026-01-04,22025,Phoenix Suns,Oklahoma City Thunder,108.0,105.0,W,L,79.0,,,29.0,82.0,,,19.0
espn_20260104_401810355,2026-01-04,22025,Sacramento Kings,Milwaukee Bucks,98.0,115.0,L,W,80.0,,,32.0,87.0,,,30.0
espn_20260104_401810353,2026-01-04,22025,Washington Wizards,Minnesota Timberwolves,115.0,141.0,L,W,88.0,,,19.0,98.0,,,27.0
espn_20260104_401810356,2026-01-04,22025,Los Angeles Lakers,Memphis Grizzlies,120.0,114.0,W,L,80.0,,,41.0,100.0,,,22.0
espn_20260104_401810351,2026-01-04,22025,Brooklyn Nets,Denver Nuggets,127.0,115.0,W,L,81.0,,,37.0,85.0,,,28.0
espn_20260104_401810350,2026-01-04,22025,Orlando Magic,Indiana Pacers,135.0,127.0,W,L,84.0,,,34.0,87.0,,,21.0
espn_20260104_401810349,2026-01-04,22025,Cleveland Cavaliers,Detroit Pistons,110.0,114.0,L,W,80.0,,,30.0,95.0,,,21.0
espn_20260104_401810352,2026-01-04,22025,Miami Heat,New Orleans Pelicans,125.0,106.0,W,L,101.0,,,18.0,90.0,,,8.0
espn_20260105_401810363,2026-01-05,22025,LA Clippers,Golden State Warriors,103.0,102.0,W,L,77.0,,,21.0,92.0,,,27.0
espn_20260105_401810362,2026-01-05,22025,Philadelphia 76ers,Denver Nuggets,124.0,125.0,L,W,98.0,,,19.0,81.0,,,28.0
espn_20260105_401810364,2026-01-05,22025,Portland Trail Blazers,Utah Jazz,137.0,117.0,W,L,93.0,,,21.0,92.0,,,17.0
espn_20260105_401810361,2026-01-05,22025,Oklahoma City Thunder,Charlotte Hornets,97.0,124.0,L,W,93.0,,,27.0,77.0,,,25.0
espn_20260105_401810359,2026-01-05,22025,Toronto Raptors,Atlanta Hawks,118.0,100.0,W,L,90.0,,,19.0,89.0,,,21.0
espn_20260105_401810360,2026-01-05,22025,Houston Rockets,Phoenix Suns,100.0,97.0,W,L,87.0,,,21.0,88.0,,,12.0
espn_20260105_401810358,2026-01-05,22025,Boston Celtics,Chicago Bulls,115.0,101.0,W,L,104.0,,,13.0,86.0,,,10.0
espn_20260105_401810357,2026-01-05,22025,Detroit Pistons,New York Knicks,121.0,90.0,W,L,86.0,,,16.0,76.0,,,14.0
espn_20260106_401810365,2026-01-06,22025,Indiana Pacers,Cleveland Cavaliers,116.0,120.0,L,W,93.0,,,19.0,88.0,,,18.0
espn_20260106_401810366,2026-01-06,22025,Washington Wizards,Orlando Magic,120.0,112.0,W,L,86.0,,,33.0,92.0,,,24.0
espn_20260106_401810367,2026-01-06,22025,Memphis Grizzlies,San Antonio Spurs,106.0,105.0,W,L,98.0,,,15.0,102.0,,,18.0
espn_20260106_401810368,2026-01-06,22025,Minnesota Timberwolves,Miami Heat,122.0,94.0,W,L,98.0,,,23.0,98.0,,,16.0
espn_20260106_401810369,2026-01-06,22025,New Orleans Pelicans,Los Angeles Lakers,103.0,111.0,L,W,91.0,,,18.0,85.0,,,21.0
espn_20260106_401810370,2026-01-06,22025,Sacramento Kings,Dallas Mavericks,98.0,100.0,L,W,92.0,,,17.0,96.0,,,21.0
espn_20260107_401810382,2026-01-07,22025,Portland Trail Blazers,Houston Rockets,103.0,102.0,W,L,83.0,,,25.0,99.0,,,29.0
espn_20260107_401810381,2026-01-07,22025,Golden State Warriors,Milwaukee Bucks,120.0,113.0,W,L,89.0,,,18.0,85.0,,,12.0
espn_20260107_401810378,2026-01-07,22025,San Antonio Spurs,Los Angeles Lakers,107.0,91.0,W,L,82.0,,,28.0,86.0,,,22.0
espn_20260107_401810380,2026-01-07,22025,Oklahoma City Thunder,Utah Jazz,129.0,125.0,W,L,101.0,,,42.0,111.0,,,21.0
espn_20260107_401810379,2026-01-07,22025,Memphis Grizzlies,Phoenix Suns,98.0,117.0,L,W,92.0,,,14.0,97.0,,,8.0
espn_20260107_401810377,2026-01-07,22025,New York Knicks,LA Clippers,123.0,111.0,W,L,94.0,,,17.0,92.0,,,19.0
espn_20260107_401810374,2026-01-07,22025,Atlanta Hawks,New Orleans Pelicans,117.0,100.0,W,L,95.0,,,17.0,86.0,,,25.0
espn_20260107_401810375,2026-01-07,22025,Boston Celtics,Denver Nuggets,110.0,114.0,L,W,95.0,,,15.0,87.0,,,24.0
espn_20260107_401810373,2026-01-07,22025,Philadelphia 76ers,Washington Wizards,131.0,110.0,W,L,84.0,,,32.0,87.0,,,11.0
espn_20260107_401810372,2026-01-07,22025,Detroit Pistons,Chicago Bulls,108.0,93.0,W,L,92.0,,,8.0,87.0,,,9.0
espn_20260107_401810371,2026-01-07,22025,Charlotte Hornets,Toronto Raptors,96.0,97.0,L,W,82.0,,,22.0,92.0,,,19.0
espn_20260107_401810376,2026-01-07,22025,Brooklyn Nets,Orlando Magic,103.0,104.0,L,W,86.0,,,22.0,96.0,,,18.0
espn_20260108_401810383,2026-01-08,22025,Charlotte Hornets,Indiana Pacers,112.0,114.0,L,W,86.0,,,24.0,82.0,,,21.0
espn_20260108_401810385,2026-01-08,22025,Minnesota Timberwolves,Cleveland Cavaliers,131.0,122.0,W,L,89.0,,,17.0,91.0,,,21.0
espn_20260108_401810386,2026-01-08,22025,Utah Jazz,Dallas Mavericks,116.0,114.0,W,L,95.0,,,14.0,85.0,,,13.0
espn_20260109_401810394,2026-01-09,22025,Golden State Warriors,Sacramento Kings,137.0,103.0,W,L,95.0,,,14.0,86.0,,,13.0
espn_20260109_401810396,2026-01-09,22025,Los Angeles Lakers,Milwaukee Bucks,101.0,105.0,L,W,91.0,,,14.0,79.0,,,22.0
espn_20260109_401810395,2026-01-09,22025,Portland Trail Blazers,Houston Rockets,111.0,105.0,W,L,89.0,,,23.0,96.0,,,24.0
espn_20260109_401810393,2026-01-09,22025,Phoenix Suns,New York Knicks,112.0,107.0,W,L,85.0,,,23.0,82.0,,,21.0
espn_20260109_401810392,2026-01-09,22025,Denver Nuggets,Atlanta Hawks,87.0,110.0,L,W,72.0,,,20.0,94.0,,,4.0
espn_20260109_401810390,2026-01-09,22025,Brooklyn Nets,LA Clippers,105.0,121.0,L,W,100.0,,,11.0,76.0,,,19.0
espn_20260109_401810389,2026-01-09,22025,Washington Wizards,New Orleans Pelicans,107.0,128.0,L,W,87.0,,,33.0,95.0,,,24.0
espn_20260109_401810388,2026-01-09,22025,Orlando Magic,Philadelphia 76ers,91.0,103.0,L,W,88.0,,,18.0,95.0,,,24.0
espn_20260109_401810387,2026-01-09,22025,Boston Celtics,Toronto Raptors,125.0,117.0,W,L,87.0,,,19.0,92.0,,,10.0
espn_20260109_401810391,2026-01-09,22025,Memphis Grizzlies,Oklahoma City Thunder,116.0,117.0,L,W,88.0,,,24.0,91.0,,,28.0
espn_20260110_401810397,2026-01-10,22025,Cleveland Cavaliers,Minnesota Timberwolves,146.0,134.0,W,L,92.0,,,25.0,89.0,,,20.0
espn_20260110_401810398,2026-01-10,22025,Indiana Pacers,Miami Heat,123.0,99.0,W,L,98.0,,,22.0,92.0,,,29.0
espn_20260110_401810399,2026-01-10,22025,Detroit Pistons,LA Clippers,92.0,98.0,L,W,83.0,,,25.0,72.0,,,36.0
espn_20260110_401810400,2026-01-10,22025,Boston Celtics,San Antonio Spurs,95.0,100.0,L,W,93.0,,,4.0,95.0,,,20.0
espn_20260110_401810401,2026-01-10,22025,Chicago Bulls,Dallas Mavericks,125.0,107.0,W,L,97.0,,,12.0,91.0,,,25.0
espn_20260110_401810402,2026-01-10,22025,Utah Jazz,Charlotte Hornets,95.0,150.0,L,W,88.0,,,21.0,101.0,,,25.0
espn_20260111_401810407,2026-01-11,22025,Minnesota Timberwolves,San Antonio Spurs,104.0,103.0,W,L,90.0,,,25.0,88.0,,,25.0
espn_20260111_401810412,2026-01-11,22025,Sacramento Kings,Houston Rockets,111.0,98.0,W,L,91.0,,,20.0,84.0,,,29.0
espn_20260111_401810411,2026-01-11,22025,Golden State Warriors,Atlanta Hawks,111.0,124.0,L,W,90.0,,,21.0,94.0,,,25.0
espn_20260111_401810410,2026-01-11,22025,Phoenix Suns,Washington Wizards,112.0,93.0,W,L,95.0,,,19.0,86.0,,,18.0
espn_20260111_401810409,2026-01-11,22025,Denver Nuggets,Milwaukee Bucks,108.0,104.0,W,L,87.0,,,31.0,85.0,,,20.0
espn_20260111_401810405,2026-01-11,22025,Toronto Raptors,Philadelphia 76ers,116.0,115.0,W,L,103.0,,,39.0,90.0,,,31.0
espn_20260111_401810406,2026-01-11,22025,Portland Trail Blazers,New York Knicks,114.0,123.0,L,W,84.0,,,25.0,99.0,,,8.0
espn_20260111_401810404,2026-01-11,22025,Memphis Grizzlies,Brooklyn Nets,103.0,98.0,W,L,88.0,,,18.0,88.0,,,16.0
espn_20260111_401810403,2026-01-11,22025,Orlando Magic,New Orleans Pelicans,128.0,118.0,W,L,82.0,,,35.0,80.0,,,15.0
espn_20260111_401810408,2026-01-11,22025,Oklahoma City Thunder,Miami Heat,124.0,112.0,W,L,93.0,,,28.0,82.0,,,13.0
espn_20260112_401810418,2026-01-12,22025,LA Clippers,Charlotte Hornets,117.0,109.0,W,L,92.0,,,21.0,88.0,,,17.0
espn_20260112_401810413,2026-01-12,22025,Cleveland Cavaliers,Utah Jazz,112.0,123.0,L,W,92.0,,,13.0,83.0,,,28.0
espn_20260112_401810414,2026-01-12,22025,Indiana Pacers,Boston Celtics,98.0,96.0,W,L,84.0,,,6.0,88.0,,,9.0
espn_20260112_401810415,2026-01-12,22025,Toronto Raptors,Philadelphia 76ers,102.0,115.0,L,W,92.0,,,25.0,74.0,,,23.0
espn_20260112_401810416,2026-01-12,22025,Dallas Mavericks,Brooklyn Nets,113.0,105.0,W,L,85.0,,,16.0,86.0,,,20.0
espn_20260112_401810417,2026-01-12,22025,Sacramento Kings,Los Angeles Lakers,124.0,112.0,W,L,82.0,,,14.0,84.0,,,28.0
espn_20260113_401810424,2026-01-13,22025,Los Angeles Lakers,Atlanta Hawks,141.0,116.0,W,L,83.0,,,30.0,100.0,,,18.0
espn_20260113_401810423,2026-01-13,22025,Oklahoma City Thunder,San Antonio Spurs,119.0,98.0,W,L,81.0,,,27.0,85.0,,,24.0
espn_20260113_401810425,2026-01-13,22025,Golden State Warriors,Portland Trail Blazers,119.0,97.0,W,L,89.0,,,13.0,83.0,,,17.0
espn_20260113_401810422,2026-01-13,22025,New Orleans Pelicans,Denver Nuggets,116.0,122.0,L,W,86.0,,,31.0,84.0,,,32.0
espn_20260113_401810421,2026-01-13,22025,Milwaukee Bucks,Minnesota Timberwolves,106.0,139.0,L,W,85.0,,,19.0,92.0,,,12.0
espn_20260113_401810420,2026-01-13,22025,Houston Rockets,Chicago Bulls,119.0,113.0,W,L,88.0,,,29.0,94.0,,,23.0
espn_20260113_401810419,2026-01-13,22025,Miami Heat,Phoenix Suns,127.0,121.0,W,L,92.0,,,22.0,102.0,,,20.0
espn_20260114_401810426,2026-01-14,22025,Indiana Pacers,Toronto Raptors,101.0,115.0,L,W,86.0,,,31.0,89.0,,,26.0
espn_20260114_401810427,2026-01-14,22025,Philadelphia 76ers,Cleveland Cavaliers,107.0,133.0,L,W,89.0,,,26.0,95.0,,,18.0
espn_20260114_401810428,2026-01-14,22025,Chicago Bulls,Utah Jazz,128.0,126.0,W,L,92.0,,,21.0,86.0,,,27.0
espn_20260114_401810429,2026-01-14,22025,New Orleans Pelicans,Brooklyn Nets,116.0,113.0,W,L,97.0,,,25.0,95.0,,,12.0
espn_20260114_401810430,2026-01-14,22025,Dallas Mavericks,Denver Nuggets,109.0,118.0,L,W,93.0,,,33.0,85.0,,,22.0
espn_20260114_401810431,2026-01-14,22025,Sacramento Kings,New York Knicks,112.0,101.0,W,L,74.0,,,38.0,100.0,,,23.0
espn_20260114_401810432,2026-01-14,22025,LA Clippers,Washington Wizards,119.0,105.0,W,L,83.0,,,27.0,90.0,,,17.0
espn_20260115_401810441,2026-01-15,22025,Los Angeles Lakers,Charlotte Hornets,117.0,135.0,L,W,93.0,,,23.0,92.0,,,16.0
espn_20260115_401810440,2026-01-15,22025,Portland Trail Blazers,Atlanta Hawks,117.0,101.0,W,L,95.0,,,24.0,81.0,,,22.0
espn_20260115_401810439,2026-01-15,22025,Golden State Warriors,New York Knicks,126.0,113.0,W,L,89.0,,,13.0,91.0,,,19.0
espn_20260115_401810438,2026-01-15,22025,Dallas Mavericks,Utah Jazz,144.0,122.0,W,L,97.0,,,19.0,96.0,,,23.0
espn_20260115_401810437,2026-01-15,22025,San Antonio Spurs,Milwaukee Bucks,119.0,101.0,W,L,79.0,,,27.0,87.0,,,22.0
espn_20260115_401810436,2026-01-15,22025,Houston Rockets,Oklahoma City Thunder,91.0,111.0,L,W,104.0,,,17.0,89.0,,,15.0
espn_20260115_401810435,2026-01-15,22025,Miami Heat,Boston Celtics,114.0,119.0,L,W,87.0,,,27.0,91.0,,,25.0
espn_20260115_401810434,2026-01-15,22025,Detroit Pistons,Phoenix Suns,108.0,105.0,W,L,81.0,,,37.0,87.0,,,25.0
espn_20260115_401810433,2026-01-15,22025,Orlando Magic,Memphis Grizzlies,118.0,111.0,W,L,95.0,,,23.0,83.0,,,21.0
espn_20260116_401810443,2026-01-16,22025,Indiana Pacers,New Orleans Pelicans,127.0,119.0,W,L,101.0,,,12.0,82.0,,,30.0
espn_20260116_401810444,2026-01-16,22025,Philadelphia 76ers,Cleveland Cavaliers,115.0,117.0,L,W,91.0,,,19.0,85.0,,,17.0
espn_20260116_401810442,2026-01-16,22025,Brooklyn Nets,Chicago Bulls,112.0,109.0,W,L,91.0,,,17.0,86.0,,,20.0
espn_20260116_401810445,2026-01-16,22025,Toronto Raptors,LA Clippers,117.0,121.0,L,W,87.0,,,26.0,79.0,,,30.0
espn_20260116_401810446,2026-01-16,22025,Houston Rockets,Minnesota Timberwolves,110.0,105.0,W,L,84.0,,,34.0,80.0,,,35.0
espn_20260116_401810447,2026-01-16,22025,Sacramento Kings,Washington Wizards,128.0,115.0,W,L,81.0,,,30.0,90.0,,,21.0
espn_20260117_401810456,2026-01-17,22025,Portland Trail Blazers,Los Angeles Lakers,132.0,116.0,W,L,86.0,,,34.0,85.0,,,21.0
espn_20260117_401810455,2026-01-17,22025,Denver Nuggets,Washington Wizards,121.0,115.0,W,L,85.0,,,23.0,96.0,,,29.0
espn_20260117_401810454,2026-01-17,22025,Golden State Warriors,Charlotte Hornets,136.0,116.0,W,L,93.0,,,13.0,94.0,,,17.0
espn_20260117_401810453,2026-01-17,22025,San Antonio Spurs,Minnesota Timberwolves,126.0,123.0,W,L,94.0,,,28.0,90.0,,,28.0
espn_20260117_401810451,2026-01-17,22025,New York Knicks,Phoenix Suns,99.0,106.0,L,W,82.0,,,25.0,82.0,,,27.0
espn_20260117_401810450,2026-01-17,22025,Detroit Pistons,Indiana Pacers,121.0,78.0,W,L,93.0,,,19.0,79.0,,,27.0
espn_20260117_401810449,2026-01-17,22025,Atlanta Hawks,Boston Celtics,106.0,132.0,L,W,102.0,,,17.0,91.0,,,22.0
espn_20260117_401810448,2026-01-17,22025,Dallas Mavericks,Utah Jazz,138.0,120.0,W,L,91.0,,,36.0,89.0,,,20.0
espn_20260117_401810452,2026-01-17,22025,Miami Heat,Oklahoma City Thunder,122.0,120.0,W,L,111.0,,,28.0,77.0,,,28.0
espn_20260118_401810457,2026-01-18,22025,Memphis Grizzlies,Orlando Magic,126.0,109.0,W,L,91.0,,,25.0,95.0,,,16.0
espn_20260118_401810458,2026-01-18,22025,Chicago Bulls,Brooklyn Nets,124.0,102.0,W,L,94.0,,,9.0,83.0,,,15.0
espn_20260118_401810459,2026-01-18,22025,Houston Rockets,New Orleans Pelicans,119.0,110.0,W,L,90.0,,,22.0,88.0,,,15.0
espn_20260118_401810460,2026-01-18,22025,Denver Nuggets,Charlotte Hornets,87.0,110.0,L,W,79.0,,,18.0,89.0,,,13.0
espn_20260118_401810461,2026-01-18,22025,Sacramento Kings,Portland Trail Blazers,110.0,117.0,L,W,86.0,,,18.0,83.0,,,33.0
espn_20260118_401810462,2026-01-18,22025,Los Angeles Lakers,Toronto Raptors,110.0,93.0,W,L,85.0,,,17.0,91.0,,,15.0
espn_20260119_401809249,2026-01-19,22025,New York Knicks,Dallas Mavericks,97.0,114.0,L,W,95.0,,,20.0,82.0,,,28.0
espn_20260119_401810467,2026-01-19,22025,Golden State Warriors,Miami Heat,135.0,112.0,W,L,95.0,,,17.0,99.0,,,24.0
espn_20260119_401809250,2026-01-19,22025,Detroit Pistons,Boston Celtics,104.0,103.0,W,L,88.0,,,23.0,83.0,,,30.0
espn_20260119_401810465,2026-01-19,22025,Brooklyn Nets,Phoenix Suns,117.0,126.0,L,W,81.0,,,21.0,77.0,,,23.0
espn_20260119_401810464,2026-01-19,22025,Philadelphia 76ers,Indiana Pacers,113.0,104.0,W,L,88.0,,,36.0,84.0,,,14.0
espn_20260119_401809247,2026-01-19,22025,Atlanta Hawks,Milwaukee Bucks,110.0,112.0,L,W,96.0,,,24.0,79.0,,,25.0
espn_20260119_401810463,2026-01-19,22025,Washington Wizards,LA Clippers,106.0,110.0,L,W,86.0,,,22.0,78.0,,,38.0
espn_20260119_401809248,2026-01-19,22025,Cleveland Cavaliers,Oklahoma City Thunder,104.0,136.0,L,W,91.0,,,35.0,90.0,,,20.0
espn_20260119_401810466,2026-01-19,22025,San Antonio Spurs,Utah Jazz,123.0,110.0,W,L,79.0,,,25.0,92.0,,,27.0
espn_20260120_401810472,2026-01-20,22025,Denver Nuggets,Los Angeles Lakers,107.0,115.0,L,W,87.0,,,19.0,83.0,,,32.0
espn_20260120_401810473,2026-01-20,22025,Golden State Warriors,Toronto Raptors,127.0,145.0,L,W,91.0,,,26.0,86.0,,,22.0
espn_20260120_401810471,2026-01-20,22025,Utah Jazz,Minnesota Timberwolves,127.0,122.0,W,L,87.0,,,26.0,100.0,,,27.0
espn_20260120_401810474,2026-01-20,22025,Sacramento Kings,Miami Heat,117.0,130.0,L,W,87.0,,,21.0,98.0,,,24.0
espn_20260120_401810469,2026-01-20,22025,Chicago Bulls,LA Clippers,138.0,110.0,W,L,92.0,,,12.0,92.0,,,17.0
espn_20260120_401810468,2026-01-20,22025,Philadelphia 76ers,Phoenix Suns,110.0,116.0,L,W,93.0,,,27.0,92.0,,,20.0
espn_20260120_401810470,2026-01-20,22025,Houston Rockets,San Antonio Spurs,111.0,106.0,W,L,83.0,,,22.0,105.0,,,10.0
espn_20260121_401810480,2026-01-21,22025,Milwaukee Bucks,Oklahoma City Thunder,102.0,122.0,L,W,81.0,,,9.0,90.0,,,15.0
espn_20260121_401810477,2026-01-21,22025,New York Knicks,Brooklyn Nets,120.0,66.0,W,L,80.0,,,17.0,79.0,,,13.0
espn_20260121_401810481,2026-01-21,22025,Sacramento Kings,Toronto Raptors,109.0,122.0,L,W,88.0,,,22.0,94.0,,,25.0
espn_20260121_401810479,2026-01-21,22025,New Orleans Pelicans,Detroit Pistons,104.0,112.0,L,W,86.0,,,30.0,88.0,,,24.0
espn_20260121_401810476,2026-01-21,22025,Boston Celtics,Indiana Pacers,119.0,104.0,W,L,88.0,,,25.0,94.0,,,23.0
espn_20260121_401810478,2026-01-21,22025,Memphis Grizzlies,Atlanta Hawks,122.0,124.0,L,W,93.0,,,27.0,92.0,,,24.0
espn_20260121_401810475,2026-01-21,22025,Charlotte Hornets,Cleveland Cavaliers,87.0,94.0,L,W,98.0,,,18.0,87.0,,,24.0
espn_20260122_401810482,2026-01-22,22025,Orlando Magic,Charlotte Hornets,97.0,124.0,L,W,79.0,,,22.0,79.0,,,25.0
espn_20260122_401810483,2026-01-22,22025,Philadelphia 76ers,Houston Rockets,128.0,122.0,W,L,89.0,,,22.0,99.0,,,24.0
espn_20260122_401810484,2026-01-22,22025,Washington Wizards,Denver Nuggets,97.0,107.0,L,W,84.0,,,24.0,83.0,,,26.0
espn_20260122_401810485,2026-01-22,22025,Dallas Mavericks,Golden State Warriors,123.0,115.0,W,L,86.0,,,30.0,96.0,,,18.0
espn_20260122_401810486,2026-01-22,22025,Minnesota Timberwolves,Chicago Bulls,115.0,120.0,L,W,93.0,,,15.0,86.0,,,33.0
espn_20260122_401810487,2026-01-22,22025,Utah Jazz,San Antonio Spurs,109.0,126.0,L,W,90.0,,,13.0,87.0,,,24.0
espn_20260122_401810488,2026-01-22,22025,LA Clippers,Los Angeles Lakers,112.0,104.0,W,L,84.0,,,21.0,88.0,,,18.0
espn_20260122_401810489,2026-01-22,22025,Portland Trail Blazers,Miami Heat,127.0,110.0,W,L,96.0,,,13.0,94.0,,,19.0
espn_20260123_401810497,2026-01-23,22025,Portland Trail Blazers,Toronto Raptors,98.0,110.0,L,W,98.0,,,10.0,85.0,,,17.0
espn_20260123_401810495,2026-01-23,22025,Milwaukee Bucks,Denver Nuggets,100.0,102.0,L,W,85.0,,,27.0,87.0,,,23.0
espn_20260123_401810496,2026-01-23,22025,Oklahoma City Thunder,Indiana Pacers,114.0,117.0,L,W,82.0,,,30.0,96.0,,,20.0
espn_20260123_401810494,2026-01-23,22025,Memphis Grizzlies,New Orleans Pelicans,127.0,133.0,L,W,92.0,,,22.0,99.0,,,33.0
espn_20260123_401810492,2026-01-23,22025,Brooklyn Nets,Boston Celtics,126.0,130.0,L,W,95.0,,,34.0,109.0,,,16.0
espn_20260123_401810491,2026-01-23,22025,Atlanta Hawks,Phoenix Suns,110.0,103.0,W,L,81.0,,,16.0,95.0,,,9.0
espn_20260123_401810490,2026-01-23,22025,Detroit Pistons,Houston Rockets,104.0,111.0,L,W,84.0,,,24.0,79.0,,,30.0
espn_20260123_401810493,2026-01-23,22025,Cleveland Cavaliers,Sacramento Kings,123.0,118.0,W,L,96.0,,,27.0,89.0,,,22.0
espn_20260124_401810500,2026-01-24,22025,Charlotte Hornets,Washington Wizards,119.0,115.0,W,L,79.0,,,30.0,96.0,,,9.0
espn_20260124_401810498,2026-01-24,22025,Philadelphia 76ers,New York Knicks,109.0,112.0,L,W,77.0,,,29.0,93.0,,,27.0
espn_20260124_401810501,2026-01-24,22025,Orlando Magic,Cleveland Cavaliers,105.0,119.0,L,W,81.0,,,32.0,81.0,,,22.0
espn_20260124_401810502,2026-01-24,22025,Chicago Bulls,Boston Celtics,114.0,111.0,W,L,85.0,,,8.0,99.0,,,9.0
espn_20260124_401810503,2026-01-24,22025,Dallas Mavericks,Los Angeles Lakers,110.0,116.0,L,W,94.0,,,29.0,90.0,,,29.0
espn_20260124_401810504,2026-01-24,22025,Utah Jazz,Miami Heat,116.0,147.0,L,W,92.0,,,28.0,108.0,,,42.0
espn_20260125_401810511,2026-01-25,22025,LA Clippers,Brooklyn Nets,126.0,89.0,W,L,78.0,,,29.0,85.0,,,25.0
espn_20260125_401810509,2026-01-25,22025,San Antonio Spurs,New Orleans Pelicans,95.0,104.0,L,W,81.0,,,32.0,102.0,,,17.0
espn_20260125_401810510,2026-01-25,22025,Phoenix Suns,Miami Heat,102.0,111.0,L,W,100.0,,,26.0,93.0,,,29.0
espn_20260125_401857824,2026-01-25,22025,Minnesota Timberwolves,Golden State Warriors,85.0,111.0,L,W,79.0,,,20.0,95.0,,,16.0
espn_20260125_401810505,2026-01-25,22025,Detroit Pistons,Sacramento Kings,139.0,116.0,W,L,91.0,,,28.0,84.0,,,28.0
espn_20260125_401810508,2026-01-25,22025,Oklahoma City Thunder,Toronto Raptors,101.0,103.0,L,W,75.0,,,31.0,86.0,,,26.0
espn_20260126_401810514,2026-01-26,22025,Atlanta Hawks,Indiana Pacers,132.0,116.0,W,L,98.0,,,17.0,93.0,,,25.0
espn_20260126_401810512,2026-01-26,22025,Charlotte Hornets,Philadelphia 76ers,130.0,93.0,W,L,83.0,,,27.0,89.0,,,19.0
espn_20260126_401810513,2026-01-26,22025,Cleveland Cavaliers,Orlando Magic,114.0,98.0,W,L,79.0,,,27.0,94.0,,,15.0
espn_20260126_401810515,2026-01-26,22025,Boston Celtics,Portland Trail Blazers,102.0,94.0,W,L,90.0,,,18.0,78.0,,,30.0
espn_20260126_401810516,2026-01-26,22025,Chicago Bulls,Los Angeles Lakers,118.0,129.0,L,W,82.0,,,18.0,82.0,,,29.0
espn_20260126_401810517,2026-01-26,22025,Houston Rockets,Memphis Grizzlies,108.0,99.0,W,L,92.0,,,20.0,105.0,,,17.0
espn_20260126_401810518,2026-01-26,22025,Minnesota Timberwolves,Golden State Warriors,108.0,83.0,W,L,81.0,,,26.0,95.0,,,13.0
espn_20260127_401810525,2026-01-27,22025,Utah Jazz,LA Clippers,103.0,115.0,L,W,82.0,,,21.0,88.0,,,21.0
espn_20260127_401810524,2026-01-27,22025,Phoenix Suns,Brooklyn Nets,106.0,102.0,W,L,77.0,,,20.0,75.0,,,19.0
espn_20260127_401810522,2026-01-27,22025,Oklahoma City Thunder,New Orleans Pelicans,104.0,95.0,W,L,87.0,,,23.0,99.0,,,22.0
espn_20260127_401810523,2026-01-27,22025,Denver Nuggets,Detroit Pistons,107.0,109.0,L,W,84.0,,,23.0,94.0,,,18.0
espn_20260127_401810520,2026-01-27,22025,New York Knicks,Sacramento Kings,103.0,87.0,W,L,78.0,,,18.0,87.0,,,14.0
espn_20260127_401810519,2026-01-27,22025,Washington Wizards,Portland Trail Blazers,115.0,111.0,W,L,98.0,,,21.0,109.0,,,23.0
espn_20260127_401810521,2026-01-27,22025,Philadelphia 76ers,Milwaukee Bucks,139.0,122.0,W,L,101.0,,,15.0,86.0,,,27.0
espn_20260128_401810526,2026-01-28,22025,Cleveland Cavaliers,Los Angeles Lakers,129.0,99.0,W,L,97.0,,,13.0,81.0,,,18.0
espn_20260128_401810527,2026-01-28,22025,Indiana Pacers,Chicago Bulls,113.0,110.0,W,L,85.0,,,25.0,88.0,,,18.0
espn_20260128_401810528,2026-01-28,22025,Boston Celtics,Atlanta Hawks,106.0,117.0,L,W,89.0,,,16.0,93.0,,,13.0
espn_20260128_401810529,2026-01-28,22025,Miami Heat,Orlando Magic,124.0,133.0,L,W,88.0,,,23.0,104.0,,,17.0
espn_20260128_401810530,2026-01-28,22025,Toronto Raptors,New York Knicks,92.0,119.0,L,W,79.0,,,29.0,90.0,,,18.0
espn_20260128_401810531,2026-01-28,22025,Memphis Grizzlies,Charlotte Hornets,97.0,112.0,L,W,81.0,,,12.0,90.0,,,8.0
espn_20260128_401810532,2026-01-28,22025,Dallas Mavericks,Minnesota Timberwolves,105.0,118.0,L,W,84.0,,,39.0,94.0,,,27.0
espn_20260128_401810533,2026-01-28,22025,Utah Jazz,Golden State Warriors,124.0,140.0,L,W,90.0,,,24.0,86.0,,,30.0
espn_20260128_401810534,2026-01-28,22025,Houston Rockets,San Antonio Spurs,99.0,111.0,L,W,99.0,,,18.0,82.0,,,24.0
espn_20260129_401810539,2026-01-29,22025,Denver Nuggets,Brooklyn Nets,107.0,103.0,W,L,80.0,,,25.0,85.0,,,18.0
espn_20260129_401810541,2026-01-29,22025,Minnesota Timberwolves,Oklahoma City Thunder,123.0,111.0,W,L,89.0,,,18.0,86.0,,,20.0
espn_20260129_401810540,2026-01-29,22025,Phoenix Suns,Detroit Pistons,114.0,96.0,W,L,79.0,,,29.0,87.0,,,21.0
espn_20260129_401810538,2026-01-29,22025,Dallas Mavericks,Charlotte Hornets,121.0,123.0,L,W,103.0,,,16.0,91.0,,,18.0
espn_20260129_401810536,2026-01-29,22025,Washington Wizards,Milwaukee Bucks,109.0,99.0,W,L,96.0,,,28.0,98.0,,,9.0
espn_20260129_401810537,2026-01-29,22025,Atlanta Hawks,Houston Rockets,86.0,104.0,L,W,93.0,,,7.0,92.0,,,20.0
espn_20260129_401850920,2026-01-29,22025,Chicago Bulls,Miami Heat,113.0,116.0,L,W,94.0,,,29.0,93.0,,,24.0
espn_20260129_401810535,2026-01-29,22025,Philadelphia 76ers,Sacramento Kings,113.0,111.0,W,L,72.0,,,31.0,82.0,,,23.0
espn_20260130_401810551,2026-01-30,22025,Golden State Warriors,Detroit Pistons,124.0,131.0,L,W,90.0,,,35.0,95.0,,,36.0
espn_20260130_401810550,2026-01-30,22025,Denver Nuggets,LA Clippers,122.0,109.0,W,L,73.0,,,32.0,86.0,,,21.0
espn_20260130_401810548,2026-01-30,22025,Phoenix Suns,Cleveland Cavaliers,126.0,113.0,W,L,85.0,,,18.0,97.0,,,11.0
espn_20260130_401810546,2026-01-30,22025,New Orleans Pelicans,Memphis Grizzlies,114.0,106.0,W,L,88.0,,,26.0,93.0,,,15.0
espn_20260130_401810549,2026-01-30,22025,Utah Jazz,Brooklyn Nets,99.0,109.0,L,W,78.0,,,19.0,82.0,,,28.0
espn_20260130_401810544,2026-01-30,22025,Boston Celtics,Sacramento Kings,112.0,93.0,W,L,93.0,,,16.0,83.0,,,23.0
espn_20260130_401810542,2026-01-30,22025,Orlando Magic,Toronto Raptors,130.0,120.0,W,L,78.0,,,37.0,84.0,,,32.0
espn_20260130_401810543,2026-01-30,22025,Washington Wizards,Los Angeles Lakers,111.0,142.0,L,W,99.0,,,10.0,85.0,,,32.0
espn_20260130_401810545,2026-01-30,22025,New York Knicks,Portland Trail Blazers,127.0,97.0,W,L,99.0,,,14.0,81.0,,,19.0
espn_20260131_401810552,2026-01-31,22025,Charlotte Hornets,San Antonio Spurs,111.0,106.0,W,L,88.0,,,22.0,80.0,,,19.0
espn_20260131_401810553,2026-01-31,22025,Indiana Pacers,Atlanta Hawks,129.0,124.0,W,L,89.0,,,21.0,97.0,,,28.0
espn_20260131_401810554,2026-01-31,22025,Philadelphia 76ers,New Orleans Pelicans,124.0,114.0,W,L,94.0,,,23.0,92.0,,,22.0
espn_20260131_401810547,2026-01-31,22025,Miami Heat,Chicago Bulls,118.0,125.0,L,W,95.0,,,31.0,88.0,,,18.0
espn_20260131_401810555,2026-01-31,22025,Memphis Grizzlies,Minnesota Timberwolves,114.0,131.0,L,W,90.0,,,24.0,89.0,,,24.0
espn_20260131_401810556,2026-01-31,22025,Houston Rockets,Dallas Mavericks,111.0,107.0,W,L,108.0,,,15.0,92.0,,,26.0
espn_20260201_401810564,2026-02-01,22025,Phoenix Suns,LA Clippers,93.0,117.0,L,W,93.0,,,18.0,83.0,,,34.0
espn_20260201_401810565,2026-02-01,22025,Portland Trail Blazers,Cleveland Cavaliers,111.0,130.0,L,W,98.0,,,12.0,91.0,,,19.0
espn_20260201_401810566,2026-02-01,22025,Denver Nuggets,Oklahoma City Thunder,111.0,121.0,L,W,79.0,,,24.0,85.0,,,27.0
espn_20260201_401810563,2026-02-01,22025,New York Knicks,Los Angeles Lakers,112.0,100.0,W,L,91.0,,,11.0,84.0,,,19.0
espn_20260201_401810558,2026-02-01,22025,San Antonio Spurs,Orlando Magic,112.0,103.0,W,L,82.0,,,32.0,91.0,,,15.0
espn_20260201_401810561,2026-02-01,22025,Toronto Raptors,Utah Jazz,107.0,100.0,W,L,84.0,,,30.0,90.0,,,34.0
espn_20260201_401810560,2026-02-01,22025,Miami Heat,Chicago Bulls,134.0,91.0,W,L,107.0,,,17.0,87.0,,,34.0
espn_20260201_401810559,2026-02-01,22025,Detroit Pistons,Brooklyn Nets,130.0,77.0,W,L,85.0,,,29.0,73.0,,,27.0
espn_20260201_401810557,2026-02-01,22025,Boston Celtics,Milwaukee Bucks,107.0,79.0,W,L,92.0,,,13.0,82.0,,,15.0
espn_20260201_401810562,2026-02-01,22025,Washington Wizards,Sacramento Kings,116.0,112.0,W,L,88.0,,,15.0,84.0,,,29.0
espn_20260202_401810567,2026-02-02,22025,Charlotte Hornets,New Orleans Pelicans,102.0,95.0,W,L,85.0,,,27.0,84.0,,,25.0
espn_20260202_401810568,2026-02-02,22025,Indiana Pacers,Houston Rockets,114.0,118.0,L,W,87.0,,,21.0,87.0,,,37.0
espn_20260202_401810569,2026-02-02,22025,Memphis Grizzlies,Minnesota Timberwolves,137.0,128.0,W,L,88.0,,,35.0,90.0,,,31.0
espn_20260202_401810570,2026-02-02,22025,LA Clippers,Philadelphia 76ers,113.0,128.0,L,W,78.0,,,20.0,94.0,,,22.0
espn_20260203_401810580,2026-02-03,22025,Portland Trail Blazers,Phoenix Suns,125.0,130.0,L,W,95.0,,,18.0,97.0,,,15.0
espn_20260203_401810579,2026-02-03,22025,Golden State Warriors,Philadelphia 76ers,94.0,113.0,L,W,78.0,,,2.0,93.0,,,21.0
espn_20260203_401810578,2026-02-03,22025,Oklahoma City Thunder,Orlando Magic,128.0,92.0,W,L,93.0,,,26.0,89.0,,,11.0
espn_20260203_401810577,2026-02-03,22025,Milwaukee Bucks,Chicago Bulls,131.0,115.0,W,L,97.0,,,15.0,91.0,,,23.0
espn_20260203_401810576,2026-02-03,22025,Dallas Mavericks,Boston Celtics,100.0,110.0,L,W,89.0,,,22.0,96.0,,,5.0
espn_20260203_401810574,2026-02-03,22025,Brooklyn Nets,Los Angeles Lakers,109.0,125.0,L,W,94.0,,,14.0,85.0,,,39.0
espn_20260203_401810573,2026-02-03,22025,Washington Wizards,New York Knicks,101.0,132.0,L,W,86.0,,,32.0,90.0,,,27.0
espn_20260203_401810572,2026-02-03,22025,Indiana Pacers,Utah Jazz,122.0,131.0,L,W,84.0,,,27.0,88.0,,,26.0
espn_20260203_401810571,2026-02-03,22025,Detroit Pistons,Denver Nuggets,124.0,121.0,W,L,94.0,,,30.0,83.0,,,43.0
espn_20260203_401810575,2026-02-03,22025,Miami Heat,Atlanta Hawks,115.0,127.0,L,W,96.0,,,26.0,101.0,,,13.0
espn_20260204_401810581,2026-02-04,22025,New York Knicks,Denver Nuggets,134.0,127.0,W,L,100.0,,,19.0,105.0,,,27.0
espn_20260204_401810582,2026-02-04,22025,Toronto Raptors,Minnesota Timberwolves,126.0,128.0,L,W,89.0,,,24.0,97.0,,,25.0
espn_20260204_401810583,2026-02-04,22025,Houston Rockets,Boston Celtics,93.0,114.0,L,W,82.0,,,22.0,90.0,,,20.0
espn_20260204_401810584,2026-02-04,22025,Milwaukee Bucks,New Orleans Pelicans,141.0,137.0,W,L,92.0,,,10.0,94.0,,,29.0
espn_20260204_401810585,2026-02-04,22025,San Antonio Spurs,Oklahoma City Thunder,116.0,106.0,W,L,101.0,,,20.0,93.0,,,14.0
espn_20260204_401810586,2026-02-04,22025,Sacramento Kings,Memphis Grizzlies,125.0,129.0,L,W,100.0,,,28.0,90.0,,,28.0
espn_20260204_401810587,2026-02-04,22025,LA Clippers,Cleveland Cavaliers,91.0,124.0,L,W,80.0,,,12.0,98.0,,,13.0
espn_20260205_401810592,2026-02-05,22025,Houston Rockets,Charlotte Hornets,99.0,109.0,L,W,83.0,,,20.0,87.0,,,22.0
espn_20260205_401810593,2026-02-05,22025,Dallas Mavericks,San Antonio Spurs,123.0,135.0,L,W,97.0,,,20.0,95.0,,,25.0
espn_20260205_401810591,2026-02-05,22025,Toronto Raptors,Chicago Bulls,123.0,107.0,W,L,87.0,,,13.0,91.0,,,8.0
espn_20260205_401810594,2026-02-05,22025,Phoenix Suns,Golden State Warriors,97.0,101.0,L,W,82.0,,,6.0,76.0,,,20.0
espn_20260205_401810589,2026-02-05,22025,Orlando Magic,Brooklyn Nets,118.0,98.0,W,L,82.0,,,27.0,82.0,,,29.0
espn_20260205_401810588,2026-02-05,22025,Detroit Pistons,Washington Wizards,117.0,126.0,L,W,88.0,,,33.0,91.0,,,18.0
espn_20260205_401810590,2026-02-05,22025,Atlanta Hawks,Utah Jazz,121.0,119.0,W,L,98.0,,,23.0,101.0,,,20.0
espn_20260205_401810595,2026-02-05,22025,Los Angeles Lakers,Philadelphia 76ers,119.0,115.0,W,L,79.0,,,27.0,84.0,,,23.0
espn_20260206_401810600,2026-02-06,22025,Portland Trail Blazers,Memphis Grizzlies,135.0,115.0,W,L,90.0,,,21.0,88.0,,,21.0
espn_20260206_401810599,2026-02-06,22025,Minnesota Timberwolves,New Orleans Pelicans,115.0,119.0,L,W,95.0,,,26.0,80.0,,,22.0
espn_20260206_401810601,2026-02-06,22025,Sacramento Kings,LA Clippers,111.0,114.0,L,W,92.0,,,22.0,71.0,,,36.0
espn_20260206_401810597,2026-02-06,22025,Detroit Pistons,New York Knicks,118.0,80.0,W,L,83.0,,,15.0,82.0,,,17.0
espn_20260206_401810596,2026-02-06,22025,Boston Celtics,Miami Heat,98.0,96.0,W,L,84.0,,,23.0,84.0,,,18.0
espn_20260206_401810598,2026-02-06,22025,Milwaukee Bucks,Indiana Pacers,105.0,99.0,W,L,95.0,,,6.0,79.0,,,21.0
espn_20260207_401810602,2026-02-07,22025,Brooklyn Nets,Washington Wizards,127.0,113.0,W,L,91.0,,,19.0,79.0,,,30.0
espn_20260207_401810603,2026-02-07,22025,Oklahoma City Thunder,Houston Rockets,106.0,112.0,L,W,82.0,,,28.0,83.0,,,28.0
espn_20260207_401810604,2026-02-07,22025,San Antonio Spurs,Dallas Mavericks,138.0,125.0,W,L,99.0,,,20.0,105.0,,,24.0
espn_20260207_401810605,2026-02-07,22025,Orlando Magic,Utah Jazz,120.0,117.0,W,L,84.0,,,43.0,92.0,,,23.0
espn_20260207_401810606,2026-02-07,22025,Atlanta Hawks,Charlotte Hornets,119.0,126.0,L,W,88.0,,,17.0,95.0,,,16.0
espn_20260207_401810607,2026-02-07,22025,Chicago Bulls,Denver Nuggets,120.0,136.0,L,W,92.0,,,20.0,85.0,,,33.0
espn_20260207_401810608,2026-02-07,22025,Los Angeles Lakers,Golden State Warriors,105.0,99.0,W,L,69.0,,,30.0,92.0,,,11.0
espn_20260207_401810609,2026-02-07,22025,Phoenix Suns,Philadelphia 76ers,103.0,109.0,L,W,83.0,,,31.0,74.0,,,34.0
espn_20260207_401810610,2026-02-07,22025,Portland Trail Blazers,Memphis Grizzlies,122.0,115.0,W,L,95.0,,,14.0,84.0,,,21.0
espn_20260207_401810611,2026-02-07,22025,Sacramento Kings,Cleveland Cavaliers,126.0,132.0,L,W,94.0,,,20.0,88.0,,,32.0
espn_20260208_401810615,2026-02-08,22025,Minnesota Timberwolves,LA Clippers,96.0,115.0,L,W,83.0,,,22.0,76.0,,,28.0
espn_20260208_401810614,2026-02-08,22025,Toronto Raptors,Indiana Pacers,122.0,104.0,W,L,95.0,,,30.0,89.0,,,14.0
espn_20260208_401810613,2026-02-08,22025,Washington Wizards,Miami Heat,101.0,132.0,L,W,93.0,,,16.0,104.0,,,15.0
espn_20260208_401810612,2026-02-08,22025,Boston Celtics,New York Knicks,89.0,111.0,L,W,92.0,,,15.0,83.0,,,24.0
espn_20260209_401810616,2026-02-09,22025,Charlotte Hornets,Detroit Pistons,104.0,110.0,L,W,82.0,,,17.0,87.0,,,28.0
espn_20260209_401810617,2026-02-09,22025,Brooklyn Nets,Chicago Bulls,123.0,115.0,W,L,88.0,,,31.0,91.0,,,32.0
espn_20260209_401810618,2026-02-09,22025,Miami Heat,Utah Jazz,111.0,115.0,L,W,79.0,,,44.0,92.0,,,31.0
espn_20260209_401810619,2026-02-09,22025,Orlando Magic,Milwaukee Bucks,118.0,99.0,W,L,86.0,,,27.0,77.0,,,21.0
espn_20260209_401810620,2026-02-09,22025,Minnesota Timberwolves,Atlanta Hawks,138.0,116.0,W,L,92.0,,,21.0,99.0,,,28.0
espn_20260209_401810621,2026-02-09,22025,New Orleans Pelicans,Sacramento Kings,120.0,94.0,W,L,87.0,,,16.0,99.0,,,15.0
espn_20260209_401810622,2026-02-09,22025,Denver Nuggets,Cleveland Cavaliers,117.0,119.0,L,W,85.0,,,35.0,92.0,,,22.0
espn_20260209_401810623,2026-02-09,22025,Golden State Warriors,Memphis Grizzlies,114.0,113.0,W,L,83.0,,,19.0,83.0,,,24.0
espn_20260209_401810624,2026-02-09,22025,Los Angeles Lakers,Oklahoma City Thunder,110.0,119.0,L,W,84.0,,,23.0,87.0,,,29.0
espn_20260209_401810625,2026-02-09,22025,Portland Trail Blazers,Philadelphia 76ers,135.0,118.0,W,L,97.0,,,25.0,81.0,,,36.0
espn_20260210_401810629,2026-02-10,22025,Los Angeles Lakers,San Antonio Spurs,108.0,136.0,L,W,85.0,,,20.0,92.0,,,25.0
espn_20260210_401810628,2026-02-10,22025,Phoenix Suns,Dallas Mavericks,120.0,111.0,W,L,102.0,,,9.0,77.0,,,44.0
espn_20260210_401810626,2026-02-10,22025,New York Knicks,Indiana Pacers,134.0,137.0,L,W,100.0,,,27.0,97.0,,,26.0
espn_20260210_401810627,2026-02-10,22025,Houston Rockets,LA Clippers,102.0,95.0,W,L,79.0,,,18.0,88.0,,,23.0
espn_20260211_401810641,2026-02-11,22025,Utah Jazz,Sacramento Kings,121.0,93.0,W,L,86.0,,,13.0,90.0,,,29.0
espn_20260211_401810643,2026-02-11,22025,Golden State Warriors,San Antonio Spurs,113.0,126.0,L,W,91.0,,,17.0,93.0,,,28.0
espn_20260211_401810642,2026-02-11,22025,Denver Nuggets,Memphis Grizzlies,122.0,116.0,W,L,81.0,,,32.0,91.0,,,21.0
espn_20260211_401810639,2026-02-11,22025,New Orleans Pelicans,Miami Heat,111.0,123.0,L,W,92.0,,,19.0,102.0,,,33.0
espn_20260211_401810638,2026-02-11,22025,Minnesota Timberwolves,Portland Trail Blazers,133.0,109.0,W,L,87.0,,,35.0,94.0,,,16.0
espn_20260211_401810637,2026-02-11,22025,Houston Rockets,LA Clippers,102.0,105.0,L,W,82.0,,,18.0,77.0,,,26.0
espn_20260211_401810640,2026-02-11,22025,Phoenix Suns,Oklahoma City Thunder,109.0,136.0,L,W,92.0,,,13.0,89.0,,,19.0
espn_20260211_401810635,2026-02-11,22025,Philadelphia 76ers,New York Knicks,89.0,138.0,L,W,88.0,,,21.0,91.0,,,27.0
espn_20260211_401810634,2026-02-11,22025,Brooklyn Nets,Indiana Pacers,110.0,115.0,L,W,85.0,,,26.0,92.0,,,14.0
espn_20260211_401810633,2026-02-11,22025,Boston Celtics,Chicago Bulls,124.0,105.0,W,L,95.0,,,13.0,89.0,,,13.0
espn_20260211_401810632,2026-02-11,22025,Orlando Magic,Milwaukee Bucks,108.0,116.0,L,W,82.0,,,21.0,81.0,,,24.0
espn_20260211_401810631,2026-02-11,22025,Cleveland Cavaliers,Washington Wizards,138.0,113.0,W,L,83.0,,,37.0,104.0,,,18.0
espn_20260211_401810630,2026-02-11,22025,Charlotte Hornets,Atlanta Hawks,110.0,107.0,W,L,88.0,,,29.0,84.0,,,30.0
espn_20260211_401810636,2026-02-11,22025,Toronto Raptors,Detroit Pistons,95.0,113.0,L,W,75.0,,,23.0,89.0,,,25.0
espn_20260212_401810644,2026-02-12,22025,Oklahoma City Thunder,Milwaukee Bucks,93.0,110.0,L,W,83.0,,,20.0,95.0,,,7.0
espn_20260212_401810645,2026-02-12,22025,Utah Jazz,Portland Trail Blazers,119.0,135.0,L,W,87.0,,,29.0,90.0,,,33.0
espn_20260212_401810646,2026-02-12,22025,Los Angeles Lakers,Dallas Mavericks,124.0,104.0,W,L,86.0,,,21.0,79.0,,,25.0
espn_20260215_401838143,2026-02-15,22025,Team Stripes,Team Stars,21.0,47.0,L,W,31.0,,,2.0,33.0,,,2.0
espn_20260215_401838140,2026-02-15,22025,Team Stars,World,37.0,35.0,W,L,36.0,,,0.0,29.0,,,6.0
espn_20260215_401838141,2026-02-15,22025,Team Stripes,Team Stars,42.0,40.0,W,L,34.0,,,2.0,30.0,,,5.0
espn_20260215_401838142,2026-02-15,22025,Team Stripes,World,48.0,45.0,W,L,31.0,,,3.0,27.0,,,9.0
espn_20260219_401810655,2026-02-19,22025,Sacramento Kings,Orlando Magic,94.0,131.0,L,W,86.0,,,20.0,90.0,,,17.0
espn_20260219_401810653,2026-02-19,22025,San Antonio Spurs,Phoenix Suns,121.0,94.0,W,L,87.0,,,20.0,105.0,,,6.0
espn_20260219_401810656,2026-02-19,22025,LA Clippers,Denver Nuggets,115.0,114.0,W,L,87.0,,,30.0,86.0,,,31.0
espn_20260219_401810652,2026-02-19,22025,Chicago Bulls,Toronto Raptors,101.0,110.0,L,W,86.0,,,21.0,90.0,,,31.0
espn_20260219_401810654,2026-02-19,22025,Golden State Warriors,Boston Celtics,110.0,121.0,L,W,96.0,,,8.0,95.0,,,7.0
espn_20260219_401810650,2026-02-19,22025,Washington Wizards,Indiana Pacers,112.0,105.0,W,L,98.0,,,20.0,83.0,,,27.0
espn_20260219_401810647,2026-02-19,22025,Charlotte Hornets,Houston Rockets,101.0,105.0,L,W,84.0,,,18.0,86.0,,,13.0
espn_20260219_401810648,2026-02-19,22025,Cleveland Cavaliers,Brooklyn Nets,112.0,84.0,W,L,86.0,,,20.0,87.0,,,16.0
espn_20260219_401810651,2026-02-19,22025,New York Knicks,Detroit Pistons,111.0,126.0,L,W,87.0,,,28.0,93.0,,,20.0
espn_20260219_401810649,2026-02-19,22025,Philadelphia 76ers,Atlanta Hawks,107.0,117.0,L,W,86.0,,,37.0,89.0,,,40.0
espn_20260220_401810657,2026-02-20,22025,Charlotte Hornets,Cleveland Cavaliers,113.0,118.0,L,W,92.0,,,22.0,77.0,,,28.0
espn_20260220_401810658,2026-02-20,22025,Washington Wizards,Indiana Pacers,131.0,118.0,W,L,95.0,,,19.0,90.0,,,21.0
espn_20260220_401810659,2026-02-20,22025,Memphis Grizzlies,Utah Jazz,123.0,114.0,W,L,92.0,,,33.0,93.0,,,16.0
espn_20260220_401810660,2026-02-20,22025,Atlanta Hawks,Miami Heat,97.0,128.0,L,W,95.0,,,15.0,100.0,,,14.0
espn_20260220_401810661,2026-02-20,22025,Minnesota Timberwolves,Dallas Mavericks,122.0,111.0,W,L,99.0,,,19.0,97.0,,,29.0
espn_20260220_401810662,2026-02-20,22025,New Orleans Pelicans,Milwaukee Bucks,118.0,139.0,L,W,87.0,,,28.0,92.0,,,18.0
espn_20260220_401810663,2026-02-20,22025,Oklahoma City Thunder,Brooklyn Nets,105.0,86.0,W,L,83.0,,,25.0,79.0,,,26.0
espn_20260220_401810665,2026-02-20,22025,Portland Trail Blazers,Denver Nuggets,103.0,157.0,L,W,86.0,,,29.0,96.0,,,32.0
espn_20260220_401810664,2026-02-20,22025,Los Angeles Lakers,LA Clippers,125.0,122.0,W,L,85.0,,,25.0,82.0,,,29.0
espn_20260221_401810671,2026-02-21,22025,New York Knicks,Houston Rockets,108.0,106.0,W,L,85.0,,,16.0,80.0,,,23.0
espn_20260221_401810670,2026-02-21,22025,San Antonio Spurs,Sacramento Kings,139.0,122.0,W,L,94.0,,,28.0,96.0,,,25.0
espn_20260221_401810669,2026-02-21,22025,Chicago Bulls,Detroit Pistons,110.0,126.0,L,W,84.0,,,24.0,105.0,,,15.0
espn_20260221_401810666,2026-02-21,22025,Phoenix Suns,Orlando Magic,113.0,110.0,W,L,117.0,,,24.0,98.0,,,19.0
espn_20260221_401810668,2026-02-21,22025,Miami Heat,Memphis Grizzlies,136.0,120.0,W,L,95.0,,,33.0,95.0,,,22.0
espn_20260221_401810667,2026-02-21,22025,New Orleans Pelicans,Philadelphia 76ers,126.0,111.0,W,L,81.0,,,38.0,94.0,,,33.0
espn_20260222_401810682,2026-02-22,22025,LA Clippers,Orlando Magic,109.0,111.0,L,W,83.0,,,28.0,83.0,,,31.0
espn_20260222_401810672,2026-02-22,22025,Oklahoma City Thunder,Cleveland Cavaliers,121.0,113.0,W,L,86.0,,,25.0,89.0,,,19.0
espn_20260222_401810673,2026-02-22,22025,Atlanta Hawks,Brooklyn Nets,115.0,104.0,W,L,87.0,,,21.0,85.0,,,22.0
espn_20260222_401810674,2026-02-22,22025,Milwaukee Bucks,Toronto Raptors,94.0,122.0,L,W,85.0,,,19.0,94.0,,,23.0
espn_20260222_401810675,2026-02-22,22025,Golden State Warriors,Denver Nuggets,128.0,117.0,W,L,94.0,,,12.0,91.0,,,29.0
espn_20260222_401810676,2026-02-22,22025,Indiana Pacers,Dallas Mavericks,130.0,134.0,L,W,94.0,,,20.0,94.0,,,32.0
espn_20260222_401810677,2026-02-22,22025,Washington Wizards,Charlotte Hornets,112.0,129.0,L,W,84.0,,,17.0,87.0,,,25.0
espn_20260222_401810678,2026-02-22,22025,Los Angeles Lakers,Boston Celtics,89.0,111.0,L,W,87.0,,,18.0,83.0,,,21.0
espn_20260222_401810679,2026-02-22,22025,Minnesota Timberwolves,Philadelphia 76ers,108.0,135.0,L,W,71.0,,,36.0,97.0,,,21.0
espn_20260222_401810680,2026-02-22,22025,Chicago Bulls,New York Knicks,99.0,105.0,L,W,86.0,,,21.0,84.0,,,21.0
espn_20260222_401810681,2026-02-22,22025,Phoenix Suns,Portland Trail Blazers,77.0,92.0,L,W,85.0,,,6.0,81.0,,,11.0
espn_20260223_401810685,2026-02-23,22025,Houston Rockets,Utah Jazz,125.0,105.0,W,L,86.0,,,11.0,98.0,,,30.0
espn_20260223_401810683,2026-02-23,22025,Detroit Pistons,San Antonio Spurs,103.0,114.0,L,W,106.0,,,19.0,101.0,,,19.0
espn_20260223_401810684,2026-02-23,22025,Memphis Grizzlies,Sacramento Kings,114.0,123.0,L,W,87.0,,,20.0,94.0,,,25.0
espn_20260224_401810686,2026-02-24,22025,Indiana Pacers,Philadelphia 76ers,114.0,135.0,L,W,95.0,,,22.0,92.0,,,25.0
espn_20260224_401810687,2026-02-24,22025,Atlanta Hawks,Washington Wizards,119.0,98.0,W,L,107.0,,,26.0,84.0,,,17.0
espn_20260224_401810688,2026-02-24,22025,Brooklyn Nets,Dallas Mavericks,114.0,123.0,L,W,80.0,,,27.0,82.0,,,24.0
espn_20260224_401810689,2026-02-24,22025,Toronto Raptors,Oklahoma City Thunder,107.0,116.0,L,W,88.0,,,12.0,95.0,,,12.0
espn_20260224_401810690,2026-02-24,22025,Cleveland Cavaliers,New York Knicks,109.0,94.0,W,L,87.0,,,30.0,86.0,,,21.0
espn_20260224_401810691,2026-02-24,22025,Chicago Bulls,Charlotte Hornets,99.0,131.0,L,W,82.0,,,15.0,95.0,,,9.0
espn_20260224_401810692,2026-02-24,22025,Milwaukee Bucks,Miami Heat,128.0,117.0,W,L,97.0,,,19.0,94.0,,,27.0
espn_20260224_401810693,2026-02-24,22025,New Orleans Pelicans,Golden State Warriors,113.0,109.0,W,L,101.0,,,23.0,97.0,,,23.0
espn_20260224_401810694,2026-02-24,22025,Phoenix Suns,Boston Celtics,81.0,97.0,L,W,79.0,,,13.0,95.0,,,9.0
espn_20260224_401810696,2026-02-24,22025,Portland Trail Blazers,Minnesota Timberwolves,121.0,124.0,L,W,89.0,,,30.0,88.0,,,19.0
espn_20260224_401810695,2026-02-24,22025,Los Angeles Lakers,Orlando Magic,109.0,110.0,L,W,83.0,,,28.0,94.0,,,23.0
espn_20260225_401810699,2026-02-25,22025,Memphis Grizzlies,Golden State Warriors,112.0,133.0,L,W,84.0,,,18.0,92.0,,,19.0
espn_20260225_401810702,2026-02-25,22025,Denver Nuggets,Boston Celtics,103.0,84.0,W,L,93.0,,,18.0,83.0,,,18.0
espn_20260225_401810701,2026-02-25,22025,Milwaukee Bucks,Cleveland Cavaliers,118.0,116.0,W,L,88.0,,,5.0,87.0,,,27.0
espn_20260225_401810698,2026-02-25,22025,Toronto Raptors,San Antonio Spurs,107.0,110.0,L,W,90.0,,,27.0,86.0,,,23.0
espn_20260225_401810697,2026-02-25,22025,Detroit Pistons,Oklahoma City Thunder,124.0,116.0,W,L,89.0,,,26.0,96.0,,,21.0
espn_20260225_401810700,2026-02-25,22025,Houston Rockets,Sacramento Kings,128.0,97.0,W,L,86.0,,,19.0,93.0,,,20.0
espn_20260226_401810711,2026-02-26,22025,Utah Jazz,New Orleans Pelicans,118.0,129.0,L,W,90.0,,,25.0,88.0,,,27.0
espn_20260226_401810703,2026-02-26,22025,Indiana Pacers,Charlotte Hornets,109.0,133.0,L,W,87.0,,,20.0,86.0,,,19.0
espn_20260226_401810704,2026-02-26,22025,Philadelphia 76ers,Miami Heat,124.0,117.0,W,L,94.0,,,18.0,87.0,,,26.0
espn_20260226_401810705,2026-02-26,22025,Atlanta Hawks,Washington Wizards,126.0,96.0,W,L,91.0,,,37.0,94.0,,,16.0
espn_20260226_401810706,2026-02-26,22025,Brooklyn Nets,San Antonio Spurs,110.0,126.0,L,W,89.0,,,17.0,87.0,,,27.0
espn_20260226_401810707,2026-02-26,22025,Orlando Magic,Houston Rockets,108.0,113.0,L,W,88.0,,,21.0,82.0,,,20.0
espn_20260226_401810708,2026-02-26,22025,Chicago Bulls,Portland Trail Blazers,112.0,121.0,L,W,80.0,,,30.0,95.0,,,31.0
espn_20260226_401810709,2026-02-26,22025,Dallas Mavericks,Sacramento Kings,121.0,130.0,L,W,81.0,,,34.0,101.0,,,25.0
espn_20260226_401810710,2026-02-26,22025,Phoenix Suns,Los Angeles Lakers,113.0,110.0,W,L,87.0,,,14.0,75.0,,,26.0
espn_20260226_401810712,2026-02-26,22025,LA Clippers,Minnesota Timberwolves,88.0,94.0,L,W,74.0,,,29.0,83.0,,,19.0
espn_20260227_401810717,2026-02-27,22025,Oklahoma City Thunder,Denver Nuggets,127.0,121.0,W,L,99.0,,,27.0,103.0,,,22.0
espn_20260227_401810716,2026-02-27,22025,Dallas Mavericks,Memphis Grizzlies,105.0,124.0,L,W,88.0,,,33.0,93.0,,,21.0
espn_20260227_401810714,2026-02-27,22025,Boston Celtics,Brooklyn Nets,148.0,111.0,W,L,78.0,,,27.0,88.0,,,16.0
espn_20260227_401810715,2026-02-27,22025,Milwaukee Bucks,New York Knicks,98.0,127.0,L,W,77.0,,,22.0,88.0,,,16.0
espn_20260227_401810713,2026-02-27,22025,Detroit Pistons,Cleveland Cavaliers,122.0,119.0,W,L,100.0,,,33.0,94.0,,,27.0
espn_20260228_401810718,2026-02-28,22025,Charlotte Hornets,Portland Trail Blazers,109.0,93.0,W,L,91.0,,,25.0,86.0,,,19.0
espn_20260228_401810719,2026-02-28,22025,Miami Heat,Houston Rockets,115.0,105.0,W,L,90.0,,,20.0,95.0,,,21.0
espn_20260228_401810720,2026-02-28,22025,Washington Wizards,Toronto Raptors,125.0,134.0,L,W,88.0,,,21.0,85.0,,,27.0
espn_20260228_401810721,2026-02-28,22025,Golden State Warriors,Los Angeles Lakers,101.0,129.0,L,W,91.0,,,9.0,90.0,,,20.0
espn_20260228_401810722,2026-02-28,22025,Utah Jazz,New Orleans Pelicans,105.0,115.0,L,W,96.0,,,33.0,85.0,,,29.0
espn_20260301_401810733,2026-03-01,22025,Los Angeles Lakers,Sacramento Kings,128.0,104.0,W,L,94.0,,,22.0,90.0,,,15.0
espn_20260301_401810732,2026-03-01,22025,LA Clippers,New Orleans Pelicans,137.0,117.0,W,L,89.0,,,29.0,89.0,,,30.0
espn_20260301_401810731,2026-03-01,22025,Dallas Mavericks,Oklahoma City Thunder,87.0,100.0,L,W,85.0,,,16.0,92.0,,,15.0
espn_20260301_401810729,2026-03-01,22025,Boston Celtics,Philadelphia 76ers,114.0,98.0,W,L,91.0,,,21.0,88.0,,,22.0
espn_20260301_401810728,2026-03-01,22025,Atlanta Hawks,Portland Trail Blazers,135.0,101.0,W,L,92.0,,,23.0,87.0,,,26.0
espn_20260301_401810730,2026-03-01,22025,Orlando Magic,Detroit Pistons,92.0,106.0,L,W,77.0,,,30.0,93.0,,,24.0
espn_20260301_401810726,2026-03-01,22025,Denver Nuggets,Minnesota Timberwolves,108.0,117.0,L,W,85.0,,,27.0,85.0,,,19.0
espn_20260301_401810725,2026-03-01,22025,Chicago Bulls,Milwaukee Bucks,120.0,97.0,W,L,84.0,,,23.0,95.0,,,17.0
espn_20260301_401810724,2026-03-01,22025,Brooklyn Nets,Cleveland Cavaliers,102.0,106.0,L,W,75.0,,,20.0,70.0,,,37.0
espn_20260301_401810723,2026-03-01,22025,New York Knicks,San Antonio Spurs,114.0,89.0,W,L,97.0,,,19.0,77.0,,,22.0
espn_20260301_401810727,2026-03-01,22025,Indiana Pacers,Memphis Grizzlies,106.0,125.0,L,W,80.0,,,19.0,94.0,,,14.0
espn_20260302_401810734,2026-03-02,22025,Washington Wizards,Houston Rockets,118.0,123.0,L,W,91.0,,,14.0,92.0,,,28.0
espn_20260302_401810735,2026-03-02,22025,Milwaukee Bucks,Boston Celtics,81.0,108.0,L,W,74.0,,,19.0,95.0,,,9.0
espn_20260302_401810736,2026-03-02,22025,Utah Jazz,Denver Nuggets,125.0,128.0,L,W,86.0,,,26.0,74.0,,,35.0
espn_20260302_401810737,2026-03-02,22025,Golden State Warriors,LA Clippers,101.0,114.0,L,W,93.0,,,17.0,85.0,,,23.0
espn_20260303_401810744,2026-03-03,22025,Chicago Bulls,Oklahoma City Thunder,108.0,116.0,L,W,90.0,,,19.0,99.0,,,24.0
espn_20260303_401810747,2026-03-03,22025,Sacramento Kings,Phoenix Suns,103.0,114.0,L,W,90.0,,,18.0,92.0,,,17.0
espn_20260303_401810746,2026-03-03,22025,Los Angeles Lakers,New Orleans Pelicans,110.0,101.0,W,L,83.0,,,26.0,90.0,,,19.0
espn_20260303_401810745,2026-03-03,22025,Minnesota Timberwolves,Memphis Grizzlies,117.0,110.0,W,L,84.0,,,34.0,79.0,,,29.0
espn_20260303_401810743,2026-03-03,22025,Philadelphia 76ers,San Antonio Spurs,91.0,131.0,L,W,95.0,,,19.0,89.0,,,18.0
espn_20260303_401810742,2026-03-03,22025,Toronto Raptors,New York Knicks,95.0,111.0,L,W,77.0,,,19.0,81.0,,,12.0
espn_20260303_401810741,2026-03-03,22025,Miami Heat,Brooklyn Nets,124.0,98.0,W,L,91.0,,,24.0,86.0,,,30.0
espn_20260303_401810740,2026-03-03,22025,Orlando Magic,Washington Wizards,126.0,109.0,W,L,76.0,,,37.0,92.0,,,25.0
espn_20260303_401810739,2026-03-03,22025,Cleveland Cavaliers,Detroit Pistons,113.0,109.0,W,L,86.0,,,26.0,77.0,,,29.0
espn_20260303_401810738,2026-03-03,22025,Charlotte Hornets,Dallas Mavericks,117.0,90.0,W,L,88.0,,,19.0,74.0,,,42.0
espn_20260304_401810748,2026-03-04,22025,New York Knicks,Oklahoma City Thunder,100.0,103.0,L,W,88.0,,,22.0,73.0,,,25.0
espn_20260304_401810749,2026-03-04,22025,Boston Celtics,Charlotte Hornets,89.0,118.0,L,W,79.0,,,20.0,89.0,,,21.0
espn_20260304_401810750,2026-03-04,22025,Philadelphia 76ers,Utah Jazz,106.0,102.0,W,L,88.0,,,21.0,88.0,,,19.0
espn_20260304_401810751,2026-03-04,22025,Memphis Grizzlies,Portland Trail Blazers,114.0,122.0,L,W,87.0,,,33.0,95.0,,,18.0
espn_20260304_401810752,2026-03-04,22025,Milwaukee Bucks,Atlanta Hawks,113.0,131.0,L,W,86.0,,,20.0,92.0,,,16.0
espn_20260304_401810753,2026-03-04,22025,LA Clippers,Indiana Pacers,130.0,107.0,W,L,89.0,,,25.0,84.0,,,31.0
espn_20260305_401810762,2026-03-05,22025,Sacramento Kings,New Orleans Pelicans,123.0,133.0,L,W,99.0,,,23.0,98.0,,,27.0
espn_20260305_401810761,2026-03-05,22025,Denver Nuggets,Los Angeles Lakers,120.0,113.0,W,L,75.0,,,31.0,87.0,,,15.0
espn_20260305_401810760,2026-03-05,22025,Phoenix Suns,Chicago Bulls,103.0,105.0,L,W,92.0,,,27.0,86.0,,,25.0
espn_20260305_401810759,2026-03-05,22025,San Antonio Spurs,Detroit Pistons,121.0,106.0,W,L,84.0,,,30.0,87.0,,,30.0
espn_20260305_401810756,2026-03-05,22025,Miami Heat,Brooklyn Nets,126.0,110.0,W,L,91.0,,,24.0,95.0,,,18.0
espn_20260305_401810757,2026-03-05,22025,Houston Rockets,Golden State Warriors,113.0,115.0,L,W,96.0,,,15.0,94.0,,,15.0
espn_20260305_401810755,2026-03-05,22025,Washington Wizards,Utah Jazz,112.0,122.0,L,W,77.0,,,32.0,92.0,,,18.0
espn_20260305_401810754,2026-03-05,22025,Orlando Magic,Dallas Mavericks,115.0,114.0,W,L,97.0,,,16.0,86.0,,,28.0
espn_20260305_401810758,2026-03-05,22025,Minnesota Timberwolves,Toronto Raptors,115.0,107.0,W,L,81.0,,,23.0,83.0,,,24.0
espn_20260306_401810768,2026-03-06,22025,San Antonio Spurs,LA Clippers,116.0,112.0,W,L,95.0,,,14.0,86.0,,,20.0
espn_20260306_401810763,2026-03-06,22025,Boston Celtics,Dallas Mavericks,120.0,100.0,W,L,99.0,,,15.0,93.0,,,12.0
espn_20260306_401810764,2026-03-06,22025,Charlotte Hornets,Miami Heat,120.0,128.0,L,W,96.0,,,20.0,97.0,,,25.0
espn_20260306_401810765,2026-03-06,22025,Houston Rockets,Portland Trail Blazers,106.0,99.0,W,L,76.0,,,26.0,83.0,,,37.0
espn_20260306_401810766,2026-03-06,22025,Denver Nuggets,New York Knicks,103.0,142.0,L,W,83.0,,,30.0,95.0,,,21.0
espn_20260306_401810767,2026-03-06,22025,Phoenix Suns,New Orleans Pelicans,118.0,116.0,W,L,90.0,,,26.0,83.0,,,37.0
espn_20260306_401810769,2026-03-06,22025,Los Angeles Lakers,Indiana Pacers,128.0,117.0,W,L,85.0,,,23.0,98.0,,,24.0
espn_20260307_401810775,2026-03-07,22025,Oklahoma City Thunder,Golden State Warriors,104.0,97.0,W,L,78.0,,,24.0,88.0,,,18.0
espn_20260307_401810774,2026-03-07,22025,Milwaukee Bucks,Utah Jazz,113.0,99.0,W,L,85.0,,,28.0,90.0,,,29.0
espn_20260307_401810773,2026-03-07,22025,Memphis Grizzlies,LA Clippers,120.0,123.0,L,W,87.0,,,24.0,82.0,,,45.0
espn_20260307_401810771,2026-03-07,22025,Detroit Pistons,Brooklyn Nets,105.0,107.0,L,W,85.0,,,31.0,80.0,,,28.0
espn_20260307_401810770,2026-03-07,22025,Minnesota Timberwolves,Orlando Magic,92.0,119.0,L,W,84.0,,,31.0,91.0,,,31.0
espn_20260307_401810772,2026-03-07,22025,Atlanta Hawks,Philadelphia 76ers,125.0,116.0,W,L,83.0,,,25.0,86.0,,,18.0
espn_20260308_401810785,2026-03-08,22025,Sacramento Kings,Chicago Bulls,126.0,110.0,W,L,105.0,,,23.0,84.0,,,34.0
espn_20260308_401810776,2026-03-08,22025,Cleveland Cavaliers,Boston Celtics,98.0,109.0,L,W,86.0,,,21.0,84.0,,,22.0
espn_20260308_401810777,2026-03-08,22025,Los Angeles Lakers,New York Knicks,110.0,97.0,W,L,81.0,,,30.0,82.0,,,21.0
espn_20260308_401810778,2026-03-08,22025,Miami Heat,Detroit Pistons,121.0,110.0,W,L,93.0,,,25.0,90.0,,,24.0
espn_20260308_401810779,2026-03-08,22025,Toronto Raptors,Dallas Mavericks,122.0,92.0,W,L,95.0,,,22.0,88.0,,,20.0
espn_20260308_401810780,2026-03-08,22025,New Orleans Pelicans,Washington Wizards,138.0,118.0,W,L,89.0,,,47.0,91.0,,,27.0
espn_20260308_401810781,2026-03-08,22025,Milwaukee Bucks,Orlando Magic,91.0,130.0,L,W,84.0,,,13.0,80.0,,,35.0
espn_20260308_401810782,2026-03-08,22025,San Antonio Spurs,Houston Rockets,145.0,120.0,W,L,88.0,,,27.0,87.0,,,32.0
espn_20260308_401810784,2026-03-08,22025,Portland Trail Blazers,Indiana Pacers,131.0,111.0,W,L,93.0,,,27.0,95.0,,,24.0
espn_20260308_401810783,2026-03-08,22025,Phoenix Suns,Charlotte Hornets,111.0,99.0,W,L,79.0,,,26.0,88.0,,,15.0
espn_20260309_401810790,2026-03-09,22025,LA Clippers,New York Knicks,126.0,118.0,W,L,93.0,,,26.0,90.0,,,16.0
espn_20260309_401810789,2026-03-09,22025,Utah Jazz,Golden State Warriors,119.0,116.0,W,L,83.0,,,29.0,99.0,,,21.0
espn_20260309_401810788,2026-03-09,22025,Oklahoma City Thunder,Denver Nuggets,129.0,126.0,W,L,93.0,,,21.0,98.0,,,29.0
espn_20260309_401810786,2026-03-09,22025,Cleveland Cavaliers,Philadelphia 76ers,115.0,101.0,W,L,84.0,,,25.0,85.0,,,18.0
espn_20260309_401810787,2026-03-09,22025,Brooklyn Nets,Memphis Grizzlies,126.0,115.0,W,L,85.0,,,19.0,92.0,,,25.0
espn_20260310_401810797,2026-03-10,22025,San Antonio Spurs,Boston Celtics,125.0,116.0,W,L,85.0,,,25.0,89.0,,,17.0
espn_20260310_401810801,2026-03-10,22025,Los Angeles Lakers,Minnesota Timberwolves,120.0,106.0,W,L,93.0,,,26.0,80.0,,,28.0
espn_20260310_401810800,2026-03-10,22025,Sacramento Kings,Indiana Pacers,114.0,109.0,W,L,90.0,,,30.0,93.0,,,22.0
espn_20260310_401810798,2026-03-10,22025,Golden State Warriors,Chicago Bulls,124.0,130.0,L,W,105.0,,,18.0,112.0,,,18.0
espn_20260310_401810796,2026-03-10,22025,Milwaukee Bucks,Phoenix Suns,114.0,129.0,L,W,82.0,,,20.0,89.0,,,11.0
espn_20260310_401810799,2026-03-10,22025,Portland Trail Blazers,Charlotte Hornets,101.0,103.0,L,W,83.0,,,18.0,88.0,,,25.0
espn_20260310_401810794,2026-03-10,22025,Atlanta Hawks,Dallas Mavericks,124.0,112.0,W,L,95.0,,,18.0,86.0,,,22.0
espn_20260310_401810793,2026-03-10,22025,Miami Heat,Washington Wizards,150.0,129.0,W,L,90.0,,,59.0,89.0,,,29.0
espn_20260310_401810792,2026-03-10,22025,Brooklyn Nets,Detroit Pistons,100.0,138.0,L,W,69.0,,,34.0,85.0,,,34.0
espn_20260310_401810791,2026-03-10,22025,Philadelphia 76ers,Memphis Grizzlies,139.0,129.0,W,L,86.0,,,46.0,97.0,,,21.0
espn_20260310_401810795,2026-03-10,22025,Houston Rockets,Toronto Raptors,113.0,99.0,W,L,82.0,,,27.0,78.0,,,28.0
espn_20260311_401810807,2026-03-11,22025,LA Clippers,Minnesota Timberwolves,153.0,128.0,W,L,82.0,,,36.0,77.0,,,29.0
espn_20260311_401810806,2026-03-11,22025,Sacramento Kings,Charlotte Hornets,109.0,117.0,L,W,83.0,,,14.0,90.0,,,17.0
espn_20260311_401810805,2026-03-11,22025,Denver Nuggets,Houston Rockets,129.0,93.0,W,L,87.0,,,22.0,97.0,,,14.0
espn_20260311_401810802,2026-03-11,22025,Orlando Magic,Cleveland Cavaliers,128.0,122.0,W,L,85.0,,,37.0,89.0,,,26.0
espn_20260311_401810803,2026-03-11,22025,New Orleans Pelicans,Toronto Raptors,122.0,111.0,W,L,88.0,,,24.0,94.0,,,25.0
espn_20260311_401810804,2026-03-11,22025,Utah Jazz,New York Knicks,117.0,134.0,L,W,87.0,,,19.0,92.0,,,22.0
espn_20260312_401810814,2026-03-12,22025,Oklahoma City Thunder,Boston Celtics,104.0,102.0,W,L,84.0,,,17.0,87.0,,,20.0
espn_20260312_401810813,2026-03-12,22025,San Antonio Spurs,Denver Nuggets,131.0,136.0,L,W,95.0,,,32.0,88.0,,,38.0
espn_20260312_401810966,2026-03-12,22025,Memphis Grizzlies,Dallas Mavericks,112.0,120.0,L,W,98.0,,,22.0,93.0,,,24.0
espn_20260312_401810812,2026-03-12,22025,Miami Heat,Milwaukee Bucks,112.0,105.0,W,L,92.0,,,27.0,83.0,,,19.0
espn_20260312_401810815,2026-03-12,22025,Los Angeles Lakers,Chicago Bulls,142.0,130.0,W,L,99.0,,,21.0,95.0,,,16.0
espn_20260312_401810810,2026-03-12,22025,Orlando Magic,Washington Wizards,136.0,131.0,W,L,100.0,,,34.0,105.0,,,24.0
espn_20260312_401810809,2026-03-12,22025,Indiana Pacers,Phoenix Suns,108.0,123.0,L,W,82.0,,,25.0,88.0,,,22.0
espn_20260312_401810808,2026-03-12,22025,Detroit Pistons,Philadelphia 76ers,131.0,109.0,W,L,89.0,,,22.0,90.0,,,24.0
espn_20260312_401810811,2026-03-12,22025,Atlanta Hawks,Brooklyn Nets,108.0,97.0,W,L,89.0,,,35.0,72.0,,,22.0
espn_20260313_401810816,2026-03-13,22025,Detroit Pistons,Memphis Grizzlies,126.0,110.0,W,L,92.0,,,18.0,89.0,,,24.0
espn_20260313_401810817,2026-03-13,22025,Indiana Pacers,New York Knicks,92.0,101.0,L,W,89.0,,,15.0,88.0,,,25.0
espn_20260313_401810818,2026-03-13,22025,Toronto Raptors,Phoenix Suns,122.0,115.0,W,L,86.0,,,20.0,80.0,,,30.0
espn_20260313_401810820,2026-03-13,22025,Dallas Mavericks,Cleveland Cavaliers,105.0,138.0,L,W,87.0,,,24.0,91.0,,,13.0
espn_20260313_401810819,2026-03-13,22025,Houston Rockets,New Orleans Pelicans,107.0,105.0,W,L,94.0,,,17.0,84.0,,,26.0
espn_20260313_401810821,2026-03-13,22025,Golden State Warriors,Minnesota Timberwolves,117.0,127.0,L,W,97.0,,,25.0,82.0,,,26.0
espn_20260313_401810822,2026-03-13,22025,Portland Trail Blazers,Utah Jazz,124.0,114.0,W,L,89.0,,,16.0,92.0,,,22.0
espn_20260313_401810823,2026-03-13,22025,LA Clippers,Chicago Bulls,119.0,108.0,W,L,96.0,,,24.0,95.0,,,13.0
espn_20260314_401810827,2026-03-14,22025,Miami Heat,Orlando Magic,117.0,121.0,L,W,88.0,,,28.0,89.0,,,25.0
espn_20260314_401810826,2026-03-14,22025,Boston Celtics,Washington Wizards,111.0,100.0,W,L,93.0,,,19.0,84.0,,,17.0
espn_20260314_401810829,2026-03-14,22025,Los Angeles Lakers,Denver Nuggets,127.0,125.0,W,L,93.0,,,26.0,95.0,,,22.0
espn_20260314_401810825,2026-03-14,22025,Atlanta Hawks,Milwaukee Bucks,122.0,99.0,W,L,95.0,,,18.0,76.0,,,18.0
espn_20260314_401810824,2026-03-14,22025,Philadelphia 76ers,Brooklyn Nets,104.0,97.0,W,L,82.0,,,31.0,89.0,,,21.0
espn_20260314_401810828,2026-03-14,22025,San Antonio Spurs,Charlotte Hornets,115.0,102.0,W,L,92.0,,,21.0,93.0,,,17.0
espn_20260314_401810830,2026-03-14,22025,LA Clippers,Sacramento Kings,109.0,118.0,L,W,84.0,,,29.0,82.0,,,16.0
espn_20260315_401810835,2026-03-15,22025,Philadelphia 76ers,Portland Trail Blazers,109.0,103.0,W,L,97.0,,,15.0,92.0,,,21.0
espn_20260315_401810836,2026-03-15,22025,New York Knicks,Golden State Warriors,110.0,107.0,W,L,84.0,,,23.0,82.0,,,15.0
espn_20260315_401810834,2026-03-15,22025,Milwaukee Bucks,Indiana Pacers,134.0,123.0,W,L,90.0,,,19.0,81.0,,,23.0
espn_20260315_401810837,2026-03-15,22025,Sacramento Kings,Utah Jazz,116.0,111.0,W,L,85.0,,,28.0,86.0,,,25.0
espn_20260315_401810832,2026-03-15,22025,Cleveland Cavaliers,Dallas Mavericks,120.0,130.0,L,W,88.0,,,21.0,87.0,,,27.0
espn_20260315_401810833,2026-03-15,22025,Toronto Raptors,Detroit Pistons,119.0,108.0,W,L,91.0,,,30.0,85.0,,,24.0
espn_20260315_401810831,2026-03-15,22025,Oklahoma City Thunder,Minnesota Timberwolves,116.0,103.0,W,L,101.0,,,19.0,77.0,,,22.0
espn_20260316_401810838,2026-03-16,22025,Atlanta Hawks,Orlando Magic,124.0,112.0,W,L,93.0,,,29.0,95.0,,,23.0
espn_20260316_401810839,2026-03-16,22025,Washington Wizards,Golden State Warriors,117.0,125.0,L,W,78.0,,,29.0,91.0,,,28.0
espn_20260316_401810840,2026-03-16,22025,Brooklyn Nets,Portland Trail Blazers,95.0,114.0,L,W,86.0,,,29.0,80.0,,,29.0
espn_20260316_401810841,2026-03-16,22025,Boston Celtics,Phoenix Suns,120.0,112.0,W,L,80.0,,,27.0,83.0,,,29.0
espn_20260316_401810842,2026-03-16,22025,Chicago Bulls,Memphis Grizzlies,132.0,107.0,W,L,93.0,,,21.0,86.0,,,19.0
espn_20260316_401810843,2026-03-16,22025,New Orleans Pelicans,Dallas Mavericks,129.0,111.0,W,L,95.0,,,34.0,104.0,,,14.0
espn_20260316_401810844,2026-03-16,22025,Houston Rockets,Los Angeles Lakers,92.0,100.0,L,W,79.0,,,15.0,84.0,,,22.0
espn_20260316_401810845,2026-03-16,22025,LA Clippers,San Antonio Spurs,115.0,119.0,L,W,89.0,,,24.0,93.0,,,29.0
espn_20260317_401810853,2026-03-17,22025,Sacramento Kings,San Antonio Spurs,104.0,132.0,L,W,93.0,,,13.0,93.0,,,13.0
espn_20260317_401810852,2026-03-17,22025,Denver Nuggets,Philadelphia 76ers,124.0,96.0,W,L,86.0,,,31.0,94.0,,,15.0
espn_20260317_401810850,2026-03-17,22025,Milwaukee Bucks,Cleveland Cavaliers,116.0,123.0,L,W,88.0,,,17.0,86.0,,,34.0
espn_20260317_401810851,2026-03-17,22025,Minnesota Timberwolves,Phoenix Suns,116.0,104.0,W,L,84.0,,,29.0,97.0,,,23.0
espn_20260317_401810848,2026-03-17,22025,Washington Wizards,Detroit Pistons,117.0,130.0,L,W,87.0,,,19.0,90.0,,,32.0
espn_20260317_401810847,2026-03-17,22025,Orlando Magic,Oklahoma City Thunder,108.0,113.0,L,W,93.0,,,20.0,90.0,,,27.0
espn_20260317_401810846,2026-03-17,22025,Charlotte Hornets,Miami Heat,136.0,106.0,W,L,96.0,,,21.0,89.0,,,34.0
espn_20260317_401810849,2026-03-17,22025,New York Knicks,Indiana Pacers,136.0,110.0,W,L,100.0,,,13.0,85.0,,,7.0
espn_20260318_401810862,2026-03-18,22025,Houston Rockets,Los Angeles Lakers,116.0,124.0,L,W,91.0,,,17.0,76.0,,,27.0
espn_20260318_401858693,2026-03-18,22025,Memphis Grizzlies,Denver Nuggets,125.0,118.0,W,L,98.0,,,32.0,90.0,,,22.0
espn_20260318_401810861,2026-03-18,22025,Dallas Mavericks,Atlanta Hawks,120.0,135.0,L,W,86.0,,,29.0,102.0,,,14.0
espn_20260318_401810860,2026-03-18,22025,New Orleans Pelicans,LA Clippers,124.0,109.0,W,L,83.0,,,21.0,88.0,,,13.0
espn_20260318_401810859,2026-03-18,22025,Minnesota Timberwolves,Utah Jazz,147.0,111.0,W,L,96.0,,,30.0,93.0,,,26.0
espn_20260318_401810856,2026-03-18,22025,Indiana Pacers,Portland Trail Blazers,119.0,127.0,L,W,91.0,,,17.0,101.0,,,26.0
espn_20260318_401810855,2026-03-18,22025,Brooklyn Nets,Oklahoma City Thunder,92.0,121.0,L,W,79.0,,,31.0,85.0,,,22.0
espn_20260318_401810854,2026-03-18,22025,Boston Celtics,Golden State Warriors,120.0,99.0,W,L,92.0,,,19.0,90.0,,,24.0
espn_20260318_401810857,2026-03-18,22025,Chicago Bulls,Toronto Raptors,109.0,139.0,L,W,85.0,,,28.0,84.0,,,33.0
espn_20260319_401810868,2026-03-19,22025,San Antonio Spurs,Phoenix Suns,101.0,100.0,W,L,83.0,,,23.0,91.0,,,17.0
espn_20260319_401810870,2026-03-19,22025,Sacramento Kings,Philadelphia 76ers,118.0,139.0,L,W,89.0,,,29.0,102.0,,,24.0
espn_20260319_401810869,2026-03-19,22025,Utah Jazz,Milwaukee Bucks,128.0,96.0,W,L,89.0,,,20.0,78.0,,,23.0
espn_20260319_401810867,2026-03-19,22025,New Orleans Pelicans,LA Clippers,105.0,99.0,W,L,78.0,,,22.0,76.0,,,32.0
espn_20260319_401810866,2026-03-19,22025,Chicago Bulls,Cleveland Cavaliers,110.0,115.0,L,W,94.0,,,17.0,91.0,,,31.0
espn_20260319_401810865,2026-03-19,22025,Miami Heat,Los Angeles Lakers,126.0,134.0,L,W,94.0,,,22.0,81.0,,,45.0
espn_20260319_401810864,2026-03-19,22025,Washington Wizards,Detroit Pistons,95.0,117.0,L,W,82.0,,,12.0,97.0,,,26.0
espn_20260319_401810863,2026-03-19,22025,Charlotte Hornets,Orlando Magic,130.0,111.0,W,L,80.0,,,27.0,93.0,,,21.0
espn_20260320_401810871,2026-03-20,22025,Brooklyn Nets,New York Knicks,92.0,93.0,L,W,86.0,,,10.0,76.0,,,32.0
espn_20260320_401810872,2026-03-20,22025,Detroit Pistons,Golden State Warriors,115.0,101.0,W,L,86.0,,,29.0,76.0,,,26.0
espn_20260320_401810873,2026-03-20,22025,Houston Rockets,Atlanta Hawks,117.0,95.0,W,L,83.0,,,28.0,85.0,,,17.0
espn_20260320_401810874,2026-03-20,22025,Memphis Grizzlies,Boston Celtics,112.0,117.0,L,W,90.0,,,17.0,89.0,,,30.0
espn_20260320_401810875,2026-03-20,22025,Minnesota Timberwolves,Portland Trail Blazers,104.0,108.0,L,W,91.0,,,29.0,92.0,,,24.0
espn_20260320_401810876,2026-03-20,22025,Denver Nuggets,Toronto Raptors,121.0,115.0,W,L,81.0,,,25.0,86.0,,,23.0
espn_20260321_401810886,2026-03-21,22025,Phoenix Suns,Milwaukee Bucks,105.0,108.0,L,W,89.0,,,18.0,78.0,,,21.0
espn_20260321_401810885,2026-03-21,22025,Utah Jazz,Philadelphia 76ers,116.0,126.0,L,W,96.0,,,31.0,92.0,,,32.0
espn_20260321_401810884,2026-03-21,22025,Dallas Mavericks,LA Clippers,131.0,138.0,L,W,102.0,,,29.0,90.0,,,18.0
espn_20260321_401810883,2026-03-21,22025,San Antonio Spurs,Indiana Pacers,134.0,119.0,W,L,97.0,,,17.0,85.0,,,19.0
espn_20260321_401810882,2026-03-21,22025,Houston Rockets,Miami Heat,123.0,122.0,W,L,86.0,,,21.0,92.0,,,16.0
espn_20260321_401810880,2026-03-21,22025,New Orleans Pelicans,Cleveland Cavaliers,106.0,111.0,L,W,90.0,,,20.0,88.0,,,22.0
espn_20260321_401810879,2026-03-21,22025,Orlando Magic,Los Angeles Lakers,104.0,105.0,L,W,83.0,,,23.0,87.0,,,29.0
espn_20260321_401810878,2026-03-21,22025,Charlotte Hornets,Memphis Grizzlies,124.0,101.0,W,L,85.0,,,24.0,86.0,,,19.0
espn_20260321_401810877,2026-03-21,22025,Washington Wizards,Oklahoma City Thunder,111.0,132.0,L,W,91.0,,,18.0,93.0,,,30.0
espn_20260321_401810881,2026-03-21,22025,Atlanta Hawks,Golden State Warriors,126.0,110.0,W,L,89.0,,,20.0,82.0,,,17.0
espn_20260322_401810887,2026-03-22,22025,Denver Nuggets,Portland Trail Blazers,128.0,112.0,W,L,90.0,,,13.0,97.0,,,16.0
espn_20260322_401810888,2026-03-22,22025,Sacramento Kings,Brooklyn Nets,126.0,122.0,W,L,82.0,,,34.0,88.0,,,20.0
espn_20260322_401810889,2026-03-22,22025,New York Knicks,Washington Wizards,145.0,113.0,W,L,94.0,,,19.0,89.0,,,13.0
espn_20260322_401810890,2026-03-22,22025,Boston Celtics,Minnesota Timberwolves,92.0,102.0,L,W,95.0,,,18.0,91.0,,,15.0
espn_20260322_401810891,2026-03-22,22025,Phoenix Suns,Toronto Raptors,120.0,98.0,W,L,89.0,,,10.0,75.0,,,22.0
espn_20260323_401810898,2026-03-23,22025,Utah Jazz,Toronto Raptors,127.0,143.0,L,W,83.0,,,43.0,88.0,,,28.0
espn_20260323_401810901,2026-03-23,22025,LA Clippers,Milwaukee Bucks,129.0,96.0,W,L,81.0,,,18.0,84.0,,,9.0
espn_20260323_401810900,2026-03-23,22025,Portland Trail Blazers,Brooklyn Nets,134.0,99.0,W,L,80.0,,,40.0,80.0,,,29.0
espn_20260323_401810899,2026-03-23,22025,Dallas Mavericks,Golden State Warriors,131.0,137.0,L,W,87.0,,,20.0,101.0,,,24.0
espn_20260323_401810892,2026-03-23,22025,Atlanta Hawks,Memphis Grizzlies,146.0,107.0,W,L,92.0,,,25.0,83.0,,,26.0
espn_20260323_401810896,2026-03-23,22025,Miami Heat,San Antonio Spurs,111.0,136.0,L,W,95.0,,,20.0,101.0,,,28.0
espn_20260323_401810897,2026-03-23,22025,Chicago Bulls,Houston Rockets,132.0,124.0,W,L,90.0,,,28.0,92.0,,,24.0
espn_20260323_401810895,2026-03-23,22025,Philadelphia 76ers,Oklahoma City Thunder,103.0,123.0,L,W,94.0,,,9.0,90.0,,,10.0
espn_20260323_401810894,2026-03-23,22025,Orlando Magic,Indiana Pacers,126.0,128.0,L,W,94.0,,,24.0,82.0,,,24.0
espn_20260323_401810893,2026-03-23,22025,Detroit Pistons,Los Angeles Lakers,113.0,110.0,W,L,88.0,,,24.0,79.0,,,31.0
espn_20260324_401810902,2026-03-24,22025,Charlotte Hornets,Sacramento Kings,134.0,90.0,W,L,94.0,,,16.0,91.0,,,11.0
espn_20260324_401810903,2026-03-24,22025,New York Knicks,New Orleans Pelicans,121.0,116.0,W,L,85.0,,,22.0,88.0,,,13.0
espn_20260324_401810904,2026-03-24,22025,Cleveland Cavaliers,Orlando Magic,136.0,131.0,W,L,81.0,,,29.0,84.0,,,38.0
espn_20260324_401810905,2026-03-24,22025,Phoenix Suns,Denver Nuggets,123.0,125.0,L,W,89.0,,,37.0,88.0,,,30.0
espn_20260325_401810917,2026-03-25,22025,LA Clippers,Toronto Raptors,119.0,94.0,W,L,82.0,,,24.0,96.0,,,11.0
espn_20260325_401810916,2026-03-25,22025,Portland Trail Blazers,Milwaukee Bucks,130.0,99.0,W,L,80.0,,,33.0,89.0,,,20.0
espn_20260325_401810915,2026-03-25,22025,Golden State Warriors,Brooklyn Nets,109.0,106.0,W,L,68.0,,,36.0,81.0,,,21.0
espn_20260325_401810914,2026-03-25,22025,Denver Nuggets,Dallas Mavericks,142.0,135.0,W,L,89.0,,,29.0,97.0,,,34.0
espn_20260325_401810913,2026-03-25,22025,Minnesota Timberwolves,Houston Rockets,110.0,108.0,W,L,108.0,,,10.0,93.0,,,25.0
espn_20260325_401810912,2026-03-25,22025,Utah Jazz,Washington Wizards,110.0,133.0,L,W,96.0,,,25.0,94.0,,,24.0
espn_20260325_401810911,2026-03-25,22025,Memphis Grizzlies,San Antonio Spurs,98.0,123.0,L,W,86.0,,,20.0,89.0,,,22.0
espn_20260325_401810910,2026-03-25,22025,Cleveland Cavaliers,Miami Heat,103.0,120.0,L,W,81.0,,,24.0,81.0,,,22.0
espn_20260325_401810909,2026-03-25,22025,Boston Celtics,Oklahoma City Thunder,119.0,109.0,W,L,81.0,,,29.0,80.0,,,26.0
espn_20260325_401810908,2026-03-25,22025,Philadelphia 76ers,Chicago Bulls,157.0,137.0,W,L,103.0,,,28.0,98.0,,,31.0
espn_20260325_401810907,2026-03-25,22025,Indiana Pacers,Los Angeles Lakers,130.0,137.0,L,W,86.0,,,23.0,89.0,,,34.0
espn_20260325_401810906,2026-03-25,22025,Detroit Pistons,Atlanta Hawks,129.0,130.0,L,W,102.0,,,19.0,105.0,,,17.0
espn_20260326_401810918,2026-03-26,22025,Charlotte Hornets,New York Knicks,114.0,103.0,W,L,78.0,,,20.0,82.0,,,9.0
espn_20260326_401810919,2026-03-26,22025,Detroit Pistons,New Orleans Pelicans,129.0,108.0,W,L,85.0,,,23.0,95.0,,,24.0
espn_20260326_401810920,2026-03-26,22025,Orlando Magic,Sacramento Kings,121.0,117.0,W,L,74.0,,,32.0,88.0,,,16.0
espn_20260327_401810930,2026-03-27,22025,Los Angeles Lakers,Brooklyn Nets,116.0,99.0,W,L,70.0,,,42.0,96.0,,,15.0
espn_20260327_401810929,2026-03-27,22025,Portland Trail Blazers,Dallas Mavericks,93.0,100.0,L,W,79.0,,,33.0,81.0,,,30.0
espn_20260327_401810928,2026-03-27,22025,Golden State Warriors,Washington Wizards,131.0,126.0,W,L,85.0,,,31.0,95.0,,,10.0
espn_20260327_401810927,2026-03-27,22025,Denver Nuggets,Utah Jazz,135.0,129.0,W,L,95.0,,,32.0,95.0,,,19.0
espn_20260327_401810926,2026-03-27,22025,Toronto Raptors,New Orleans Pelicans,119.0,106.0,W,L,93.0,,,18.0,93.0,,,25.0
espn_20260327_401810925,2026-03-27,22025,Oklahoma City Thunder,Chicago Bulls,131.0,113.0,W,L,101.0,,,31.0,98.0,,,21.0
espn_20260327_401810924,2026-03-27,22025,Memphis Grizzlies,Houston Rockets,109.0,119.0,L,W,91.0,,,18.0,93.0,,,26.0
espn_20260327_401810923,2026-03-27,22025,Cleveland Cavaliers,Miami Heat,149.0,128.0,W,L,97.0,,,31.0,91.0,,,38.0
espn_20260327_401810922,2026-03-27,22025,Boston Celtics,Atlanta Hawks,109.0,102.0,W,L,81.0,,,23.0,87.0,,,24.0
espn_20260327_401810921,2026-03-27,22025,Indiana Pacers,LA Clippers,113.0,114.0,L,W,87.0,,,15.0,96.0,,,27.0
espn_20260328_401810931,2026-03-28,22025,Milwaukee Bucks,San Antonio Spurs,95.0,127.0,L,W,87.0,,,6.0,89.0,,,20.0
espn_20260328_401810935,2026-03-28,22025,Minnesota Timberwolves,Detroit Pistons,87.0,109.0,L,W,85.0,,,33.0,82.0,,,17.0
espn_20260328_401810932,2026-03-28,22025,Charlotte Hornets,Philadelphia 76ers,114.0,118.0,L,W,96.0,,,32.0,82.0,,,29.0
espn_20260328_401810933,2026-03-28,22025,Atlanta Hawks,Sacramento Kings,123.0,113.0,W,L,89.0,,,22.0,93.0,,,13.0
espn_20260328_401810934,2026-03-28,22025,Memphis Grizzlies,Chicago Bulls,125.0,124.0,W,L,107.0,,,17.0,82.0,,,43.0
espn_20260328_401810936,2026-03-28,22025,Phoenix Suns,Utah Jazz,134.0,109.0,W,L,104.0,,,21.0,92.0,,,19.0
espn_20260329_401810945,2026-03-29,22025,Denver Nuggets,Golden State Warriors,116.0,93.0,W,L,86.0,,,12.0,83.0,,,11.0
espn_20260329_401810944,2026-03-29,22025,Oklahoma City Thunder,New York Knicks,111.0,100.0,W,L,75.0,,,38.0,82.0,,,17.0
espn_20260329_401810943,2026-03-29,22025,New Orleans Pelicans,Houston Rockets,102.0,134.0,L,W,86.0,,,28.0,105.0,,,21.0
espn_20260329_401810942,2026-03-29,22025,Portland Trail Blazers,Washington Wizards,123.0,88.0,W,L,86.0,,,32.0,87.0,,,22.0
espn_20260329_401810940,2026-03-29,22025,Charlotte Hornets,Boston Celtics,99.0,114.0,L,W,83.0,,,19.0,83.0,,,22.0
espn_20260329_401810939,2026-03-29,22025,Brooklyn Nets,Sacramento Kings,116.0,99.0,W,L,85.0,,,20.0,84.0,,,25.0
espn_20260329_401810938,2026-03-29,22025,Indiana Pacers,Miami Heat,135.0,118.0,W,L,92.0,,,13.0,99.0,,,18.0
espn_20260329_401810937,2026-03-29,22025,Milwaukee Bucks,LA Clippers,113.0,127.0,L,W,77.0,,,15.0,77.0,,,28.0
espn_20260329_401810941,2026-03-29,22025,Toronto Raptors,Orlando Magic,139.0,87.0,W,L,94.0,,,22.0,82.0,,,19.0
espn_20260330_401810952,2026-03-30,22025,Oklahoma City Thunder,Detroit Pistons,114.0,110.0,W,L,81.0,,,32.0,97.0,,,23.0
espn_20260330_401810946,2026-03-30,22025,Miami Heat,Philadelphia 76ers,119.0,109.0,W,L,93.0,,,29.0,96.0,,,19.0
espn_20260330_401810947,2026-03-30,22025,Atlanta Hawks,Boston Celtics,112.0,102.0,W,L,92.0,,,15.0,85.0,,,26.0
espn_20260330_401810948,2026-03-30,22025,Memphis Grizzlies,Phoenix Suns,105.0,131.0,L,W,75.0,,,20.0,109.0,,,8.0
espn_20260330_401810949,2026-03-30,22025,San Antonio Spurs,Chicago Bulls,129.0,114.0,W,L,96.0,,,24.0,93.0,,,21.0
espn_20260330_401810950,2026-03-30,22025,Dallas Mavericks,Minnesota Timberwolves,94.0,124.0,L,W,89.0,,,34.0,96.0,,,12.0
espn_20260330_401810951,2026-03-30,22025,Utah Jazz,Cleveland Cavaliers,113.0,122.0,L,W,88.0,,,20.0,90.0,,,27.0
espn_20260330_401810953,2026-03-30,22025,Los Angeles Lakers,Washington Wizards,120.0,101.0,W,L,79.0,,,32.0,93.0,,,16.0
espn_20260409_401811024,2026-04-09,22025,Houston Rockets,Philadelphia 76ers,113.0,102.0,W,L,93.0,,,26.0,85.0,,,23.0
espn_20260409_401811025,2026-04-09,22025,Golden State Warriors,Los Angeles Lakers,103.0,119.0,L,W,81.0,,,12.0,80.0,,,8.0
espn_20260409_401811023,2026-04-09,22025,New York Knicks,Boston Celtics,112.0,106.0,W,L,80.0,,,15.0,84.0,,,16.0
espn_20260409_401811021,2026-04-09,22025,Washington Wizards,Chicago Bulls,108.0,119.0,L,W,96.0,,,27.0,93.0,,,25.0
espn_20260409_401811020,2026-04-09,22025,Toronto Raptors,Miami Heat,128.0,114.0,W,L,86.0,,,34.0,82.0,,,14.0
espn_20260409_401811022,2026-04-09,22025,Brooklyn Nets,Indiana Pacers,94.0,123.0,L,W,96.0,,,19.0,98.0,,,18.0
espn_20260410_401811040,2026-04-10,22025,Los Angeles Lakers,Phoenix Suns,101.0,73.0,W,L,69.0,,,30.0,77.0,,,21.0
espn_20260410_401811039,2026-04-10,22025,Sacramento Kings,Golden State Warriors,124.0,118.0,W,L,89.0,,,34.0,81.0,,,28.0
espn_20260410_401811038,2026-04-10,22025,Portland Trail Blazers,LA Clippers,116.0,97.0,W,L,83.0,,,35.0,83.0,,,12.0
espn_20260410_401811036,2026-04-10,22025,Utah Jazz,Memphis Grizzlies,147.0,101.0,W,L,110.0,,,17.0,109.0,,,9.0
espn_20260410_401811033,2026-04-10,22025,Houston Rockets,Minnesota Timberwolves,132.0,136.0,L,W,87.0,,,28.0,89.0,,,25.0
espn_20260410_401811035,2026-04-10,22025,San Antonio Spurs,Dallas Mavericks,139.0,120.0,W,L,92.0,,,27.0,98.0,,,19.0
espn_20260410_401811034,2026-04-10,22025,Milwaukee Bucks,Brooklyn Nets,125.0,108.0,W,L,81.0,,,16.0,84.0,,,16.0
espn_20260410_401811037,2026-04-10,22025,Denver Nuggets,Oklahoma City Thunder,127.0,107.0,W,L,93.0,,,13.0,99.0,,,12.0
espn_20260410_401811031,2026-04-10,22025,New York Knicks,Toronto Raptors,112.0,95.0,W,L,75.0,,,27.0,73.0,,,20.0
espn_20260410_401811030,2026-04-10,22025,Indiana Pacers,Philadelphia 76ers,94.0,105.0,L,W,88.0,,,16.0,104.0,,,19.0
espn_20260410_401811029,2026-04-10,22025,Boston Celtics,New Orleans Pelicans,144.0,118.0,W,L,96.0,,,15.0,96.0,,,30.0
espn_20260410_401811028,2026-04-10,22025,Atlanta Hawks,Cleveland Cavaliers,124.0,102.0,W,L,93.0,,,25.0,86.0,,,18.0
espn_20260410_401811027,2026-04-10,22025,Washington Wizards,Miami Heat,117.0,140.0,L,W,92.0,,,14.0,82.0,,,26.0
espn_20260410_401811026,2026-04-10,22025,Charlotte Hornets,Detroit Pistons,100.0,118.0,L,W,88.0,,,23.0,89.0,,,26.0
espn_20260410_401811032,2026-04-10,22025,Chicago Bulls,Orlando Magic,103.0,127.0,L,W,87.0,,,26.0,94.0,,,24.0
espn_20260412_401811049,2026-04-12,22025,Houston Rockets,Memphis Grizzlies,132.0,101.0,W,L,105.0,,,30.0,95.0,,,10.0
espn_20260412_401811055,2026-04-12,22025,Portland Trail Blazers,Sacramento Kings,122.0,110.0,W,L,101.0,,,15.0,83.0,,,31.0
espn_20260412_401811053,2026-04-12,22025,Los Angeles Lakers,Utah Jazz,131.0,107.0,W,L,93.0,,,17.0,94.0,,,27.0
espn_20260412_401811052,2026-04-12,22025,San Antonio Spurs,Denver Nuggets,118.0,128.0,L,W,99.0,,,18.0,100.0,,,22.0
espn_20260412_401811051,2026-04-12,22025,Oklahoma City Thunder,Phoenix Suns,103.0,135.0,L,W,95.0,,,9.0,101.0,,,6.0
espn_20260412_401811050,2026-04-12,22025,Minnesota Timberwolves,New Orleans Pelicans,132.0,126.0,W,L,89.0,,,43.0,107.0,,,38.0
espn_20260412_401811048,2026-04-12,22025,Dallas Mavericks,Chicago Bulls,149.0,128.0,W,L,100.0,,,27.0,106.0,,,19.0
espn_20260412_401811054,2026-04-12,22025,LA Clippers,Golden State Warriors,115.0,110.0,W,L,89.0,,,19.0,86.0,,,32.0
espn_20260412_401811046,2026-04-12,22025,Philadelphia 76ers,Milwaukee Bucks,126.0,106.0,W,L,91.0,,,21.0,90.0,,,22.0
espn_20260412_401811041,2026-04-12,22025,Boston Celtics,Orlando Magic,113.0,108.0,W,L,87.0,,,22.0,91.0,,,30.0
espn_20260412_401811042,2026-04-12,22025,Cleveland Cavaliers,Washington Wizards,130.0,117.0,W,L,89.0,,,21.0,90.0,,,19.0
espn_20260412_401811047,2026-04-12,22025,Toronto Raptors,Brooklyn Nets,136.0,101.0,W,L,80.0,,,29.0,86.0,,,29.0
espn_20260412_401811044,2026-04-12,22025,Miami Heat,Atlanta Hawks,143.0,117.0,W,L,103.0,,,17.0,93.0,,,18.0
espn_20260412_401811045,2026-04-12,22025,New York Knicks,Charlotte Hornets,96.0,110.0,L,W,90.0,,,8.0,85.0,,,17.0
espn_20260412_401811043,2026-04-12,22025,Indiana Pacers,Detroit Pistons,121.0,133.0,L,W,90.0,,,20.0,89.0,,,22.0
espn_20260414_401866755,2026-04-14,22025,Charlotte Hornets,Miami Heat,127.0,126.0,W,L,113.0,,,9.0,103.0,,,14.0
espn_20260414_401866754,2026-04-14,22025,Phoenix Suns,Portland Trail Blazers,110.0,114.0,L,W,79.0,,,32.0,88.0,,,23.0
espn_20260415_401866756,2026-04-15,22025,LA Clippers,Golden State Warriors,121.0,126.0,L,W,86.0,,,17.0,83.0,,,21.0
espn_20260415_401866757,2026-04-15,22025,Philadelphia 76ers,Orlando Magic,109.0,97.0,W,L,85.0,,,25.0,81.0,,,31.0
espn_20260417_401866758,2026-04-17,22025,Orlando Magic,Charlotte Hornets,121.0,90.0,W,L,84.0,,,37.0,83.0,,,25.0
espn_20260417_401866759,2026-04-17,22025,Phoenix Suns,Golden State Warriors,111.0,96.0,W,L,81.0,,,15.0,74.0,,,23.0
espn_20260418_401869187,2026-04-18,22025,Cleveland Cavaliers,Toronto Raptors,126.0,113.0,W,L,81.0,,,28.0,71.0,,,35.0
espn_20260418_401869188,2026-04-18,22025,Denver Nuggets,Minnesota Timberwolves,116.0,105.0,W,L,87.0,,,33.0,87.0,,,19.0
espn_20260418_401869189,2026-04-18,22025,New York Knicks,Atlanta Hawks,113.0,102.0,W,L,80.0,,,30.0,87.0,,,19.0
espn_20260418_401869190,2026-04-18,22025,Los Angeles Lakers,Houston Rockets,107.0,98.0,W,L,66.0,,,26.0,93.0,,,25.0
espn_20260419_401869194,2026-04-19,22025,San Antonio Spurs,Portland Trail Blazers,111.0,98.0,W,L,84.0,,,19.0,91.0,,,12.0
espn_20260419_401869193,2026-04-19,22025,Detroit Pistons,Orlando Magic,101.0,112.0,L,W,77.0,,,38.0,90.0,,,19.0
espn_20260419_401869192,2026-04-19,22025,Oklahoma City Thunder,Phoenix Suns,119.0,84.0,W,L,93.0,,,23.0,83.0,,,18.0
espn_20260419_401869191,2026-04-19,22025,Boston Celtics,Philadelphia 76ers,123.0,91.0,W,L,90.0,,,22.0,90.0,,,23.0
espn_20260420_401869369,2026-04-20,22025,Cleveland Cavaliers,Toronto Raptors,115.0,105.0,W,L,83.0,,,22.0,83.0,,,17.0
espn_20260420_401869387,2026-04-20,22025,New York Knicks,Atlanta Hawks,106.0,107.0,L,W,87.0,,,27.0,81.0,,,23.0
espn_20260420_401869395,2026-04-20,22025,Denver Nuggets,Minnesota Timberwolves,114.0,119.0,L,W,86.0,,,30.0,90.0,,,30.0
espn_20260421_401869396,2026-04-21,22025,Boston Celtics,Philadelphia 76ers,97.0,111.0,L,W,89.0,,,18.0,90.0,,,11.0
espn_20260421_401869378,2026-04-21,22025,San Antonio Spurs,Portland Trail Blazers,103.0,106.0,L,W,86.0,,,28.0,89.0,,,23.0
espn_20260421_401869397,2026-04-21,22025,Los Angeles Lakers,Houston Rockets,101.0,94.0,W,L,72.0,,,28.0,89.0,,,19.0
espn_20260422_401869368,2026-04-22,22025,Oklahoma City Thunder,Phoenix Suns,120.0,107.0,W,L,91.0,,,25.0,85.0,,,22.0
espn_20260422_401869411,2026-04-22,22025,Detroit Pistons,Orlando Magic,98.0,83.0,W,L,85.0,,,24.0,80.0,,,32.0
espn_20260423_401869389,2026-04-23,22025,Atlanta Hawks,New York Knicks,109.0,108.0,W,L,86.0,,,26.0,93.0,,,20.0
espn_20260423_401869375,2026-04-23,22025,Toronto Raptors,Cleveland Cavaliers,126.0,104.0,W,L,87.0,,,21.0,81.0,,,23.0
espn_20260423_401869398,2026-04-23,22025,Minnesota Timberwolves,Denver Nuggets,113.0,96.0,W,L,93.0,,,21.0,82.0,,,40.0
espn_20260424_401869404,2026-04-24,22025,Philadelphia 76ers,Boston Celtics,100.0,108.0,L,W,87.0,,,16.0,81.0,,,17.0
espn_20260424_401869400,2026-04-24,22025,Houston Rockets,Los Angeles Lakers,108.0,112.0,L,W,98.0,,,23.0,79.0,,,32.0
espn_20260424_401869382,2026-04-24,22025,Portland Trail Blazers,San Antonio Spurs,108.0,120.0,L,W,90.0,,,29.0,87.0,,,28.0
espn_20260425_401869399,2026-04-25,22025,Minnesota Timberwolves,Denver Nuggets,112.0,96.0,W,L,89.0,,,26.0,87.0,,,28.0
espn_20260425_401869391,2026-04-25,22025,Atlanta Hawks,New York Knicks,98.0,114.0,L,W,83.0,,,25.0,83.0,,,23.0
espn_20260425_401869414,2026-04-25,22025,Orlando Magic,Detroit Pistons,113.0,105.0,W,L,89.0,,,33.0,85.0,,,24.0
espn_20260425_401869370,2026-04-25,22025,Phoenix Suns,Oklahoma City Thunder,109.0,121.0,L,W,87.0,,,23.0,91.0,,,21.0
espn_20260426_401869377,2026-04-26,22025,Toronto Raptors,Cleveland Cavaliers,93.0,89.0,W,L,97.0,,,36.0,87.0,,,23.0
espn_20260426_401869385,2026-04-26,22025,Portland Trail Blazers,San Antonio Spurs,93.0,114.0,L,W,80.0,,,23.0,87.0,,,17.0
espn_20260426_401869406,2026-04-26,22025,Philadelphia 76ers,Boston Celtics,96.0,128.0,L,W,80.0,,,24.0,87.0,,,28.0
espn_20260426_401869405,2026-04-26,22025,Houston Rockets,Los Angeles Lakers,115.0,96.0,W,L,81.0,,,31.0,74.0,,,21.0
espn_20260427_401869415,2026-04-27,22025,Orlando Magic,Detroit Pistons,94.0,88.0,W,L,92.0,,,34.0,82.0,,,28.0
espn_20260427_401869373,2026-04-27,22025,Phoenix Suns,Oklahoma City Thunder,122.0,131.0,L,W,90.0,,,16.0,82.0,,,30.0
espn_20260427_401869401,2026-04-27,22025,Denver Nuggets,Minnesota Timberwolves,125.0,113.0,W,L,83.0,,,25.0,81.0,,,23.0
espn_20260428_401869408,2026-04-28,22025,Boston Celtics,Philadelphia 76ers,97.0,113.0,L,W,89.0,,,23.0,78.0,,,23.0
espn_20260428_401869392,2026-04-28,22025,New York Knicks,Atlanta Hawks,126.0,97.0,W,L,79.0,,,34.0,83.0,,,17.0
espn_20260428_401869386,2026-04-28,22025,San Antonio Spurs,Portland Trail Blazers,114.0,95.0,W,L,75.0,,,29.0,94.0,,,23.0
espn_20260429_401869416,2026-04-29,22025,Detroit Pistons,Orlando Magic,116.0,109.0,W,L,80.0,,,35.0,80.0,,,30.0
espn_20260429_401869380,2026-04-29,22025,Cleveland Cavaliers,Toronto Raptors,125.0,120.0,W,L,81.0,,,28.0,95.0,,,25.0
espn_20260429_401869407,2026-04-29,22025,Los Angeles Lakers,Houston Rockets,93.0,99.0,L,W,76.0,,,27.0,75.0,,,25.0
espn_20260430_401869402,2026-04-30,22025,Minnesota Timberwolves,Denver Nuggets,110.0,98.0,W,L,94.0,,,24.0,75.0,,,25.0
espn_20260430_401869393,2026-04-30,22025,Atlanta Hawks,New York Knicks,89.0,140.0,L,W,82.0,,,23.0,85.0,,,34.0
espn_20260430_401869410,2026-04-30,22025,Philadelphia 76ers,Boston Celtics,106.0,93.0,W,L,89.0,,,19.0,86.0,,,16.0
espn_20260501_401869417,2026-05-01,22025,Orlando Magic,Detroit Pistons,79.0,93.0,L,W,78.0,,,21.0,80.0,,,26.0
espn_20260501_401869381,2026-05-01,22025,Toronto Raptors,Cleveland Cavaliers,112.0,110.0,W,L,87.0,,,23.0,93.0,,,27.0
espn_20260501_401869409,2026-05-01,22025,Houston Rockets,Los Angeles Lakers,78.0,98.0,L,W,80.0,,,24.0,89.0,,,24.0
espn_20260502_401869412,2026-05-02,22025,Boston Celtics,Philadelphia 76ers,100.0,109.0,L,W,93.0,,,16.0,82.0,,,23.0
espn_20260503_401869418,2026-05-03,22025,Detroit Pistons,Orlando Magic,116.0,94.0,W,L,80.0,,,22.0,75.0,,,30.0
espn_20260503_401869384,2026-05-03,22025,Cleveland Cavaliers,Toronto Raptors,114.0,102.0,W,L,85.0,,,37.0,87.0,,,26.0
espn_20260504_401871159,2026-05-04,22025,New York Knicks,Philadelphia 76ers,137.0,98.0,W,L,84.0,,,17.0,73.0,,,34.0
espn_20260504_401871152,2026-05-04,22025,San Antonio Spurs,Minnesota Timberwolves,102.0,104.0,L,W,87.0,,,18.0,90.0,,,21.0
espn_20260505_401871333,2026-05-05,22025,Detroit Pistons,Cleveland Cavaliers,111.0,101.0,W,L,84.0,,,35.0,80.0,,,16.0
espn_20260505_401871326,2026-05-05,22025,Oklahoma City Thunder,Los Angeles Lakers,108.0,90.0,W,L,85.0,,,12.0,85.0,,,13.0
espn_20260506_401871160,2026-05-06,22025,New York Knicks,Philadelphia 76ers,108.0,102.0,W,L,79.0,,,25.0,75.0,,,28.0
espn_20260506_401871153,2026-05-06,22025,San Antonio Spurs,Minnesota Timberwolves,133.0,95.0,W,L,90.0,,,33.0,88.0,,,31.0
espn_20260507_401871327,2026-05-07,22025,Oklahoma City Thunder,Los Angeles Lakers,125.0,107.0,W,L,81.0,,,26.0,78.0,,,21.0
espn_20260507_401871334,2026-05-07,22025,Detroit Pistons,Cleveland Cavaliers,107.0,97.0,W,L,80.0,,,20.0,81.0,,,27.0
espn_20260508_401871161,2026-05-08,22025,Philadelphia 76ers,New York Knicks,94.0,108.0,L,W,84.0,,,16.0,76.0,,,32.0
espn_20260508_401871154,2026-05-08,22025,Minnesota Timberwolves,San Antonio Spurs,108.0,115.0,L,W,99.0,,,21.0,85.0,,,33.0
espn_20260509_401871335,2026-05-09,22025,Cleveland Cavaliers,Detroit Pistons,116.0,109.0,W,L,74.0,,,28.0,91.0,,,22.0
espn_20260509_401871328,2026-05-09,22025,Los Angeles Lakers,Oklahoma City Thunder,108.0,131.0,L,W,81.0,,,25.0,94.0,,,10.0
espn_20260510_401871162,2026-05-10,22025,Philadelphia 76ers,New York Knicks,114.0,144.0,L,W,86.0,,,28.0,91.0,,,29.0
espn_20260510_401871155,2026-05-10,22025,Minnesota Timberwolves,San Antonio Spurs,114.0,109.0,W,L,94.0,,,22.0,86.0,,,27.0
espn_20260511_401871336,2026-05-11,22025,Cleveland Cavaliers,Detroit Pistons,112.0,103.0,W,L,78.0,,,34.0,83.0,,,12.0
espn_20260511_401871329,2026-05-11,22025,Los Angeles Lakers,Oklahoma City Thunder,110.0,115.0,L,W,75.0,,,27.0,81.0,,,24.0
espn_20260512_401871156,2026-05-12,22025,San Antonio Spurs,Minnesota Timberwolves,126.0,97.0,W,L,89.0,,,27.0,83.0,,,30.0
espn_20260513_401871337,2026-05-13,22025,Detroit Pistons,Cleveland Cavaliers,113.0,117.0,L,W,95.0,,,20.0,80.0,,,38.0
espn_20260515_401871338,2026-05-15,22025,Cleveland Cavaliers,Detroit Pistons,94.0,115.0,L,W,77.0,,,30.0,82.0,,,19.0
espn_20260515_401871157,2026-05-15,22025,Minnesota Timberwolves,San Antonio Spurs,109.0,139.0,L,W,106.0,,,21.0,88.0,,,27.0
espn_20260517_401871339,2026-05-17,22025,Detroit Pistons,Cleveland Cavaliers,94.0,125.0,L,W,85.0,,,29.0,85.0,,,44.0
espn_20260518_401873197,2026-05-18,22025,Oklahoma City Thunder,San Antonio Spurs,115.0,122.0,L,W,101.0,,,19.0,96.0,,,29.0
espn_20260519_401873341,2026-05-19,22025,New York Knicks,Cleveland Cavaliers,115.0,104.0,W,L,88.0,,,32.0,90.0,,,23.0
espn_20260520_401873198,2026-05-20,22025,Oklahoma City Thunder,San Antonio Spurs,122.0,113.0,W,L,94.0,,,24.0,84.0,,,17.0
espn_20260521_401873342,2026-05-21,22025,New York Knicks,Cleveland Cavaliers,109.0,93.0,W,L,85.0,,,14.0,80.0,,,32.0
espn_20260522_401873199,2026-05-22,22025,San Antonio Spurs,Oklahoma City Thunder,108.0,123.0,L,W,80.0,,,33.0,81.0,,,33.0
espn_20260523_401873343,2026-05-23,22025,Cleveland Cavaliers,New York Knicks,108.0,121.0,L,W,84.0,,,19.0,77.0,,,27.0
espn_20260524_401873200,2026-05-24,22025,San Antonio Spurs,Oklahoma City Thunder,103.0,82.0,W,L,90.0,,,32.0,91.0,,,18.0
espn_20260525_401873344,2026-05-25,22025,Cleveland Cavaliers,New York Knicks,93.0,130.0,L,W,77.0,,,22.0,98.0,,,20.0
espn_20260526_401873201,2026-05-26,22025,Oklahoma City Thunder,San Antonio Spurs,127.0,114.0,W,L,83.0,,,38.0,92.0,,,32.0
espn_20260528_401873202,2026-05-28,22025,San Antonio Spurs,Oklahoma City Thunder,118.0,91.0,W,L,88.0,,,25.0,94.0,,,12.0
espn_20260530_401873203,2026-05-30,22025,Oklahoma City Thunder,San Antonio Spurs,103.0,111.0,L,W,83.0,,,22.0,88.0,,,19.0
espn_20260603_401859963,2026-06-03,22025,San Antonio Spurs,New York Knicks,95.0,105.0,L,W,89.0,,,25.0,94.0,,,18.0
espn_20260605_401859964,2026-06-05,22025,San Antonio Spurs,New York Knicks,104.0,105.0,L,W,78.0,,,27.0,89.0,,,21.0
espn_20260608_401859965,2026-06-08,22025,New York Knicks,San Antonio Spurs,111.0,115.0,L,W,88.0,,,22.0,84.0,,,32.0
espn_20260610_401859966,2026-06-10,22025,New York Knicks,San Antonio Spurs,107.0,106.0,W,L,78.0,,,28.0,86.0,,,20.0
espn_20260613_401859967,2026-06-13,22025,San Antonio Spurs,New York Knicks,90.0,94.0,L,W,86.0,,,19.0,87.0,,,28.0
